[
    {
        "type": "message",
        "subtype": "channel_join",
        "ts": "1628493928.000200",
        "user": "U028UDDAWAD",
        "text": "<@U028UDDAWAD> has joined the channel"
    },
    {
        "type": "message",
        "subtype": "channel_purpose",
        "ts": "1628493928.000300",
        "user": "U028UDDAWAD",
        "text": "set the channel description: A place to put questions for the tutor. We can add the answers when we get them \/ discuss if we need to ask them.",
        "purpose": "A place to put questions for the tutor. We can add the answers when we get them \/ discuss if we need to ask them."
    },
    {
        "type": "message",
        "subtype": "channel_join",
        "ts": "1628493936.000600",
        "user": "U02812J04H5",
        "text": "<@U02812J04H5> has joined the channel",
        "inviter": "U028UDDAWAD"
    },
    {
        "type": "message",
        "subtype": "channel_join",
        "ts": "1628493936.000800",
        "user": "U028FPSLFK4",
        "text": "<@U028FPSLFK4> has joined the channel",
        "inviter": "U028UDDAWAD"
    },
    {
        "type": "message",
        "subtype": "channel_join",
        "ts": "1628493936.001000",
        "user": "U028Q9GDXN3",
        "text": "<@U028Q9GDXN3> has joined the channel",
        "inviter": "U028UDDAWAD"
    },
    {
        "client_msg_id": "8c3b3a45-bdfc-4fc4-ab92-e79d365be3e3",
        "type": "message",
        "text": "*Q: Should book listings be grouped by book or should each seller have their own copy of the book?*\nThis allows for grouping of results and quick searches by the user, but introduces problems of changes to books affecting multiple listings.",
        "user": "U028UDDAWAD",
        "ts": "1628494157.003800",
        "team": "T028CNVFETF",
        "user_team": "T028CNVFETF",
        "source_team": "T028CNVFETF",
        "user_profile": {
            "avatar_hash": "gbc659f0070f",
            "image_72": "https:\/\/secure.gravatar.com\/avatar\/bc659f0070f49e4d9ea463fb700c9f95.jpg?s=72&d=https%3A%2F%2Fa.slack-edge.com%2Fdf10d%2Fimg%2Favatars%2Fava_0021-72.png",
            "first_name": "Jacob",
            "real_name": "Jacob McEwan",
            "display_name": "Jacob McEwan",
            "team": "T028CNVFETF",
            "name": "s3841062",
            "is_restricted": false,
            "is_ultra_restricted": false
        },
        "blocks": [
            {
                "type": "rich_text",
                "block_id": "93p",
                "elements": [
                    {
                        "type": "rich_text_section",
                        "elements": [
                            {
                                "type": "text",
                                "text": "Q: Should book listings be grouped by book or should each seller have their own copy of the book?",
                                "style": {
                                    "bold": true
                                }
                            },
                            {
                                "type": "text",
                                "text": "\nThis allows for grouping of results and quick searches by the user, but introduces problems of changes to books affecting multiple listings."
                            }
                        ]
                    }
                ]
            }
        ]
    },
    {
        "client_msg_id": "2e51a9fd-e0cc-4c5a-9267-4c716295dbc8",
        "type": "message",
        "text": "*Q: How should changes to books be handled?*\nShould changes be allowed by any seller, or should the require a vote \/ approval or are changes not allowed at all?",
        "user": "U028UDDAWAD",
        "ts": "1628494181.004200",
        "team": "T028CNVFETF",
        "user_team": "T028CNVFETF",
        "source_team": "T028CNVFETF",
        "user_profile": {
            "avatar_hash": "gbc659f0070f",
            "image_72": "https:\/\/secure.gravatar.com\/avatar\/bc659f0070f49e4d9ea463fb700c9f95.jpg?s=72&d=https%3A%2F%2Fa.slack-edge.com%2Fdf10d%2Fimg%2Favatars%2Fava_0021-72.png",
            "first_name": "Jacob",
            "real_name": "Jacob McEwan",
            "display_name": "Jacob McEwan",
            "team": "T028CNVFETF",
            "name": "s3841062",
            "is_restricted": false,
            "is_ultra_restricted": false
        },
        "blocks": [
            {
                "type": "rich_text",
                "block_id": "T0G",
                "elements": [
                    {
                        "type": "rich_text_section",
                        "elements": [
                            {
                                "type": "text",
                                "text": "Q: How should changes to books be handled?",
                                "style": {
                                    "bold": true
                                }
                            },
                            {
                                "type": "text",
                                "text": "\nShould changes be allowed by any seller, or should the require a vote \/ approval or are changes not allowed at all?"
                            }
                        ]
                    }
                ]
            }
        ]
    },
    {
        "client_msg_id": "bc8832e7-fd46-4e13-9a7d-52c64fd53e88",
        "type": "message",
        "text": "*Q: Can orders contain books from multiple publishers?*\nCan the user add books from multiple sellers to one order or should the be counted as separate transactions?",
        "user": "U028UDDAWAD",
        "ts": "1628494275.005400",
        "team": "T028CNVFETF",
        "user_team": "T028CNVFETF",
        "source_team": "T028CNVFETF",
        "user_profile": {
            "avatar_hash": "gbc659f0070f",
            "image_72": "https:\/\/secure.gravatar.com\/avatar\/bc659f0070f49e4d9ea463fb700c9f95.jpg?s=72&d=https%3A%2F%2Fa.slack-edge.com%2Fdf10d%2Fimg%2Favatars%2Fava_0021-72.png",
            "first_name": "Jacob",
            "real_name": "Jacob McEwan",
            "display_name": "Jacob McEwan",
            "team": "T028CNVFETF",
            "name": "s3841062",
            "is_restricted": false,
            "is_ultra_restricted": false
        },
        "blocks": [
            {
                "type": "rich_text",
                "block_id": "C7GL",
                "elements": [
                    {
                        "type": "rich_text_section",
                        "elements": [
                            {
                                "type": "text",
                                "text": "Q: Can orders contain books from multiple publishers?",
                                "style": {
                                    "bold": true
                                }
                            },
                            {
                                "type": "text",
                                "text": "\nCan the user add books from multiple sellers to one order or should the be counted as separate transactions?"
                            }
                        ]
                    }
                ]
            }
        ]
    },
    {
        "client_msg_id": "2d35b123-97d4-4e5e-b8e5-292e2d7321f5",
        "type": "message",
        "text": "*Q: Can users leave reviews on sellers, books or both?*\nShould the reviews be separate or should we assume they apply to the seller \/ book combination?",
        "user": "U028UDDAWAD",
        "ts": "1628494332.006300",
        "team": "T028CNVFETF",
        "user_team": "T028CNVFETF",
        "source_team": "T028CNVFETF",
        "user_profile": {
            "avatar_hash": "gbc659f0070f",
            "image_72": "https:\/\/secure.gravatar.com\/avatar\/bc659f0070f49e4d9ea463fb700c9f95.jpg?s=72&d=https%3A%2F%2Fa.slack-edge.com%2Fdf10d%2Fimg%2Favatars%2Fava_0021-72.png",
            "first_name": "Jacob",
            "real_name": "Jacob McEwan",
            "display_name": "Jacob McEwan",
            "team": "T028CNVFETF",
            "name": "s3841062",
            "is_restricted": false,
            "is_ultra_restricted": false
        },
        "blocks": [
            {
                "type": "rich_text",
                "block_id": "B9b",
                "elements": [
                    {
                        "type": "rich_text_section",
                        "elements": [
                            {
                                "type": "text",
                                "text": "Q: Can users leave reviews on sellers, books or both?",
                                "style": {
                                    "bold": true
                                }
                            },
                            {
                                "type": "text",
                                "text": "\nShould the reviews be separate or should we assume they apply to the seller \/ book combination?"
                            }
                        ]
                    }
                ]
            }
        ]
    },
    {
        "client_msg_id": "9495ccdc-f83c-47e8-9cdb-5a0fb8538f5f",
        "type": "message",
        "text": "Q: Should there be separate dashboards for each account type or on a single dashboard dynamically show\/hide controls depending on the account type",
        "user": "U028Q9GDXN3",
        "ts": "1628494887.007500",
        "team": "T028CNVFETF",
        "user_team": "T028CNVFETF",
        "source_team": "T028CNVFETF",
        "user_profile": {
            "avatar_hash": "a6bbad4a67bc",
            "image_72": "https:\/\/avatars.slack-edge.com\/2021-07-26\/2308025050517_a6bbad4a67bc3cebd1c6_72.png",
            "first_name": "",
            "real_name": "Jack Hollis-London",
            "display_name": "Jack Hollis-London",
            "team": "T028CNVFETF",
            "name": "s3585034",
            "is_restricted": false,
            "is_ultra_restricted": false
        },
        "blocks": [
            {
                "type": "rich_text",
                "block_id": "WAr",
                "elements": [
                    {
                        "type": "rich_text_section",
                        "elements": [
                            {
                                "type": "text",
                                "text": "Q: Should there be separate dashboards for each account type or on a single dashboard dynamically show\/hide controls depending on the account type"
                            }
                        ]
                    }
                ]
            }
        ]
    },
    {
        "client_msg_id": "efcc2265-e714-46a4-a6c8-2e3b9d98388d",
        "type": "message",
        "text": "*Q: How should we export the wireframes?*\nShould it be PDF, PNG, link to the tool? Some formats don't show the links between pages \/ user flow",
        "user": "U028UDDAWAD",
        "ts": "1628495377.008600",
        "team": "T028CNVFETF",
        "user_team": "T028CNVFETF",
        "source_team": "T028CNVFETF",
        "user_profile": {
            "avatar_hash": "gbc659f0070f",
            "image_72": "https:\/\/secure.gravatar.com\/avatar\/bc659f0070f49e4d9ea463fb700c9f95.jpg?s=72&d=https%3A%2F%2Fa.slack-edge.com%2Fdf10d%2Fimg%2Favatars%2Fava_0021-72.png",
            "first_name": "Jacob",
            "real_name": "Jacob McEwan",
            "display_name": "Jacob McEwan",
            "team": "T028CNVFETF",
            "name": "s3841062",
            "is_restricted": false,
            "is_ultra_restricted": false
        },
        "blocks": [
            {
                "type": "rich_text",
                "block_id": "z+zr",
                "elements": [
                    {
                        "type": "rich_text_section",
                        "elements": [
                            {
                                "type": "text",
                                "text": "Q: How should we export the wireframes?",
                                "style": {
                                    "bold": true
                                }
                            },
                            {
                                "type": "text",
                                "text": "\nShould it be PDF, PNG, link to the tool? Some formats don't show the links between pages \/ user flow"
                            }
                        ]
                    }
                ]
            }
        ]
    },
    {
        "client_msg_id": "bd8f2fce-952a-49d3-b73f-6bf484f04e42",
        "type": "message",
        "text": "Q: Should a user be able to have a shopping cart without being logged into bookeroo?",
        "user": "U028Q9GDXN3",
        "ts": "1628495935.009900",
        "team": "T028CNVFETF",
        "user_team": "T028CNVFETF",
        "source_team": "T028CNVFETF",
        "user_profile": {
            "avatar_hash": "a6bbad4a67bc",
            "image_72": "https:\/\/avatars.slack-edge.com\/2021-07-26\/2308025050517_a6bbad4a67bc3cebd1c6_72.png",
            "first_name": "",
            "real_name": "Jack Hollis-London",
            "display_name": "Jack Hollis-London",
            "team": "T028CNVFETF",
            "name": "s3585034",
            "is_restricted": false,
            "is_ultra_restricted": false
        },
        "blocks": [
            {
                "type": "rich_text",
                "block_id": "i5SN",
                "elements": [
                    {
                        "type": "rich_text_section",
                        "elements": [
                            {
                                "type": "text",
                                "text": "Q: Should a user be able to have a shopping cart without being logged into bookeroo?"
                            }
                        ]
                    }
                ]
            }
        ]
    },
    {
        "client_msg_id": "646c0f4f-1b5e-450e-a0b8-c370533270e3",
        "type": "message",
        "text": "Q: Should a user be able to search for books without being logged into bookeroo?",
        "user": "U028Q9GDXN3",
        "ts": "1628495966.010300",
        "team": "T028CNVFETF",
        "user_team": "T028CNVFETF",
        "source_team": "T028CNVFETF",
        "user_profile": {
            "avatar_hash": "a6bbad4a67bc",
            "image_72": "https:\/\/avatars.slack-edge.com\/2021-07-26\/2308025050517_a6bbad4a67bc3cebd1c6_72.png",
            "first_name": "",
            "real_name": "Jack Hollis-London",
            "display_name": "Jack Hollis-London",
            "team": "T028CNVFETF",
            "name": "s3585034",
            "is_restricted": false,
            "is_ultra_restricted": false
        },
        "blocks": [
            {
                "type": "rich_text",
                "block_id": "QLL",
                "elements": [
                    {
                        "type": "rich_text_section",
                        "elements": [
                            {
                                "type": "text",
                                "text": "Q: Should a user be able to search for books without being logged into bookeroo?"
                            }
                        ]
                    }
                ]
            }
        ]
    },
    {
        "client_msg_id": "32767189-606a-46a2-86d8-0d5f061b1e32",
        "type": "message",
        "text": "<https:\/\/www.figma.com\/file\/wsfoBktpT2I1WcGdkWitjB\/Material-Baseline-Design-Kit-(Community)?node-id=242%3A11301&amp;viewport=593%2C-1033%2C0.5655802488327026|https:\/\/www.figma.com\/file\/wsfoBktpT2I1WcGdkWitjB\/Material-Baseline-Design-Kit-(Com[…]?node-id=242%3A11301&amp;viewport=593%2C-1033%2C0.5655802488327026>",
        "user": "U02812J04H5",
        "ts": "1628496639.010500",
        "team": "T028CNVFETF",
        "user_team": "T028CNVFETF",
        "source_team": "T028CNVFETF",
        "user_profile": {
            "avatar_hash": "g9ff92d51e82",
            "image_72": "https:\/\/secure.gravatar.com\/avatar\/9ff92d51e820b2c762e345cf0c31cdb3.jpg?s=72&d=https%3A%2F%2Fa.slack-edge.com%2Fdf10d%2Fimg%2Favatars%2Fava_0020-72.png",
            "first_name": "",
            "real_name": "Moritz Hauptmann",
            "display_name": "Moritz Hauptmann",
            "team": "T028CNVFETF",
            "name": "s3851298",
            "is_restricted": false,
            "is_ultra_restricted": false
        },
        "attachments": [
            {
                "service_name": "Figma",
                "title": "Material Baseline Design Kit (Community)",
                "title_link": "https:\/\/www.figma.com\/file\/wsfoBktpT2I1WcGdkWitjB\/Material-Baseline-Design-Kit-(Community)?node-id=242%3A11301&viewport=593%2C-1033%2C0.5655802488327026",
                "text": "Created with Figma",
                "fallback": "Figma: Material Baseline Design Kit (Community)",
                "thumb_url": "https:\/\/www.figma.com\/file\/wsfoBktpT2I1WcGdkWitjB\/thumbnail?ver=thumbnails\/795b3b7c-41b0-4829-a671-89529dc8b4fc",
                "image_url": "https:\/\/www.figma.com\/file\/wsfoBktpT2I1WcGdkWitjB\/thumbnail?ver=thumbnails\/795b3b7c-41b0-4829-a671-89529dc8b4fc",
                "image_width": 800,
                "image_height": 450,
                "from_url": "https:\/\/www.figma.com\/file\/wsfoBktpT2I1WcGdkWitjB\/Material-Baseline-Design-Kit-(Community)?node-id=242%3A11301&viewport=593%2C-1033%2C0.5655802488327026",
                "thumb_width": 800,
                "thumb_height": 450,
                "image_bytes": 44667,
                "service_icon": "https:\/\/static.figma.com\/app\/icon\/1\/touch-76.png",
                "id": 1,
                "original_url": "https:\/\/www.figma.com\/file\/wsfoBktpT2I1WcGdkWitjB\/Material-Baseline-Design-Kit-(Community)?node-id=242%3A11301&amp;viewport=593%2C-1033%2C0.5655802488327026"
            }
        ],
        "blocks": [
            {
                "type": "rich_text",
                "block_id": "9Hy",
                "elements": [
                    {
                        "type": "rich_text_section",
                        "elements": [
                            {
                                "type": "link",
                                "url": "https:\/\/www.figma.com\/file\/wsfoBktpT2I1WcGdkWitjB\/Material-Baseline-Design-Kit-(Community)?node-id=242%3A11301&viewport=593%2C-1033%2C0.5655802488327026",
                                "text": "https:\/\/www.figma.com\/file\/wsfoBktpT2I1WcGdkWitjB\/Material-Baseline-Design-Kit-(Com[…]?node-id=242%3A11301&viewport=593%2C-1033%2C0.5655802488327026"
                            }
                        ]
                    }
                ]
            }
        ]
    },
    {
        "client_msg_id": "bd059edb-bccf-4cca-bed7-6e9a6821ead5",
        "type": "message",
        "text": "maybe we should standardize the database layout before working on the frontend",
        "user": "U028Q9GDXN3",
        "ts": "1628500052.011700",
        "team": "T028CNVFETF",
        "user_team": "T028CNVFETF",
        "source_team": "T028CNVFETF",
        "user_profile": {
            "avatar_hash": "a6bbad4a67bc",
            "image_72": "https:\/\/avatars.slack-edge.com\/2021-07-26\/2308025050517_a6bbad4a67bc3cebd1c6_72.png",
            "first_name": "",
            "real_name": "Jack Hollis-London",
            "display_name": "Jack Hollis-London",
            "team": "T028CNVFETF",
            "name": "s3585034",
            "is_restricted": false,
            "is_ultra_restricted": false
        },
        "blocks": [
            {
                "type": "rich_text",
                "block_id": "djxle",
                "elements": [
                    {
                        "type": "rich_text_section",
                        "elements": [
                            {
                                "type": "text",
                                "text": "maybe we should standardize the database layout before working on the frontend"
                            }
                        ]
                    }
                ]
            }
        ]
    },
    {
        "client_msg_id": "f680ab14-bb5b-404a-ba46-704c1a0a45af",
        "type": "message",
        "text": "<!here>",
        "user": "U028Q9GDXN3",
        "ts": "1628500063.012100",
        "team": "T028CNVFETF",
        "user_team": "T028CNVFETF",
        "source_team": "T028CNVFETF",
        "user_profile": {
            "avatar_hash": "a6bbad4a67bc",
            "image_72": "https:\/\/avatars.slack-edge.com\/2021-07-26\/2308025050517_a6bbad4a67bc3cebd1c6_72.png",
            "first_name": "",
            "real_name": "Jack Hollis-London",
            "display_name": "Jack Hollis-London",
            "team": "T028CNVFETF",
            "name": "s3585034",
            "is_restricted": false,
            "is_ultra_restricted": false
        },
        "blocks": [
            {
                "type": "rich_text",
                "block_id": "jQMW",
                "elements": [
                    {
                        "type": "rich_text_section",
                        "elements": [
                            {
                                "type": "broadcast",
                                "range": "here"
                            }
                        ]
                    }
                ]
            }
        ]
    },
    {
        "client_msg_id": "12819b00-70dc-41d5-a44c-2686c7f4a45f",
        "type": "message",
        "text": "Yeah, theres a bit of design\/architecture we need to talk about before starting.",
        "user": "U028UDDAWAD",
        "ts": "1628500089.012800",
        "team": "T028CNVFETF",
        "user_team": "T028CNVFETF",
        "source_team": "T028CNVFETF",
        "user_profile": {
            "avatar_hash": "gbc659f0070f",
            "image_72": "https:\/\/secure.gravatar.com\/avatar\/bc659f0070f49e4d9ea463fb700c9f95.jpg?s=72&d=https%3A%2F%2Fa.slack-edge.com%2Fdf10d%2Fimg%2Favatars%2Fava_0021-72.png",
            "first_name": "Jacob",
            "real_name": "Jacob McEwan",
            "display_name": "Jacob McEwan",
            "team": "T028CNVFETF",
            "name": "s3841062",
            "is_restricted": false,
            "is_ultra_restricted": false
        },
        "blocks": [
            {
                "type": "rich_text",
                "block_id": "JmC3i",
                "elements": [
                    {
                        "type": "rich_text_section",
                        "elements": [
                            {
                                "type": "text",
                                "text": "Yeah, theres a bit of design\/architecture we need to talk about before starting."
                            }
                        ]
                    }
                ]
            }
        ]
    },
    {
        "client_msg_id": "c2cfe903-347d-4962-82f3-20db4a099b61",
        "type": "message",
        "text": "do we need any user stories for form validation?",
        "user": "U02812J04H5",
        "ts": "1628500094.013000",
        "team": "T028CNVFETF",
        "user_team": "T028CNVFETF",
        "source_team": "T028CNVFETF",
        "user_profile": {
            "avatar_hash": "g9ff92d51e82",
            "image_72": "https:\/\/secure.gravatar.com\/avatar\/9ff92d51e820b2c762e345cf0c31cdb3.jpg?s=72&d=https%3A%2F%2Fa.slack-edge.com%2Fdf10d%2Fimg%2Favatars%2Fava_0020-72.png",
            "first_name": "",
            "real_name": "Moritz Hauptmann",
            "display_name": "Moritz Hauptmann",
            "team": "T028CNVFETF",
            "name": "s3851298",
            "is_restricted": false,
            "is_ultra_restricted": false
        },
        "blocks": [
            {
                "type": "rich_text",
                "block_id": "hjS0",
                "elements": [
                    {
                        "type": "rich_text_section",
                        "elements": [
                            {
                                "type": "text",
                                "text": "do we need any user stories for form validation?"
                            }
                        ]
                    }
                ]
            }
        ]
    },
    {
        "client_msg_id": "c6524512-9b11-4903-95c3-478c5ca2a393",
        "type": "message",
        "text": "I think that's covered by acceprtance criteria",
        "user": "U028UDDAWAD",
        "ts": "1628500108.013700",
        "team": "T028CNVFETF",
        "user_team": "T028CNVFETF",
        "source_team": "T028CNVFETF",
        "user_profile": {
            "avatar_hash": "gbc659f0070f",
            "image_72": "https:\/\/secure.gravatar.com\/avatar\/bc659f0070f49e4d9ea463fb700c9f95.jpg?s=72&d=https%3A%2F%2Fa.slack-edge.com%2Fdf10d%2Fimg%2Favatars%2Fava_0021-72.png",
            "first_name": "Jacob",
            "real_name": "Jacob McEwan",
            "display_name": "Jacob McEwan",
            "team": "T028CNVFETF",
            "name": "s3841062",
            "is_restricted": false,
            "is_ultra_restricted": false
        },
        "blocks": [
            {
                "type": "rich_text",
                "block_id": "3Ht\/H",
                "elements": [
                    {
                        "type": "rich_text_section",
                        "elements": [
                            {
                                "type": "text",
                                "text": "I think that's covered by acceprtance criteria"
                            }
                        ]
                    }
                ]
            }
        ]
    },
    {
        "client_msg_id": "ad47eba3-7e4d-4275-bf1f-ea1ef9b393c5",
        "type": "message",
        "text": "yeah scenarios for validation",
        "user": "U028Q9GDXN3",
        "ts": "1628500110.013800",
        "team": "T028CNVFETF",
        "user_team": "T028CNVFETF",
        "source_team": "T028CNVFETF",
        "user_profile": {
            "avatar_hash": "a6bbad4a67bc",
            "image_72": "https:\/\/avatars.slack-edge.com\/2021-07-26\/2308025050517_a6bbad4a67bc3cebd1c6_72.png",
            "first_name": "",
            "real_name": "Jack Hollis-London",
            "display_name": "Jack Hollis-London",
            "team": "T028CNVFETF",
            "name": "s3585034",
            "is_restricted": false,
            "is_ultra_restricted": false
        },
        "blocks": [
            {
                "type": "rich_text",
                "block_id": "3I8",
                "elements": [
                    {
                        "type": "rich_text_section",
                        "elements": [
                            {
                                "type": "text",
                                "text": "yeah scenarios for validation"
                            }
                        ]
                    }
                ]
            }
        ]
    },
    {
        "client_msg_id": "4d73ada7-ec4e-412b-84eb-25d078b147fe",
        "type": "message",
        "text": "ok",
        "user": "U02812J04H5",
        "ts": "1628500117.014000",
        "team": "T028CNVFETF",
        "user_team": "T028CNVFETF",
        "source_team": "T028CNVFETF",
        "user_profile": {
            "avatar_hash": "g9ff92d51e82",
            "image_72": "https:\/\/secure.gravatar.com\/avatar\/9ff92d51e820b2c762e345cf0c31cdb3.jpg?s=72&d=https%3A%2F%2Fa.slack-edge.com%2Fdf10d%2Fimg%2Favatars%2Fava_0020-72.png",
            "first_name": "",
            "real_name": "Moritz Hauptmann",
            "display_name": "Moritz Hauptmann",
            "team": "T028CNVFETF",
            "name": "s3851298",
            "is_restricted": false,
            "is_ultra_restricted": false
        },
        "blocks": [
            {
                "type": "rich_text",
                "block_id": "RzM+i",
                "elements": [
                    {
                        "type": "rich_text_section",
                        "elements": [
                            {
                                "type": "text",
                                "text": "ok"
                            }
                        ]
                    }
                ]
            }
        ]
    },
    {
        "client_msg_id": "e6c44549-5b3c-4ce3-96cd-dc92e292accd",
        "type": "message",
        "text": "but we need to know what the database wants before we start on the forms I think",
        "user": "U028Q9GDXN3",
        "ts": "1628500148.014400",
        "team": "T028CNVFETF",
        "user_team": "T028CNVFETF",
        "source_team": "T028CNVFETF",
        "user_profile": {
            "avatar_hash": "a6bbad4a67bc",
            "image_72": "https:\/\/avatars.slack-edge.com\/2021-07-26\/2308025050517_a6bbad4a67bc3cebd1c6_72.png",
            "first_name": "",
            "real_name": "Jack Hollis-London",
            "display_name": "Jack Hollis-London",
            "team": "T028CNVFETF",
            "name": "s3585034",
            "is_restricted": false,
            "is_ultra_restricted": false
        },
        "blocks": [
            {
                "type": "rich_text",
                "block_id": "+hR",
                "elements": [
                    {
                        "type": "rich_text_section",
                        "elements": [
                            {
                                "type": "text",
                                "text": "but we need to know what the database wants before we start on the forms I think"
                            }
                        ]
                    }
                ]
            }
        ]
    },
    {
        "client_msg_id": "180fdcff-be38-4b33-ad14-efa88b89876e",
        "type": "message",
        "text": "It's probably not a discussion for tonight, but deffinitely something for later in the week (considering we don't need it this week)",
        "user": "U028UDDAWAD",
        "ts": "1628500204.015300",
        "team": "T028CNVFETF",
        "user_team": "T028CNVFETF",
        "source_team": "T028CNVFETF",
        "user_profile": {
            "avatar_hash": "gbc659f0070f",
            "image_72": "https:\/\/secure.gravatar.com\/avatar\/bc659f0070f49e4d9ea463fb700c9f95.jpg?s=72&d=https%3A%2F%2Fa.slack-edge.com%2Fdf10d%2Fimg%2Favatars%2Fava_0021-72.png",
            "first_name": "Jacob",
            "real_name": "Jacob McEwan",
            "display_name": "Jacob McEwan",
            "team": "T028CNVFETF",
            "name": "s3841062",
            "is_restricted": false,
            "is_ultra_restricted": false
        },
        "blocks": [
            {
                "type": "rich_text",
                "block_id": "sLhQ",
                "elements": [
                    {
                        "type": "rich_text_section",
                        "elements": [
                            {
                                "type": "text",
                                "text": "It's probably not a discussion for tonight, but deffinitely something for later in the week (considering we don't need it this week)"
                            }
                        ]
                    }
                ]
            }
        ]
    },
    {
        "client_msg_id": "7c7b070a-c120-4fff-88e0-2b550871723d",
        "type": "message",
        "text": "Is everyone happy with the sprint 1 storeis, do we need to add more, should we take some out?",
        "user": "U028UDDAWAD",
        "ts": "1628500284.015900",
        "team": "T028CNVFETF",
        "user_team": "T028CNVFETF",
        "source_team": "T028CNVFETF",
        "user_profile": {
            "avatar_hash": "gbc659f0070f",
            "image_72": "https:\/\/secure.gravatar.com\/avatar\/bc659f0070f49e4d9ea463fb700c9f95.jpg?s=72&d=https%3A%2F%2Fa.slack-edge.com%2Fdf10d%2Fimg%2Favatars%2Fava_0021-72.png",
            "first_name": "Jacob",
            "real_name": "Jacob McEwan",
            "display_name": "Jacob McEwan",
            "team": "T028CNVFETF",
            "name": "s3841062",
            "is_restricted": false,
            "is_ultra_restricted": false
        },
        "blocks": [
            {
                "type": "rich_text",
                "block_id": "Hquoz",
                "elements": [
                    {
                        "type": "rich_text_section",
                        "elements": [
                            {
                                "type": "text",
                                "text": "Is everyone happy with the sprint 1 storeis, do we need to add more, should we take some out?"
                            }
                        ]
                    }
                ]
            }
        ]
    },
    {
        "client_msg_id": "5cfb6319-00da-4b5e-90e0-c8ab4c5d3a0b",
        "type": "message",
        "text": "maybe add a few more to make 4 groups of stories",
        "user": "U028Q9GDXN3",
        "ts": "1628500394.016300",
        "team": "T028CNVFETF",
        "user_team": "T028CNVFETF",
        "source_team": "T028CNVFETF",
        "user_profile": {
            "avatar_hash": "a6bbad4a67bc",
            "image_72": "https:\/\/avatars.slack-edge.com\/2021-07-26\/2308025050517_a6bbad4a67bc3cebd1c6_72.png",
            "first_name": "",
            "real_name": "Jack Hollis-London",
            "display_name": "Jack Hollis-London",
            "team": "T028CNVFETF",
            "name": "s3585034",
            "is_restricted": false,
            "is_ultra_restricted": false
        },
        "blocks": [
            {
                "type": "rich_text",
                "block_id": "Blj\/E",
                "elements": [
                    {
                        "type": "rich_text_section",
                        "elements": [
                            {
                                "type": "text",
                                "text": "maybe add a few more to make 4 groups of stories"
                            }
                        ]
                    }
                ]
            }
        ]
    },
    {
        "client_msg_id": "c3471230-a389-4821-80dc-872e5347656d",
        "type": "message",
        "text": "i have the feeling its a bit much..",
        "user": "U02812J04H5",
        "ts": "1628500405.016700",
        "team": "T028CNVFETF",
        "user_team": "T028CNVFETF",
        "source_team": "T028CNVFETF",
        "user_profile": {
            "avatar_hash": "g9ff92d51e82",
            "image_72": "https:\/\/secure.gravatar.com\/avatar\/9ff92d51e820b2c762e345cf0c31cdb3.jpg?s=72&d=https%3A%2F%2Fa.slack-edge.com%2Fdf10d%2Fimg%2Favatars%2Fava_0020-72.png",
            "first_name": "",
            "real_name": "Moritz Hauptmann",
            "display_name": "Moritz Hauptmann",
            "team": "T028CNVFETF",
            "name": "s3851298",
            "is_restricted": false,
            "is_ultra_restricted": false
        },
        "blocks": [
            {
                "type": "rich_text",
                "block_id": "4y7",
                "elements": [
                    {
                        "type": "rich_text_section",
                        "elements": [
                            {
                                "type": "text",
                                "text": "i have the feeling its a bit much.."
                            }
                        ]
                    }
                ]
            }
        ]
    },
    {
        "client_msg_id": "1790b294-24bb-4aa9-ad05-59e847021ef5",
        "type": "message",
        "text": "why too much",
        "user": "U028Q9GDXN3",
        "ts": "1628500446.017100",
        "team": "T028CNVFETF",
        "user_team": "T028CNVFETF",
        "source_team": "T028CNVFETF",
        "user_profile": {
            "avatar_hash": "a6bbad4a67bc",
            "image_72": "https:\/\/avatars.slack-edge.com\/2021-07-26\/2308025050517_a6bbad4a67bc3cebd1c6_72.png",
            "first_name": "",
            "real_name": "Jack Hollis-London",
            "display_name": "Jack Hollis-London",
            "team": "T028CNVFETF",
            "name": "s3585034",
            "is_restricted": false,
            "is_ultra_restricted": false
        },
        "blocks": [
            {
                "type": "rich_text",
                "block_id": "QLiU",
                "elements": [
                    {
                        "type": "rich_text_section",
                        "elements": [
                            {
                                "type": "text",
                                "text": "why too much"
                            }
                        ]
                    }
                ]
            }
        ]
    },
    {
        "client_msg_id": "5c8c6777-4c84-4ea1-8031-a7fd0204ffe3",
        "type": "message",
        "text": "Milestone 2 is due (it seems so at least based on the weeks) on the 18th of September. In that time we need 2 sprints, so thats 2.5 weeks per sprint. So 2.5 weeks to work on ~8 stories.",
        "user": "U028UDDAWAD",
        "ts": "1628500530.018200",
        "team": "T028CNVFETF",
        "user_team": "T028CNVFETF",
        "source_team": "T028CNVFETF",
        "user_profile": {
            "avatar_hash": "gbc659f0070f",
            "image_72": "https:\/\/secure.gravatar.com\/avatar\/bc659f0070f49e4d9ea463fb700c9f95.jpg?s=72&d=https%3A%2F%2Fa.slack-edge.com%2Fdf10d%2Fimg%2Favatars%2Fava_0021-72.png",
            "first_name": "Jacob",
            "real_name": "Jacob McEwan",
            "display_name": "Jacob McEwan",
            "team": "T028CNVFETF",
            "name": "s3841062",
            "is_restricted": false,
            "is_ultra_restricted": false
        },
        "blocks": [
            {
                "type": "rich_text",
                "block_id": "iVf",
                "elements": [
                    {
                        "type": "rich_text_section",
                        "elements": [
                            {
                                "type": "text",
                                "text": "Milestone 2 is due (it seems so at least based on the weeks) on the 18th of September. In that time we need 2 sprints, so thats 2.5 weeks per sprint. So 2.5 weeks to work on ~8 stories."
                            }
                        ]
                    }
                ]
            }
        ]
    },
    {
        "client_msg_id": "6b4a7b27-e3e7-44e3-8126-b333a7565a46",
        "type": "message",
        "text": "I think it's doable",
        "user": "U028UDDAWAD",
        "ts": "1628500538.018400",
        "team": "T028CNVFETF",
        "user_team": "T028CNVFETF",
        "source_team": "T028CNVFETF",
        "user_profile": {
            "avatar_hash": "gbc659f0070f",
            "image_72": "https:\/\/secure.gravatar.com\/avatar\/bc659f0070f49e4d9ea463fb700c9f95.jpg?s=72&d=https%3A%2F%2Fa.slack-edge.com%2Fdf10d%2Fimg%2Favatars%2Fava_0021-72.png",
            "first_name": "Jacob",
            "real_name": "Jacob McEwan",
            "display_name": "Jacob McEwan",
            "team": "T028CNVFETF",
            "name": "s3841062",
            "is_restricted": false,
            "is_ultra_restricted": false
        },
        "blocks": [
            {
                "type": "rich_text",
                "block_id": "j7S",
                "elements": [
                    {
                        "type": "rich_text_section",
                        "elements": [
                            {
                                "type": "text",
                                "text": "I think it's doable"
                            }
                        ]
                    }
                ]
            }
        ]
    },
    {
        "client_msg_id": "d3c622c9-673b-4e00-a835-677e7083b9be",
        "type": "message",
        "text": "We just need to remember that we don't need them to be polished, just functional in some basic level",
        "user": "U028UDDAWAD",
        "ts": "1628500557.019200",
        "team": "T028CNVFETF",
        "user_team": "T028CNVFETF",
        "source_team": "T028CNVFETF",
        "user_profile": {
            "avatar_hash": "gbc659f0070f",
            "image_72": "https:\/\/secure.gravatar.com\/avatar\/bc659f0070f49e4d9ea463fb700c9f95.jpg?s=72&d=https%3A%2F%2Fa.slack-edge.com%2Fdf10d%2Fimg%2Favatars%2Fava_0021-72.png",
            "first_name": "Jacob",
            "real_name": "Jacob McEwan",
            "display_name": "Jacob McEwan",
            "team": "T028CNVFETF",
            "name": "s3841062",
            "is_restricted": false,
            "is_ultra_restricted": false
        },
        "blocks": [
            {
                "type": "rich_text",
                "block_id": "ymZli",
                "elements": [
                    {
                        "type": "rich_text_section",
                        "elements": [
                            {
                                "type": "text",
                                "text": "We just need to remember that we don't need them to be polished, just functional in some basic level"
                            }
                        ]
                    }
                ]
            }
        ]
    },
    {
        "client_msg_id": "bf5b5a1c-fc9f-4763-8f39-91265a568c3c",
        "type": "message",
        "text": "ah okay",
        "user": "U02812J04H5",
        "ts": "1628500566.019300",
        "team": "T028CNVFETF",
        "user_team": "T028CNVFETF",
        "source_team": "T028CNVFETF",
        "user_profile": {
            "avatar_hash": "g9ff92d51e82",
            "image_72": "https:\/\/secure.gravatar.com\/avatar\/9ff92d51e820b2c762e345cf0c31cdb3.jpg?s=72&d=https%3A%2F%2Fa.slack-edge.com%2Fdf10d%2Fimg%2Favatars%2Fava_0020-72.png",
            "first_name": "",
            "real_name": "Moritz Hauptmann",
            "display_name": "Moritz Hauptmann",
            "team": "T028CNVFETF",
            "name": "s3851298",
            "is_restricted": false,
            "is_ultra_restricted": false
        },
        "blocks": [
            {
                "type": "rich_text",
                "block_id": "RPZ4X",
                "elements": [
                    {
                        "type": "rich_text_section",
                        "elements": [
                            {
                                "type": "text",
                                "text": "ah okay"
                            }
                        ]
                    }
                ]
            }
        ]
    },
    {
        "client_msg_id": "26b713a8-4641-41de-b3a3-9e4f9c4ed37b",
        "type": "message",
        "text": "ok but SEP-15 kind of doesn't make sense as a story",
        "user": "U028Q9GDXN3",
        "ts": "1628500603.020500",
        "team": "T028CNVFETF",
        "user_team": "T028CNVFETF",
        "source_team": "T028CNVFETF",
        "user_profile": {
            "avatar_hash": "a6bbad4a67bc",
            "image_72": "https:\/\/avatars.slack-edge.com\/2021-07-26\/2308025050517_a6bbad4a67bc3cebd1c6_72.png",
            "first_name": "",
            "real_name": "Jack Hollis-London",
            "display_name": "Jack Hollis-London",
            "team": "T028CNVFETF",
            "name": "s3585034",
            "is_restricted": false,
            "is_ultra_restricted": false
        },
        "blocks": [
            {
                "type": "rich_text",
                "block_id": "W0X2",
                "elements": [
                    {
                        "type": "rich_text_section",
                        "elements": [
                            {
                                "type": "text",
                                "text": "ok but SEP-15 kind of doesn't make sense as a story"
                            }
                        ]
                    }
                ]
            }
        ]
    },
    {
        "client_msg_id": "fd24d4a2-1b24-4121-a547-0c696a48bd16",
        "type": "message",
        "text": "homy was just saying that our speed of developing will increase sprint by sprint",
        "user": "U02812J04H5",
        "ts": "1628500608.020700",
        "team": "T028CNVFETF",
        "user_team": "T028CNVFETF",
        "source_team": "T028CNVFETF",
        "user_profile": {
            "avatar_hash": "g9ff92d51e82",
            "image_72": "https:\/\/secure.gravatar.com\/avatar\/9ff92d51e820b2c762e345cf0c31cdb3.jpg?s=72&d=https%3A%2F%2Fa.slack-edge.com%2Fdf10d%2Fimg%2Favatars%2Fava_0020-72.png",
            "first_name": "",
            "real_name": "Moritz Hauptmann",
            "display_name": "Moritz Hauptmann",
            "team": "T028CNVFETF",
            "name": "s3851298",
            "is_restricted": false,
            "is_ultra_restricted": false
        },
        "blocks": [
            {
                "type": "rich_text",
                "block_id": "NyT",
                "elements": [
                    {
                        "type": "rich_text_section",
                        "elements": [
                            {
                                "type": "text",
                                "text": "homy was just saying that our speed of developing will increase sprint by sprint"
                            }
                        ]
                    }
                ]
            }
        ]
    },
    {
        "client_msg_id": "d0ec6cda-d9d7-4f93-a8f9-58a6669717b7",
        "type": "message",
        "text": "how many sprints are there in total?",
        "user": "U02812J04H5",
        "ts": "1628500627.021300",
        "team": "T028CNVFETF",
        "user_team": "T028CNVFETF",
        "source_team": "T028CNVFETF",
        "user_profile": {
            "avatar_hash": "g9ff92d51e82",
            "image_72": "https:\/\/secure.gravatar.com\/avatar\/9ff92d51e820b2c762e345cf0c31cdb3.jpg?s=72&d=https%3A%2F%2Fa.slack-edge.com%2Fdf10d%2Fimg%2Favatars%2Fava_0020-72.png",
            "first_name": "",
            "real_name": "Moritz Hauptmann",
            "display_name": "Moritz Hauptmann",
            "team": "T028CNVFETF",
            "name": "s3851298",
            "is_restricted": false,
            "is_ultra_restricted": false
        },
        "blocks": [
            {
                "type": "rich_text",
                "block_id": "FRR",
                "elements": [
                    {
                        "type": "rich_text_section",
                        "elements": [
                            {
                                "type": "text",
                                "text": "how many sprints are there in total?"
                            }
                        ]
                    }
                ]
            }
        ]
    },
    {
        "client_msg_id": "57b18f45-9a1c-40d6-a2c4-9cdca379ba33",
        "type": "message",
        "text": "4",
        "user": "U02812J04H5",
        "ts": "1628500632.021500",
        "team": "T028CNVFETF",
        "user_team": "T028CNVFETF",
        "source_team": "T028CNVFETF",
        "user_profile": {
            "avatar_hash": "g9ff92d51e82",
            "image_72": "https:\/\/secure.gravatar.com\/avatar\/9ff92d51e820b2c762e345cf0c31cdb3.jpg?s=72&d=https%3A%2F%2Fa.slack-edge.com%2Fdf10d%2Fimg%2Favatars%2Fava_0020-72.png",
            "first_name": "",
            "real_name": "Moritz Hauptmann",
            "display_name": "Moritz Hauptmann",
            "team": "T028CNVFETF",
            "name": "s3851298",
            "is_restricted": false,
            "is_ultra_restricted": false
        },
        "blocks": [
            {
                "type": "rich_text",
                "block_id": "v+w",
                "elements": [
                    {
                        "type": "rich_text_section",
                        "elements": [
                            {
                                "type": "text",
                                "text": "4"
                            }
                        ]
                    }
                ]
            }
        ]
    },
    {
        "client_msg_id": "5a4e6cad-6deb-4107-bfb4-a64bb446c96d",
        "type": "message",
        "text": "?",
        "user": "U02812J04H5",
        "ts": "1628500633.021800",
        "team": "T028CNVFETF",
        "user_team": "T028CNVFETF",
        "source_team": "T028CNVFETF",
        "user_profile": {
            "avatar_hash": "g9ff92d51e82",
            "image_72": "https:\/\/secure.gravatar.com\/avatar\/9ff92d51e820b2c762e345cf0c31cdb3.jpg?s=72&d=https%3A%2F%2Fa.slack-edge.com%2Fdf10d%2Fimg%2Favatars%2Fava_0020-72.png",
            "first_name": "",
            "real_name": "Moritz Hauptmann",
            "display_name": "Moritz Hauptmann",
            "team": "T028CNVFETF",
            "name": "s3851298",
            "is_restricted": false,
            "is_ultra_restricted": false
        },
        "blocks": [
            {
                "type": "rich_text",
                "block_id": "0s89L",
                "elements": [
                    {
                        "type": "rich_text_section",
                        "elements": [
                            {
                                "type": "text",
                                "text": "?"
                            }
                        ]
                    }
                ]
            }
        ]
    },
    {
        "client_msg_id": "ec00de0e-ed92-4281-bc80-10c4c29cb059",
        "type": "message",
        "text": "Yeah, it probably will, specifically we'll end up with more stories. I think theres 3\/4",
        "user": "U028UDDAWAD",
        "ts": "1628500638.022200",
        "team": "T028CNVFETF",
        "user_team": "T028CNVFETF",
        "source_team": "T028CNVFETF",
        "user_profile": {
            "avatar_hash": "gbc659f0070f",
            "image_72": "https:\/\/secure.gravatar.com\/avatar\/bc659f0070f49e4d9ea463fb700c9f95.jpg?s=72&d=https%3A%2F%2Fa.slack-edge.com%2Fdf10d%2Fimg%2Favatars%2Fava_0021-72.png",
            "first_name": "Jacob",
            "real_name": "Jacob McEwan",
            "display_name": "Jacob McEwan",
            "team": "T028CNVFETF",
            "name": "s3841062",
            "is_restricted": false,
            "is_ultra_restricted": false
        },
        "blocks": [
            {
                "type": "rich_text",
                "block_id": "8Adg",
                "elements": [
                    {
                        "type": "rich_text_section",
                        "elements": [
                            {
                                "type": "text",
                                "text": "Yeah, it probably will, specifically we'll end up with more stories. I think theres 3\/4"
                            }
                        ]
                    }
                ]
            }
        ]
    },
    {
        "client_msg_id": "bdedc215-2813-4858-872a-7e90d7a676fd",
        "type": "message",
        "text": "Yeah, cause 2 is 1-2, 3 is 3-4 and the final interview is done at some point near the end",
        "user": "U028UDDAWAD",
        "ts": "1628500735.023000",
        "team": "T028CNVFETF",
        "user_team": "T028CNVFETF",
        "source_team": "T028CNVFETF",
        "user_profile": {
            "avatar_hash": "gbc659f0070f",
            "image_72": "https:\/\/secure.gravatar.com\/avatar\/bc659f0070f49e4d9ea463fb700c9f95.jpg?s=72&d=https%3A%2F%2Fa.slack-edge.com%2Fdf10d%2Fimg%2Favatars%2Fava_0021-72.png",
            "first_name": "Jacob",
            "real_name": "Jacob McEwan",
            "display_name": "Jacob McEwan",
            "team": "T028CNVFETF",
            "name": "s3841062",
            "is_restricted": false,
            "is_ultra_restricted": false
        },
        "edited": {
            "user": "U028UDDAWAD",
            "ts": "1628500746.000000"
        },
        "blocks": [
            {
                "type": "rich_text",
                "block_id": "UOGJ9",
                "elements": [
                    {
                        "type": "rich_text_section",
                        "elements": [
                            {
                                "type": "text",
                                "text": "Yeah, cause 2 is 1-2, 3 is 3-4 and the final interview is done at some point near the end"
                            }
                        ]
                    }
                ]
            }
        ]
    },
    {
        "client_msg_id": "43b7e5cf-d765-4c5a-9375-d11506d89a24",
        "type": "message",
        "text": "okay so should we get the admin in sprint 1 as well? So he can approve the signup request of a buisness?",
        "user": "U02812J04H5",
        "ts": "1628500866.024300",
        "team": "T028CNVFETF",
        "user_team": "T028CNVFETF",
        "source_team": "T028CNVFETF",
        "user_profile": {
            "avatar_hash": "g9ff92d51e82",
            "image_72": "https:\/\/secure.gravatar.com\/avatar\/9ff92d51e820b2c762e345cf0c31cdb3.jpg?s=72&d=https%3A%2F%2Fa.slack-edge.com%2Fdf10d%2Fimg%2Favatars%2Fava_0020-72.png",
            "first_name": "",
            "real_name": "Moritz Hauptmann",
            "display_name": "Moritz Hauptmann",
            "team": "T028CNVFETF",
            "name": "s3851298",
            "is_restricted": false,
            "is_ultra_restricted": false
        },
        "blocks": [
            {
                "type": "rich_text",
                "block_id": "W+nWa",
                "elements": [
                    {
                        "type": "rich_text_section",
                        "elements": [
                            {
                                "type": "text",
                                "text": "okay so should we get the admin in sprint 1 as well? So he can approve the signup request of a buisness?"
                            }
                        ]
                    }
                ]
            }
        ]
    },
    {
        "client_msg_id": "7f986631-f7db-43cc-9e5a-da1b7b3ebad4",
        "type": "message",
        "text": "*register",
        "user": "U02812J04H5",
        "ts": "1628500879.024600",
        "team": "T028CNVFETF",
        "user_team": "T028CNVFETF",
        "source_team": "T028CNVFETF",
        "user_profile": {
            "avatar_hash": "g9ff92d51e82",
            "image_72": "https:\/\/secure.gravatar.com\/avatar\/9ff92d51e820b2c762e345cf0c31cdb3.jpg?s=72&d=https%3A%2F%2Fa.slack-edge.com%2Fdf10d%2Fimg%2Favatars%2Fava_0020-72.png",
            "first_name": "",
            "real_name": "Moritz Hauptmann",
            "display_name": "Moritz Hauptmann",
            "team": "T028CNVFETF",
            "name": "s3851298",
            "is_restricted": false,
            "is_ultra_restricted": false
        },
        "blocks": [
            {
                "type": "rich_text",
                "block_id": "UEe9",
                "elements": [
                    {
                        "type": "rich_text_section",
                        "elements": [
                            {
                                "type": "text",
                                "text": "*register"
                            }
                        ]
                    }
                ]
            }
        ]
    },
    {
        "client_msg_id": "557efafd-fc63-4a48-a1ac-4ff438264d5a",
        "type": "message",
        "text": "Probably, will also aid in testing too",
        "user": "U028UDDAWAD",
        "ts": "1628500890.025000",
        "team": "T028CNVFETF",
        "user_team": "T028CNVFETF",
        "source_team": "T028CNVFETF",
        "user_profile": {
            "avatar_hash": "gbc659f0070f",
            "image_72": "https:\/\/secure.gravatar.com\/avatar\/bc659f0070f49e4d9ea463fb700c9f95.jpg?s=72&d=https%3A%2F%2Fa.slack-edge.com%2Fdf10d%2Fimg%2Favatars%2Fava_0021-72.png",
            "first_name": "Jacob",
            "real_name": "Jacob McEwan",
            "display_name": "Jacob McEwan",
            "team": "T028CNVFETF",
            "name": "s3841062",
            "is_restricted": false,
            "is_ultra_restricted": false
        },
        "blocks": [
            {
                "type": "rich_text",
                "block_id": "kFL",
                "elements": [
                    {
                        "type": "rich_text_section",
                        "elements": [
                            {
                                "type": "text",
                                "text": "Probably, will also aid in testing too"
                            }
                        ]
                    }
                ]
            }
        ]
    },
    {
        "client_msg_id": "6ca1a316-7a57-4655-925f-6e0291f0f07c",
        "type": "message",
        "text": "yes we will need to write lots of tests in sprint 1 probably",
        "user": "U02812J04H5",
        "ts": "1628500927.025500",
        "team": "T028CNVFETF",
        "user_team": "T028CNVFETF",
        "source_team": "T028CNVFETF",
        "user_profile": {
            "avatar_hash": "g9ff92d51e82",
            "image_72": "https:\/\/secure.gravatar.com\/avatar\/9ff92d51e820b2c762e345cf0c31cdb3.jpg?s=72&d=https%3A%2F%2Fa.slack-edge.com%2Fdf10d%2Fimg%2Favatars%2Fava_0020-72.png",
            "first_name": "",
            "real_name": "Moritz Hauptmann",
            "display_name": "Moritz Hauptmann",
            "team": "T028CNVFETF",
            "name": "s3851298",
            "is_restricted": false,
            "is_ultra_restricted": false
        },
        "blocks": [
            {
                "type": "rich_text",
                "block_id": "wUHx",
                "elements": [
                    {
                        "type": "rich_text_section",
                        "elements": [
                            {
                                "type": "text",
                                "text": "yes we will need to write lots of tests in sprint 1 probably"
                            }
                        ]
                    }
                ]
            }
        ]
    },
    {
        "client_msg_id": "4b97b2ae-d938-4e64-8bfb-6caf40d4dbc1",
        "type": "message",
        "text": "yeah I'll add the admin approve\/suspend story to the sprin",
        "user": "U028Q9GDXN3",
        "ts": "1628500960.025900",
        "team": "T028CNVFETF",
        "user_team": "T028CNVFETF",
        "source_team": "T028CNVFETF",
        "user_profile": {
            "avatar_hash": "a6bbad4a67bc",
            "image_72": "https:\/\/avatars.slack-edge.com\/2021-07-26\/2308025050517_a6bbad4a67bc3cebd1c6_72.png",
            "first_name": "",
            "real_name": "Jack Hollis-London",
            "display_name": "Jack Hollis-London",
            "team": "T028CNVFETF",
            "name": "s3585034",
            "is_restricted": false,
            "is_ultra_restricted": false
        },
        "blocks": [
            {
                "type": "rich_text",
                "block_id": "6qM5t",
                "elements": [
                    {
                        "type": "rich_text_section",
                        "elements": [
                            {
                                "type": "text",
                                "text": "yeah I'll add the admin approve\/suspend story to the sprin"
                            }
                        ]
                    }
                ]
            }
        ]
    },
    {
        "client_msg_id": "80cd7158-fec5-4cec-beb2-75adee728d83",
        "type": "message",
        "text": "maybe tomorrow we figure out the database schema?",
        "user": "U028Q9GDXN3",
        "ts": "1628500988.026300",
        "team": "T028CNVFETF",
        "user_team": "T028CNVFETF",
        "source_team": "T028CNVFETF",
        "user_profile": {
            "avatar_hash": "a6bbad4a67bc",
            "image_72": "https:\/\/avatars.slack-edge.com\/2021-07-26\/2308025050517_a6bbad4a67bc3cebd1c6_72.png",
            "first_name": "",
            "real_name": "Jack Hollis-London",
            "display_name": "Jack Hollis-London",
            "team": "T028CNVFETF",
            "name": "s3585034",
            "is_restricted": false,
            "is_ultra_restricted": false
        },
        "blocks": [
            {
                "type": "rich_text",
                "block_id": "QfP",
                "elements": [
                    {
                        "type": "rich_text_section",
                        "elements": [
                            {
                                "type": "text",
                                "text": "maybe tomorrow we figure out the database schema?"
                            }
                        ]
                    }
                ]
            }
        ]
    },
    {
        "client_msg_id": "28ac3972-c890-45fa-bfba-8121a791a24e",
        "type": "message",
        "text": "once we get the source code",
        "user": "U028Q9GDXN3",
        "ts": "1628501034.026800",
        "team": "T028CNVFETF",
        "user_team": "T028CNVFETF",
        "source_team": "T028CNVFETF",
        "user_profile": {
            "avatar_hash": "a6bbad4a67bc",
            "image_72": "https:\/\/avatars.slack-edge.com\/2021-07-26\/2308025050517_a6bbad4a67bc3cebd1c6_72.png",
            "first_name": "",
            "real_name": "Jack Hollis-London",
            "display_name": "Jack Hollis-London",
            "team": "T028CNVFETF",
            "name": "s3585034",
            "is_restricted": false,
            "is_ultra_restricted": false
        },
        "blocks": [
            {
                "type": "rich_text",
                "block_id": "sLw",
                "elements": [
                    {
                        "type": "rich_text_section",
                        "elements": [
                            {
                                "type": "text",
                                "text": "once we get the source code"
                            }
                        ]
                    }
                ]
            }
        ]
    },
    {
        "client_msg_id": "7869af9b-9dd0-46b5-815d-4b162aa83140",
        "type": "message",
        "text": "hopefully it has some sql already",
        "user": "U028Q9GDXN3",
        "ts": "1628501044.027100",
        "team": "T028CNVFETF",
        "user_team": "T028CNVFETF",
        "source_team": "T028CNVFETF",
        "user_profile": {
            "avatar_hash": "a6bbad4a67bc",
            "image_72": "https:\/\/avatars.slack-edge.com\/2021-07-26\/2308025050517_a6bbad4a67bc3cebd1c6_72.png",
            "first_name": "",
            "real_name": "Jack Hollis-London",
            "display_name": "Jack Hollis-London",
            "team": "T028CNVFETF",
            "name": "s3585034",
            "is_restricted": false,
            "is_ultra_restricted": false
        },
        "blocks": [
            {
                "type": "rich_text",
                "block_id": "PEe",
                "elements": [
                    {
                        "type": "rich_text_section",
                        "elements": [
                            {
                                "type": "text",
                                "text": "hopefully it has some sql already"
                            }
                        ]
                    }
                ]
            }
        ]
    }
]