[
    {
        "client_msg_id": "c9fff66b-08eb-437f-88ac-2ae31c22f59f",
        "type": "message",
        "text": "@everyone also lets add a refactoring for populating the development and main databases with proper data (including admin user) it should be run once, not everytime on microservice startup. Perhaps an endpoint an admin can call on each of the microservices",
        "user": "U028Q9GDXN3",
        "ts": "1634844066.000500",
        "team": "T028CNVFETF",
        "user_team": "T028CNVFETF",
        "source_team": "T028CNVFETF",
        "user_profile": {
            "avatar_hash": "a6bbad4a67bc",
            "image_72": "https:\/\/avatars.slack-edge.com\/2021-07-26\/2308025050517_a6bbad4a67bc3cebd1c6_72.png",
            "first_name": "",
            "real_name": "Jack Hollis-London",
            "display_name": "Jack Hollis-London",
            "team": "T028CNVFETF",
            "name": "s3585034",
            "is_restricted": false,
            "is_ultra_restricted": false
        },
        "blocks": [
            {
                "type": "rich_text",
                "block_id": "Sdr9",
                "elements": [
                    {
                        "type": "rich_text_section",
                        "elements": [
                            {
                                "type": "text",
                                "text": "@everyone also lets add a refactoring for populating the development and main databases with proper data (including admin user) it should be run once, not everytime on microservice startup. Perhaps an endpoint an admin can call on each of the microservices"
                            }
                        ]
                    }
                ]
            }
        ],
        "thread_ts": "1634620209.042800",
        "parent_user_id": "U02812J04H5"
    },
    {
        "client_msg_id": "f427dc23-dad3-4d0c-b311-14005aab6c86",
        "type": "message",
        "text": "we can manually add admin authority to any user through the AWS RDS database to make someone admin anyway",
        "user": "U028Q9GDXN3",
        "ts": "1634844121.000700",
        "team": "T028CNVFETF",
        "user_team": "T028CNVFETF",
        "source_team": "T028CNVFETF",
        "user_profile": {
            "avatar_hash": "a6bbad4a67bc",
            "image_72": "https:\/\/avatars.slack-edge.com\/2021-07-26\/2308025050517_a6bbad4a67bc3cebd1c6_72.png",
            "first_name": "",
            "real_name": "Jack Hollis-London",
            "display_name": "Jack Hollis-London",
            "team": "T028CNVFETF",
            "name": "s3585034",
            "is_restricted": false,
            "is_ultra_restricted": false
        },
        "blocks": [
            {
                "type": "rich_text",
                "block_id": "nY\/",
                "elements": [
                    {
                        "type": "rich_text_section",
                        "elements": [
                            {
                                "type": "text",
                                "text": "we can manually add admin authority to any user through the AWS RDS database to make someone admin anyway"
                            }
                        ]
                    }
                ]
            }
        ],
        "thread_ts": "1634620209.042800",
        "parent_user_id": "U02812J04H5"
    },
    {
        "client_msg_id": "ad4e873c-2891-4dc7-ab3c-8d928dcaf6c2",
        "type": "message",
        "text": "the menu bar seems to be displaying the correct menu items, i will pick another task ...",
        "user": "U028FPSLFK4",
        "ts": "1634880813.003300",
        "team": "T028CNVFETF",
        "user_team": "T028CNVFETF",
        "source_team": "T028CNVFETF",
        "user_profile": {
            "avatar_hash": "g92faf8c7cb1",
            "image_72": "https:\/\/secure.gravatar.com\/avatar\/92faf8c7cb15b0d6ca7ed71eeba8f20b.jpg?s=72&d=https%3A%2F%2Fa.slack-edge.com%2Fdf10d%2Fimg%2Favatars%2Fava_0022-72.png",
            "first_name": "",
            "real_name": "Ming Dong",
            "display_name": "Ming Dong",
            "team": "T028CNVFETF",
            "name": "s3843573",
            "is_restricted": false,
            "is_ultra_restricted": false
        },
        "blocks": [
            {
                "type": "rich_text",
                "block_id": "CzvY8",
                "elements": [
                    {
                        "type": "rich_text_section",
                        "elements": [
                            {
                                "type": "text",
                                "text": "the menu bar seems to be displaying the correct menu items, i will pick another task ..."
                            }
                        ]
                    }
                ]
            }
        ],
        "thread_ts": "1634880813.003300",
        "reply_count": 24,
        "reply_users_count": 2,
        "latest_reply": "1634884961.008200",
        "reply_users": [
            "U028Q9GDXN3",
            "U028FPSLFK4"
        ],
        "replies": [
            {
                "user": "U028Q9GDXN3",
                "ts": "1634880840.003400"
            },
            {
                "user": "U028FPSLFK4",
                "ts": "1634880857.003800"
            },
            {
                "user": "U028Q9GDXN3",
                "ts": "1634880879.004000"
            },
            {
                "user": "U028FPSLFK4",
                "ts": "1634880927.004200"
            },
            {
                "user": "U028FPSLFK4",
                "ts": "1634880934.004400"
            },
            {
                "user": "U028Q9GDXN3",
                "ts": "1634880958.004600"
            },
            {
                "user": "U028FPSLFK4",
                "ts": "1634881020.004800"
            },
            {
                "user": "U028Q9GDXN3",
                "ts": "1634881285.005000"
            },
            {
                "user": "U028Q9GDXN3",
                "ts": "1634881290.005200"
            },
            {
                "user": "U028FPSLFK4",
                "ts": "1634881298.005400"
            },
            {
                "user": "U028Q9GDXN3",
                "ts": "1634881315.005600"
            },
            {
                "user": "U028Q9GDXN3",
                "ts": "1634881318.005800"
            },
            {
                "user": "U028FPSLFK4",
                "ts": "1634881530.006000"
            },
            {
                "user": "U028Q9GDXN3",
                "ts": "1634881546.006200"
            },
            {
                "user": "U028Q9GDXN3",
                "ts": "1634881554.006400"
            },
            {
                "user": "U028Q9GDXN3",
                "ts": "1634881559.006600"
            },
            {
                "user": "U028Q9GDXN3",
                "ts": "1634881568.006800"
            },
            {
                "user": "U028Q9GDXN3",
                "ts": "1634881587.007000"
            },
            {
                "user": "U028FPSLFK4",
                "ts": "1634881602.007200"
            },
            {
                "user": "U028Q9GDXN3",
                "ts": "1634881637.007400"
            },
            {
                "user": "U028FPSLFK4",
                "ts": "1634881746.007600"
            },
            {
                "user": "U028Q9GDXN3",
                "ts": "1634884913.007800"
            },
            {
                "user": "U028FPSLFK4",
                "ts": "1634884940.008000"
            },
            {
                "user": "U028FPSLFK4",
                "ts": "1634884961.008200"
            }
        ],
        "is_locked": false,
        "subscribed": false
    },
    {
        "client_msg_id": "0b21186e-b27e-4b01-9c80-fd73398fbc46",
        "type": "message",
        "text": "is there a button for \"new book\" route?",
        "user": "U028Q9GDXN3",
        "ts": "1634880840.003400",
        "team": "T028CNVFETF",
        "user_team": "T028CNVFETF",
        "source_team": "T028CNVFETF",
        "user_profile": {
            "avatar_hash": "a6bbad4a67bc",
            "image_72": "https:\/\/avatars.slack-edge.com\/2021-07-26\/2308025050517_a6bbad4a67bc3cebd1c6_72.png",
            "first_name": "",
            "real_name": "Jack Hollis-London",
            "display_name": "Jack Hollis-London",
            "team": "T028CNVFETF",
            "name": "s3585034",
            "is_restricted": false,
            "is_ultra_restricted": false
        },
        "edited": {
            "user": "U028Q9GDXN3",
            "ts": "1634880848.000000"
        },
        "blocks": [
            {
                "type": "rich_text",
                "block_id": "JlriD",
                "elements": [
                    {
                        "type": "rich_text_section",
                        "elements": [
                            {
                                "type": "text",
                                "text": "is there a button for \"new book\" route?"
                            }
                        ]
                    }
                ]
            }
        ],
        "thread_ts": "1634880813.003300",
        "parent_user_id": "U028FPSLFK4"
    },
    {
        "client_msg_id": "f43ea877-470f-4327-863e-bfe04fb376af",
        "type": "message",
        "text": "put it on the nav bar?",
        "user": "U028FPSLFK4",
        "ts": "1634880857.003800",
        "team": "T028CNVFETF",
        "user_team": "T028CNVFETF",
        "source_team": "T028CNVFETF",
        "user_profile": {
            "avatar_hash": "g92faf8c7cb1",
            "image_72": "https:\/\/secure.gravatar.com\/avatar\/92faf8c7cb15b0d6ca7ed71eeba8f20b.jpg?s=72&d=https%3A%2F%2Fa.slack-edge.com%2Fdf10d%2Fimg%2Favatars%2Fava_0022-72.png",
            "first_name": "",
            "real_name": "Ming Dong",
            "display_name": "Ming Dong",
            "team": "T028CNVFETF",
            "name": "s3843573",
            "is_restricted": false,
            "is_ultra_restricted": false
        },
        "blocks": [
            {
                "type": "rich_text",
                "block_id": "DwDg",
                "elements": [
                    {
                        "type": "rich_text_section",
                        "elements": [
                            {
                                "type": "text",
                                "text": "put it on the nav bar?"
                            }
                        ]
                    }
                ]
            }
        ],
        "thread_ts": "1634880813.003300",
        "parent_user_id": "U028FPSLFK4"
    },
    {
        "client_msg_id": "fca1654d-c422-4784-a2b9-50d742a6792e",
        "type": "message",
        "text": "would there be a better place to put it?",
        "user": "U028Q9GDXN3",
        "ts": "1634880879.004000",
        "team": "T028CNVFETF",
        "user_team": "T028CNVFETF",
        "source_team": "T028CNVFETF",
        "user_profile": {
            "avatar_hash": "a6bbad4a67bc",
            "image_72": "https:\/\/avatars.slack-edge.com\/2021-07-26\/2308025050517_a6bbad4a67bc3cebd1c6_72.png",
            "first_name": "",
            "real_name": "Jack Hollis-London",
            "display_name": "Jack Hollis-London",
            "team": "T028CNVFETF",
            "name": "s3585034",
            "is_restricted": false,
            "is_ultra_restricted": false
        },
        "blocks": [
            {
                "type": "rich_text",
                "block_id": "MHSG",
                "elements": [
                    {
                        "type": "rich_text_section",
                        "elements": [
                            {
                                "type": "text",
                                "text": "would there be a better place to put it?"
                            }
                        ]
                    }
                ]
            }
        ],
        "thread_ts": "1634880813.003300",
        "parent_user_id": "U028FPSLFK4"
    },
    {
        "client_msg_id": "d1218df4-e9ad-49f8-99ed-7aa01e5fb77b",
        "type": "message",
        "text": "maybe put it within the book page?",
        "user": "U028FPSLFK4",
        "ts": "1634880927.004200",
        "team": "T028CNVFETF",
        "user_team": "T028CNVFETF",
        "source_team": "T028CNVFETF",
        "user_profile": {
            "avatar_hash": "g92faf8c7cb1",
            "image_72": "https:\/\/secure.gravatar.com\/avatar\/92faf8c7cb15b0d6ca7ed71eeba8f20b.jpg?s=72&d=https%3A%2F%2Fa.slack-edge.com%2Fdf10d%2Fimg%2Favatars%2Fava_0022-72.png",
            "first_name": "",
            "real_name": "Ming Dong",
            "display_name": "Ming Dong",
            "team": "T028CNVFETF",
            "name": "s3843573",
            "is_restricted": false,
            "is_ultra_restricted": false
        },
        "blocks": [
            {
                "type": "rich_text",
                "block_id": "UIQ",
                "elements": [
                    {
                        "type": "rich_text_section",
                        "elements": [
                            {
                                "type": "text",
                                "text": "maybe put it within the book page?"
                            }
                        ]
                    }
                ]
            }
        ],
        "thread_ts": "1634880813.003300",
        "parent_user_id": "U028FPSLFK4"
    },
    {
        "client_msg_id": "f043db46-a11c-4490-b8a5-400778c96e76",
        "type": "message",
        "text": "view all books one",
        "user": "U028FPSLFK4",
        "ts": "1634880934.004400",
        "team": "T028CNVFETF",
        "user_team": "T028CNVFETF",
        "source_team": "T028CNVFETF",
        "user_profile": {
            "avatar_hash": "g92faf8c7cb1",
            "image_72": "https:\/\/secure.gravatar.com\/avatar\/92faf8c7cb15b0d6ca7ed71eeba8f20b.jpg?s=72&d=https%3A%2F%2Fa.slack-edge.com%2Fdf10d%2Fimg%2Favatars%2Fava_0022-72.png",
            "first_name": "",
            "real_name": "Ming Dong",
            "display_name": "Ming Dong",
            "team": "T028CNVFETF",
            "name": "s3843573",
            "is_restricted": false,
            "is_ultra_restricted": false
        },
        "blocks": [
            {
                "type": "rich_text",
                "block_id": "YUFA",
                "elements": [
                    {
                        "type": "rich_text_section",
                        "elements": [
                            {
                                "type": "text",
                                "text": "view all books one"
                            }
                        ]
                    }
                ]
            }
        ],
        "thread_ts": "1634880813.003300",
        "parent_user_id": "U028FPSLFK4"
    },
    {
        "client_msg_id": "c9646f07-f265-4b97-8dad-824e56b85059",
        "type": "message",
        "text": "alright I'll add it to my branch",
        "user": "U028Q9GDXN3",
        "ts": "1634880958.004600",
        "team": "T028CNVFETF",
        "user_team": "T028CNVFETF",
        "source_team": "T028CNVFETF",
        "user_profile": {
            "avatar_hash": "a6bbad4a67bc",
            "image_72": "https:\/\/avatars.slack-edge.com\/2021-07-26\/2308025050517_a6bbad4a67bc3cebd1c6_72.png",
            "first_name": "",
            "real_name": "Jack Hollis-London",
            "display_name": "Jack Hollis-London",
            "team": "T028CNVFETF",
            "name": "s3585034",
            "is_restricted": false,
            "is_ultra_restricted": false
        },
        "blocks": [
            {
                "type": "rich_text",
                "block_id": "lQV\/z",
                "elements": [
                    {
                        "type": "rich_text_section",
                        "elements": [
                            {
                                "type": "text",
                                "text": "alright I'll add it to my branch"
                            }
                        ]
                    }
                ]
            }
        ],
        "thread_ts": "1634880813.003300",
        "parent_user_id": "U028FPSLFK4"
    },
    {
        "client_msg_id": "55d4ac04-fcdb-486c-aa84-6a9071866490",
        "type": "message",
        "text": ":thumbsup: , i will give a shot for creating axios instance",
        "user": "U028FPSLFK4",
        "ts": "1634881020.004800",
        "team": "T028CNVFETF",
        "user_team": "T028CNVFETF",
        "source_team": "T028CNVFETF",
        "user_profile": {
            "avatar_hash": "g92faf8c7cb1",
            "image_72": "https:\/\/secure.gravatar.com\/avatar\/92faf8c7cb15b0d6ca7ed71eeba8f20b.jpg?s=72&d=https%3A%2F%2Fa.slack-edge.com%2Fdf10d%2Fimg%2Favatars%2Fava_0022-72.png",
            "first_name": "",
            "real_name": "Ming Dong",
            "display_name": "Ming Dong",
            "team": "T028CNVFETF",
            "name": "s3843573",
            "is_restricted": false,
            "is_ultra_restricted": false
        },
        "blocks": [
            {
                "type": "rich_text",
                "block_id": "mL2",
                "elements": [
                    {
                        "type": "rich_text_section",
                        "elements": [
                            {
                                "type": "emoji",
                                "name": "thumbsup"
                            },
                            {
                                "type": "text",
                                "text": " , i will give a shot for creating axios instance"
                            }
                        ]
                    }
                ]
            }
        ],
        "thread_ts": "1634880813.003300",
        "parent_user_id": "U028FPSLFK4"
    },
    {
        "client_msg_id": "d53ed6b7-da10-43b8-8c28-42b7de89a0f9",
        "type": "message",
        "text": "wait",
        "user": "U028Q9GDXN3",
        "ts": "1634881285.005000",
        "team": "T028CNVFETF",
        "user_team": "T028CNVFETF",
        "source_team": "T028CNVFETF",
        "user_profile": {
            "avatar_hash": "a6bbad4a67bc",
            "image_72": "https:\/\/avatars.slack-edge.com\/2021-07-26\/2308025050517_a6bbad4a67bc3cebd1c6_72.png",
            "first_name": "",
            "real_name": "Jack Hollis-London",
            "display_name": "Jack Hollis-London",
            "team": "T028CNVFETF",
            "name": "s3585034",
            "is_restricted": false,
            "is_ultra_restricted": false
        },
        "blocks": [
            {
                "type": "rich_text",
                "block_id": "dRI4",
                "elements": [
                    {
                        "type": "rich_text_section",
                        "elements": [
                            {
                                "type": "text",
                                "text": "wait"
                            }
                        ]
                    }
                ]
            }
        ],
        "thread_ts": "1634880813.003300",
        "parent_user_id": "U028FPSLFK4"
    },
    {
        "client_msg_id": "ecea8117-b7cf-4eda-aebc-71185d7d0b54",
        "type": "message",
        "text": "what about creating test data",
        "user": "U028Q9GDXN3",
        "ts": "1634881290.005200",
        "team": "T028CNVFETF",
        "user_team": "T028CNVFETF",
        "source_team": "T028CNVFETF",
        "user_profile": {
            "avatar_hash": "a6bbad4a67bc",
            "image_72": "https:\/\/avatars.slack-edge.com\/2021-07-26\/2308025050517_a6bbad4a67bc3cebd1c6_72.png",
            "first_name": "",
            "real_name": "Jack Hollis-London",
            "display_name": "Jack Hollis-London",
            "team": "T028CNVFETF",
            "name": "s3585034",
            "is_restricted": false,
            "is_ultra_restricted": false
        },
        "blocks": [
            {
                "type": "rich_text",
                "block_id": "itD7",
                "elements": [
                    {
                        "type": "rich_text_section",
                        "elements": [
                            {
                                "type": "text",
                                "text": "what about creating test data"
                            }
                        ]
                    }
                ]
            }
        ],
        "thread_ts": "1634880813.003300",
        "parent_user_id": "U028FPSLFK4"
    },
    {
        "client_msg_id": "715f78e9-beac-4828-9f70-d925bba75c5b",
        "type": "message",
        "text": "for books?",
        "user": "U028FPSLFK4",
        "ts": "1634881298.005400",
        "team": "T028CNVFETF",
        "user_team": "T028CNVFETF",
        "source_team": "T028CNVFETF",
        "user_profile": {
            "avatar_hash": "g92faf8c7cb1",
            "image_72": "https:\/\/secure.gravatar.com\/avatar\/92faf8c7cb15b0d6ca7ed71eeba8f20b.jpg?s=72&d=https%3A%2F%2Fa.slack-edge.com%2Fdf10d%2Fimg%2Favatars%2Fava_0022-72.png",
            "first_name": "",
            "real_name": "Ming Dong",
            "display_name": "Ming Dong",
            "team": "T028CNVFETF",
            "name": "s3843573",
            "is_restricted": false,
            "is_ultra_restricted": false
        },
        "blocks": [
            {
                "type": "rich_text",
                "block_id": "a2O",
                "elements": [
                    {
                        "type": "rich_text_section",
                        "elements": [
                            {
                                "type": "text",
                                "text": "for books?"
                            }
                        ]
                    }
                ]
            }
        ],
        "thread_ts": "1634880813.003300",
        "parent_user_id": "U028FPSLFK4"
    },
    {
        "client_msg_id": "e588f4e3-8f40-42bb-9be5-c157c1ed2366",
        "type": "message",
        "text": "add a refactoring for populating the development and main databases with proper data (including admin user) it should be run once, not everytime on microservice startup. Perhaps an endpoint an admin can call on each of the microservices",
        "user": "U028Q9GDXN3",
        "ts": "1634881315.005600",
        "team": "T028CNVFETF",
        "user_team": "T028CNVFETF",
        "source_team": "T028CNVFETF",
        "user_profile": {
            "avatar_hash": "a6bbad4a67bc",
            "image_72": "https:\/\/avatars.slack-edge.com\/2021-07-26\/2308025050517_a6bbad4a67bc3cebd1c6_72.png",
            "first_name": "",
            "real_name": "Jack Hollis-London",
            "display_name": "Jack Hollis-London",
            "team": "T028CNVFETF",
            "name": "s3585034",
            "is_restricted": false,
            "is_ultra_restricted": false
        },
        "blocks": [
            {
                "type": "rich_text",
                "block_id": "fyllS",
                "elements": [
                    {
                        "type": "rich_text_section",
                        "elements": [
                            {
                                "type": "text",
                                "text": "add a refactoring for populating the development and main databases with proper data (including admin user) it should be run once, not everytime on microservice startup. Perhaps an endpoint an admin can call on each of the microservices"
                            }
                        ]
                    }
                ]
            }
        ],
        "thread_ts": "1634880813.003300",
        "parent_user_id": "U028FPSLFK4"
    },
    {
        "client_msg_id": "daaa6ad7-3914-456a-9cfe-3d83fda46e34",
        "type": "message",
        "text": "for everything",
        "user": "U028Q9GDXN3",
        "ts": "1634881318.005800",
        "team": "T028CNVFETF",
        "user_team": "T028CNVFETF",
        "source_team": "T028CNVFETF",
        "user_profile": {
            "avatar_hash": "a6bbad4a67bc",
            "image_72": "https:\/\/avatars.slack-edge.com\/2021-07-26\/2308025050517_a6bbad4a67bc3cebd1c6_72.png",
            "first_name": "",
            "real_name": "Jack Hollis-London",
            "display_name": "Jack Hollis-London",
            "team": "T028CNVFETF",
            "name": "s3585034",
            "is_restricted": false,
            "is_ultra_restricted": false
        },
        "blocks": [
            {
                "type": "rich_text",
                "block_id": "4mGFT",
                "elements": [
                    {
                        "type": "rich_text_section",
                        "elements": [
                            {
                                "type": "text",
                                "text": "for everything"
                            }
                        ]
                    }
                ]
            }
        ],
        "thread_ts": "1634880813.003300",
        "parent_user_id": "U028FPSLFK4"
    },
    {
        "client_msg_id": "8d968bb2-b81a-4004-b51a-07505c5961f2",
        "type": "message",
        "text": "dont you have a database set up for aws",
        "user": "U028FPSLFK4",
        "ts": "1634881530.006000",
        "team": "T028CNVFETF",
        "user_team": "T028CNVFETF",
        "source_team": "T028CNVFETF",
        "user_profile": {
            "avatar_hash": "g92faf8c7cb1",
            "image_72": "https:\/\/secure.gravatar.com\/avatar\/92faf8c7cb15b0d6ca7ed71eeba8f20b.jpg?s=72&d=https%3A%2F%2Fa.slack-edge.com%2Fdf10d%2Fimg%2Favatars%2Fava_0022-72.png",
            "first_name": "",
            "real_name": "Ming Dong",
            "display_name": "Ming Dong",
            "team": "T028CNVFETF",
            "name": "s3843573",
            "is_restricted": false,
            "is_ultra_restricted": false
        },
        "blocks": [
            {
                "type": "rich_text",
                "block_id": "JUfqK",
                "elements": [
                    {
                        "type": "rich_text_section",
                        "elements": [
                            {
                                "type": "text",
                                "text": "dont you have a database set up for aws"
                            }
                        ]
                    }
                ]
            }
        ],
        "thread_ts": "1634880813.003300",
        "parent_user_id": "U028FPSLFK4"
    },
    {
        "client_msg_id": "36a36a53-7051-4e31-968a-29e6fbd62905",
        "type": "message",
        "text": "yeah the URL is",
        "user": "U028Q9GDXN3",
        "ts": "1634881546.006200",
        "team": "T028CNVFETF",
        "user_team": "T028CNVFETF",
        "source_team": "T028CNVFETF",
        "user_profile": {
            "avatar_hash": "a6bbad4a67bc",
            "image_72": "https:\/\/avatars.slack-edge.com\/2021-07-26\/2308025050517_a6bbad4a67bc3cebd1c6_72.png",
            "first_name": "",
            "real_name": "Jack Hollis-London",
            "display_name": "Jack Hollis-London",
            "team": "T028CNVFETF",
            "name": "s3585034",
            "is_restricted": false,
            "is_ultra_restricted": false
        },
        "blocks": [
            {
                "type": "rich_text",
                "block_id": "9xz",
                "elements": [
                    {
                        "type": "rich_text_section",
                        "elements": [
                            {
                                "type": "text",
                                "text": "yeah the URL is"
                            }
                        ]
                    }
                ]
            }
        ],
        "thread_ts": "1634880813.003300",
        "parent_user_id": "U028FPSLFK4"
    },
    {
        "client_msg_id": "e44f8a26-e65b-42dd-b750-d153a8b04789",
        "type": "message",
        "text": "in the config",
        "user": "U028Q9GDXN3",
        "ts": "1634881554.006400",
        "team": "T028CNVFETF",
        "user_team": "T028CNVFETF",
        "source_team": "T028CNVFETF",
        "user_profile": {
            "avatar_hash": "a6bbad4a67bc",
            "image_72": "https:\/\/avatars.slack-edge.com\/2021-07-26\/2308025050517_a6bbad4a67bc3cebd1c6_72.png",
            "first_name": "",
            "real_name": "Jack Hollis-London",
            "display_name": "Jack Hollis-London",
            "team": "T028CNVFETF",
            "name": "s3585034",
            "is_restricted": false,
            "is_ultra_restricted": false
        },
        "blocks": [
            {
                "type": "rich_text",
                "block_id": "WdTy",
                "elements": [
                    {
                        "type": "rich_text_section",
                        "elements": [
                            {
                                "type": "text",
                                "text": "in the config"
                            }
                        ]
                    }
                ]
            }
        ],
        "thread_ts": "1634880813.003300",
        "parent_user_id": "U028FPSLFK4"
    },
    {
        "client_msg_id": "935eb4eb-8fa7-4ce7-a4b0-e8316052b08b",
        "type": "message",
        "text": "on AWS",
        "user": "U028Q9GDXN3",
        "ts": "1634881559.006600",
        "team": "T028CNVFETF",
        "user_team": "T028CNVFETF",
        "source_team": "T028CNVFETF",
        "user_profile": {
            "avatar_hash": "a6bbad4a67bc",
            "image_72": "https:\/\/avatars.slack-edge.com\/2021-07-26\/2308025050517_a6bbad4a67bc3cebd1c6_72.png",
            "first_name": "",
            "real_name": "Jack Hollis-London",
            "display_name": "Jack Hollis-London",
            "team": "T028CNVFETF",
            "name": "s3585034",
            "is_restricted": false,
            "is_ultra_restricted": false
        },
        "blocks": [
            {
                "type": "rich_text",
                "block_id": "N9=o",
                "elements": [
                    {
                        "type": "rich_text_section",
                        "elements": [
                            {
                                "type": "text",
                                "text": "on AWS"
                            }
                        ]
                    }
                ]
            }
        ],
        "thread_ts": "1634880813.003300",
        "parent_user_id": "U028FPSLFK4"
    },
    {
        "client_msg_id": "36e40414-b6b5-42eb-8b1a-33eff871f44a",
        "type": "message",
        "text": "do you want the endpoint?",
        "user": "U028Q9GDXN3",
        "ts": "1634881568.006800",
        "team": "T028CNVFETF",
        "user_team": "T028CNVFETF",
        "source_team": "T028CNVFETF",
        "user_profile": {
            "avatar_hash": "a6bbad4a67bc",
            "image_72": "https:\/\/avatars.slack-edge.com\/2021-07-26\/2308025050517_a6bbad4a67bc3cebd1c6_72.png",
            "first_name": "",
            "real_name": "Jack Hollis-London",
            "display_name": "Jack Hollis-London",
            "team": "T028CNVFETF",
            "name": "s3585034",
            "is_restricted": false,
            "is_ultra_restricted": false
        },
        "blocks": [
            {
                "type": "rich_text",
                "block_id": "9i=Zv",
                "elements": [
                    {
                        "type": "rich_text_section",
                        "elements": [
                            {
                                "type": "text",
                                "text": "do you want the endpoint?"
                            }
                        ]
                    }
                ]
            }
        ],
        "thread_ts": "1634880813.003300",
        "parent_user_id": "U028FPSLFK4"
    },
    {
        "client_msg_id": "4e6b1e6d-35df-4ec4-87b4-7bc5f3e68299",
        "type": "message",
        "text": "it should function the same as h2 so it shouldn't be important",
        "user": "U028Q9GDXN3",
        "ts": "1634881587.007000",
        "team": "T028CNVFETF",
        "user_team": "T028CNVFETF",
        "source_team": "T028CNVFETF",
        "user_profile": {
            "avatar_hash": "a6bbad4a67bc",
            "image_72": "https:\/\/avatars.slack-edge.com\/2021-07-26\/2308025050517_a6bbad4a67bc3cebd1c6_72.png",
            "first_name": "",
            "real_name": "Jack Hollis-London",
            "display_name": "Jack Hollis-London",
            "team": "T028CNVFETF",
            "name": "s3585034",
            "is_restricted": false,
            "is_ultra_restricted": false
        },
        "blocks": [
            {
                "type": "rich_text",
                "block_id": "+Y4",
                "elements": [
                    {
                        "type": "rich_text_section",
                        "elements": [
                            {
                                "type": "text",
                                "text": "it should function the same as h2 so it shouldn't be important"
                            }
                        ]
                    }
                ]
            }
        ],
        "thread_ts": "1634880813.003300",
        "parent_user_id": "U028FPSLFK4"
    },
    {
        "client_msg_id": "4722a61f-77a0-4537-9937-d8b43836fb5d",
        "type": "message",
        "text": "so what testing you were talk about then",
        "user": "U028FPSLFK4",
        "ts": "1634881602.007200",
        "team": "T028CNVFETF",
        "user_team": "T028CNVFETF",
        "source_team": "T028CNVFETF",
        "user_profile": {
            "avatar_hash": "g92faf8c7cb1",
            "image_72": "https:\/\/secure.gravatar.com\/avatar\/92faf8c7cb15b0d6ca7ed71eeba8f20b.jpg?s=72&d=https%3A%2F%2Fa.slack-edge.com%2Fdf10d%2Fimg%2Favatars%2Fava_0022-72.png",
            "first_name": "",
            "real_name": "Ming Dong",
            "display_name": "Ming Dong",
            "team": "T028CNVFETF",
            "name": "s3843573",
            "is_restricted": false,
            "is_ultra_restricted": false
        },
        "blocks": [
            {
                "type": "rich_text",
                "block_id": "1RDc",
                "elements": [
                    {
                        "type": "rich_text_section",
                        "elements": [
                            {
                                "type": "text",
                                "text": "so what testing you were talk about then"
                            }
                        ]
                    }
                ]
            }
        ],
        "thread_ts": "1634880813.003300",
        "parent_user_id": "U028FPSLFK4"
    },
    {
        "client_msg_id": "6eefcdc8-ba6f-4055-b82f-d3e4800529b2",
        "type": "message",
        "text": "so it looks like a filled out website to be used in presentation etc",
        "user": "U028Q9GDXN3",
        "ts": "1634881637.007400",
        "team": "T028CNVFETF",
        "user_team": "T028CNVFETF",
        "source_team": "T028CNVFETF",
        "user_profile": {
            "avatar_hash": "a6bbad4a67bc",
            "image_72": "https:\/\/avatars.slack-edge.com\/2021-07-26\/2308025050517_a6bbad4a67bc3cebd1c6_72.png",
            "first_name": "",
            "real_name": "Jack Hollis-London",
            "display_name": "Jack Hollis-London",
            "team": "T028CNVFETF",
            "name": "s3585034",
            "is_restricted": false,
            "is_ultra_restricted": false
        },
        "blocks": [
            {
                "type": "rich_text",
                "block_id": "jRX",
                "elements": [
                    {
                        "type": "rich_text_section",
                        "elements": [
                            {
                                "type": "text",
                                "text": "so it looks like a filled out website to be used in presentation etc"
                            }
                        ]
                    }
                ]
            }
        ],
        "thread_ts": "1634880813.003300",
        "parent_user_id": "U028FPSLFK4"
    },
    {
        "client_msg_id": "541fa8e2-534c-42f9-bc13-348f4b8e55d1",
        "type": "message",
        "text": "oh, i havent test everything yet, i was doing the menu bar one but it's already displaying correct menu for each users.",
        "user": "U028FPSLFK4",
        "ts": "1634881746.007600",
        "team": "T028CNVFETF",
        "user_team": "T028CNVFETF",
        "source_team": "T028CNVFETF",
        "user_profile": {
            "avatar_hash": "g92faf8c7cb1",
            "image_72": "https:\/\/secure.gravatar.com\/avatar\/92faf8c7cb15b0d6ca7ed71eeba8f20b.jpg?s=72&d=https%3A%2F%2Fa.slack-edge.com%2Fdf10d%2Fimg%2Favatars%2Fava_0022-72.png",
            "first_name": "",
            "real_name": "Ming Dong",
            "display_name": "Ming Dong",
            "team": "T028CNVFETF",
            "name": "s3843573",
            "is_restricted": false,
            "is_ultra_restricted": false
        },
        "blocks": [
            {
                "type": "rich_text",
                "block_id": "g\/U\/",
                "elements": [
                    {
                        "type": "rich_text_section",
                        "elements": [
                            {
                                "type": "text",
                                "text": "oh, i havent test everything yet, i was doing the menu bar one but it's already displaying correct menu for each users."
                            }
                        ]
                    }
                ]
            }
        ],
        "thread_ts": "1634880813.003300",
        "parent_user_id": "U028FPSLFK4"
    },
    {
        "client_msg_id": "d25ee238-df51-4f0d-a215-c5bf9e1cbf85",
        "type": "message",
        "text": "is there a button for the admin tools on the menu",
        "user": "U028Q9GDXN3",
        "ts": "1634884913.007800",
        "team": "T028CNVFETF",
        "user_team": "T028CNVFETF",
        "source_team": "T028CNVFETF",
        "user_profile": {
            "avatar_hash": "a6bbad4a67bc",
            "image_72": "https:\/\/avatars.slack-edge.com\/2021-07-26\/2308025050517_a6bbad4a67bc3cebd1c6_72.png",
            "first_name": "",
            "real_name": "Jack Hollis-London",
            "display_name": "Jack Hollis-London",
            "team": "T028CNVFETF",
            "name": "s3585034",
            "is_restricted": false,
            "is_ultra_restricted": false
        },
        "blocks": [
            {
                "type": "rich_text",
                "block_id": "tpf8m",
                "elements": [
                    {
                        "type": "rich_text_section",
                        "elements": [
                            {
                                "type": "text",
                                "text": "is there a button for the admin tools on the menu"
                            }
                        ]
                    }
                ]
            }
        ],
        "thread_ts": "1634880813.003300",
        "parent_user_id": "U028FPSLFK4"
    },
    {
        "client_msg_id": "4c4505ff-816e-457a-a083-20be757d2219",
        "type": "message",
        "text": "yes",
        "user": "U028FPSLFK4",
        "ts": "1634884940.008000",
        "team": "T028CNVFETF",
        "user_team": "T028CNVFETF",
        "source_team": "T028CNVFETF",
        "user_profile": {
            "avatar_hash": "g92faf8c7cb1",
            "image_72": "https:\/\/secure.gravatar.com\/avatar\/92faf8c7cb15b0d6ca7ed71eeba8f20b.jpg?s=72&d=https%3A%2F%2Fa.slack-edge.com%2Fdf10d%2Fimg%2Favatars%2Fava_0022-72.png",
            "first_name": "",
            "real_name": "Ming Dong",
            "display_name": "Ming Dong",
            "team": "T028CNVFETF",
            "name": "s3843573",
            "is_restricted": false,
            "is_ultra_restricted": false
        },
        "blocks": [
            {
                "type": "rich_text",
                "block_id": "fuJ",
                "elements": [
                    {
                        "type": "rich_text_section",
                        "elements": [
                            {
                                "type": "text",
                                "text": "yes"
                            }
                        ]
                    }
                ]
            }
        ],
        "thread_ts": "1634880813.003300",
        "parent_user_id": "U028FPSLFK4"
    },
    {
        "client_msg_id": "e88cc778-1d4e-4a4a-a754-a8b10893e0be",
        "type": "message",
        "text": "but its not linked to anything",
        "user": "U028FPSLFK4",
        "ts": "1634884961.008200",
        "team": "T028CNVFETF",
        "user_team": "T028CNVFETF",
        "source_team": "T028CNVFETF",
        "user_profile": {
            "avatar_hash": "g92faf8c7cb1",
            "image_72": "https:\/\/secure.gravatar.com\/avatar\/92faf8c7cb15b0d6ca7ed71eeba8f20b.jpg?s=72&d=https%3A%2F%2Fa.slack-edge.com%2Fdf10d%2Fimg%2Favatars%2Fava_0022-72.png",
            "first_name": "",
            "real_name": "Ming Dong",
            "display_name": "Ming Dong",
            "team": "T028CNVFETF",
            "name": "s3843573",
            "is_restricted": false,
            "is_ultra_restricted": false
        },
        "blocks": [
            {
                "type": "rich_text",
                "block_id": "gzb",
                "elements": [
                    {
                        "type": "rich_text_section",
                        "elements": [
                            {
                                "type": "text",
                                "text": "but its not linked to anything"
                            }
                        ]
                    }
                ]
            }
        ],
        "thread_ts": "1634880813.003300",
        "parent_user_id": "U028FPSLFK4"
    }
]