[
    {
        "client_msg_id": "52413a53-78ab-46b0-b246-1a3977a138cb",
        "type": "message",
        "text": "<@U028Q9GDXN3> <@U02812J04H5> Are you guys running late?",
        "user": "U028UDDAWAD",
        "ts": "1632123966.154200",
        "team": "T028CNVFETF",
        "user_team": "T028CNVFETF",
        "source_team": "T028CNVFETF",
        "user_profile": {
            "avatar_hash": "gbc659f0070f",
            "image_72": "https:\/\/secure.gravatar.com\/avatar\/bc659f0070f49e4d9ea463fb700c9f95.jpg?s=72&d=https%3A%2F%2Fa.slack-edge.com%2Fdf10d%2Fimg%2Favatars%2Fava_0021-72.png",
            "first_name": "Jacob",
            "real_name": "Jacob McEwan",
            "display_name": "Jacob McEwan",
            "team": "T028CNVFETF",
            "name": "s3841062",
            "is_restricted": false,
            "is_ultra_restricted": false
        },
        "blocks": [
            {
                "type": "rich_text",
                "block_id": "PIAa",
                "elements": [
                    {
                        "type": "rich_text_section",
                        "elements": [
                            {
                                "type": "user",
                                "user_id": "U028Q9GDXN3"
                            },
                            {
                                "type": "text",
                                "text": " "
                            },
                            {
                                "type": "user",
                                "user_id": "U02812J04H5"
                            },
                            {
                                "type": "text",
                                "text": " Are you guys running late?"
                            }
                        ]
                    }
                ]
            }
        ]
    },
    {
        "client_msg_id": "9eac53c2-0a4f-4590-a5a3-46fe2138e1c1",
        "type": "message",
        "text": "<@U028Q9GDXN3> Are you coming to the meeting?",
        "user": "U028UDDAWAD",
        "ts": "1632195956.154500",
        "team": "T028CNVFETF",
        "user_team": "T028CNVFETF",
        "source_team": "T028CNVFETF",
        "user_profile": {
            "avatar_hash": "gbc659f0070f",
            "image_72": "https:\/\/secure.gravatar.com\/avatar\/bc659f0070f49e4d9ea463fb700c9f95.jpg?s=72&d=https%3A%2F%2Fa.slack-edge.com%2Fdf10d%2Fimg%2Favatars%2Fava_0021-72.png",
            "first_name": "Jacob",
            "real_name": "Jacob McEwan",
            "display_name": "Jacob McEwan",
            "team": "T028CNVFETF",
            "name": "s3841062",
            "is_restricted": false,
            "is_ultra_restricted": false
        },
        "blocks": [
            {
                "type": "rich_text",
                "block_id": "WEHFn",
                "elements": [
                    {
                        "type": "rich_text_section",
                        "elements": [
                            {
                                "type": "user",
                                "user_id": "U028Q9GDXN3"
                            },
                            {
                                "type": "text",
                                "text": " Are you coming to the meeting?"
                            }
                        ]
                    }
                ]
            }
        ]
    }
]