[
    {
        "client_msg_id": "309abb18-ddef-4d10-8c86-d65964695e0c",
        "type": "message",
        "text": "the deployments works now the container is completely unresponsive and no logs are available",
        "user": "U028Q9GDXN3",
        "ts": "1632750182.006300",
        "team": "T028CNVFETF",
        "user_team": "T028CNVFETF",
        "source_team": "T028CNVFETF",
        "user_profile": {
            "avatar_hash": "a6bbad4a67bc",
            "image_72": "https:\/\/avatars.slack-edge.com\/2021-07-26\/2308025050517_a6bbad4a67bc3cebd1c6_72.png",
            "first_name": "",
            "real_name": "Jack Hollis-London",
            "display_name": "Jack Hollis-London",
            "team": "T028CNVFETF",
            "name": "s3585034",
            "is_restricted": false,
            "is_ultra_restricted": false
        },
        "blocks": [
            {
                "type": "rich_text",
                "block_id": "6Qz6g",
                "elements": [
                    {
                        "type": "rich_text_section",
                        "elements": [
                            {
                                "type": "text",
                                "text": "the deployments works now the container is completely unresponsive and no logs are available"
                            }
                        ]
                    }
                ]
            }
        ],
        "thread_ts": "1632724523.004800",
        "parent_user_id": "U028Q9GDXN3"
    },
    {
        "client_msg_id": "135dca1a-7f74-473b-90ab-59beab001ded",
        "type": "message",
        "text": ":joy:",
        "user": "U028Q9GDXN3",
        "ts": "1632750208.006500",
        "team": "T028CNVFETF",
        "user_team": "T028CNVFETF",
        "source_team": "T028CNVFETF",
        "user_profile": {
            "avatar_hash": "a6bbad4a67bc",
            "image_72": "https:\/\/avatars.slack-edge.com\/2021-07-26\/2308025050517_a6bbad4a67bc3cebd1c6_72.png",
            "first_name": "",
            "real_name": "Jack Hollis-London",
            "display_name": "Jack Hollis-London",
            "team": "T028CNVFETF",
            "name": "s3585034",
            "is_restricted": false,
            "is_ultra_restricted": false
        },
        "blocks": [
            {
                "type": "rich_text",
                "block_id": "dyB=",
                "elements": [
                    {
                        "type": "rich_text_section",
                        "elements": [
                            {
                                "type": "emoji",
                                "name": "joy"
                            }
                        ]
                    }
                ]
            }
        ],
        "thread_ts": "1632724523.004800",
        "parent_user_id": "U028Q9GDXN3"
    },
    {
        "client_msg_id": "6f727039-b7a0-48f7-b792-f288626747d8",
        "type": "message",
        "text": "the container seems to be reestarting every 30 seconds inside the ec2 instance",
        "user": "U028Q9GDXN3",
        "ts": "1632784440.006700",
        "team": "T028CNVFETF",
        "user_team": "T028CNVFETF",
        "source_team": "T028CNVFETF",
        "user_profile": {
            "avatar_hash": "a6bbad4a67bc",
            "image_72": "https:\/\/avatars.slack-edge.com\/2021-07-26\/2308025050517_a6bbad4a67bc3cebd1c6_72.png",
            "first_name": "",
            "real_name": "Jack Hollis-London",
            "display_name": "Jack Hollis-London",
            "team": "T028CNVFETF",
            "name": "s3585034",
            "is_restricted": false,
            "is_ultra_restricted": false
        },
        "blocks": [
            {
                "type": "rich_text",
                "block_id": "Gkq",
                "elements": [
                    {
                        "type": "rich_text_section",
                        "elements": [
                            {
                                "type": "text",
                                "text": "the container seems to be reestarting every 30 seconds inside the ec2 instance"
                            }
                        ]
                    }
                ]
            }
        ],
        "thread_ts": "1632724523.004800",
        "parent_user_id": "U028Q9GDXN3"
    },
    {
        "client_msg_id": "6eff488d-6965-4f14-b2e3-3f4358ff76e8",
        "type": "message",
        "text": "oh I forgot to specify a PORT number in the environment variables",
        "user": "U028Q9GDXN3",
        "ts": "1632784544.006900",
        "team": "T028CNVFETF",
        "user_team": "T028CNVFETF",
        "source_team": "T028CNVFETF",
        "user_profile": {
            "avatar_hash": "a6bbad4a67bc",
            "image_72": "https:\/\/avatars.slack-edge.com\/2021-07-26\/2308025050517_a6bbad4a67bc3cebd1c6_72.png",
            "first_name": "",
            "real_name": "Jack Hollis-London",
            "display_name": "Jack Hollis-London",
            "team": "T028CNVFETF",
            "name": "s3585034",
            "is_restricted": false,
            "is_ultra_restricted": false
        },
        "blocks": [
            {
                "type": "rich_text",
                "block_id": "AHxm",
                "elements": [
                    {
                        "type": "rich_text_section",
                        "elements": [
                            {
                                "type": "text",
                                "text": "oh I forgot to specify a PORT number in the environment variables"
                            }
                        ]
                    }
                ]
            }
        ],
        "thread_ts": "1632724523.004800",
        "parent_user_id": "U028Q9GDXN3"
    },
    {
        "type": "message",
        "text": "",
        "files": [
            {
                "id": "F02GJDEUPCY",
                "created": 1632784560,
                "timestamp": 1632784560,
                "name": "image.png",
                "title": "image.png",
                "mimetype": "image\/png",
                "filetype": "png",
                "pretty_type": "PNG",
                "user": "U028Q9GDXN3",
                "editable": false,
                "size": 49213,
                "mode": "hosted",
                "is_external": false,
                "external_type": "",
                "is_public": true,
                "public_url_shared": false,
                "display_as_bot": false,
                "username": "",
                "url_private": "https:\/\/files.slack.com\/files-pri\/T028CNVFETF-F02GJDEUPCY\/image.png?t=xoxe-2284777524933-2639320681602-2636333542453-c87d2329fb29bd04b1bea169bb97cfd5",
                "url_private_download": "https:\/\/files.slack.com\/files-pri\/T028CNVFETF-F02GJDEUPCY\/download\/image.png?t=xoxe-2284777524933-2639320681602-2636333542453-c87d2329fb29bd04b1bea169bb97cfd5",
                "media_display_type": "unknown",
                "thumb_64": "https:\/\/files.slack.com\/files-tmb\/T028CNVFETF-F02GJDEUPCY-e02f09b5d8\/image_64.png?t=xoxe-2284777524933-2639320681602-2636333542453-c87d2329fb29bd04b1bea169bb97cfd5",
                "thumb_80": "https:\/\/files.slack.com\/files-tmb\/T028CNVFETF-F02GJDEUPCY-e02f09b5d8\/image_80.png?t=xoxe-2284777524933-2639320681602-2636333542453-c87d2329fb29bd04b1bea169bb97cfd5",
                "thumb_360": "https:\/\/files.slack.com\/files-tmb\/T028CNVFETF-F02GJDEUPCY-e02f09b5d8\/image_360.png?t=xoxe-2284777524933-2639320681602-2636333542453-c87d2329fb29bd04b1bea169bb97cfd5",
                "thumb_360_w": 360,
                "thumb_360_h": 150,
                "thumb_480": "https:\/\/files.slack.com\/files-tmb\/T028CNVFETF-F02GJDEUPCY-e02f09b5d8\/image_480.png?t=xoxe-2284777524933-2639320681602-2636333542453-c87d2329fb29bd04b1bea169bb97cfd5",
                "thumb_480_w": 480,
                "thumb_480_h": 200,
                "thumb_160": "https:\/\/files.slack.com\/files-tmb\/T028CNVFETF-F02GJDEUPCY-e02f09b5d8\/image_160.png?t=xoxe-2284777524933-2639320681602-2636333542453-c87d2329fb29bd04b1bea169bb97cfd5",
                "thumb_720": "https:\/\/files.slack.com\/files-tmb\/T028CNVFETF-F02GJDEUPCY-e02f09b5d8\/image_720.png?t=xoxe-2284777524933-2639320681602-2636333542453-c87d2329fb29bd04b1bea169bb97cfd5",
                "thumb_720_w": 720,
                "thumb_720_h": 300,
                "thumb_800": "https:\/\/files.slack.com\/files-tmb\/T028CNVFETF-F02GJDEUPCY-e02f09b5d8\/image_800.png?t=xoxe-2284777524933-2639320681602-2636333542453-c87d2329fb29bd04b1bea169bb97cfd5",
                "thumb_800_w": 800,
                "thumb_800_h": 333,
                "thumb_960": "https:\/\/files.slack.com\/files-tmb\/T028CNVFETF-F02GJDEUPCY-e02f09b5d8\/image_960.png?t=xoxe-2284777524933-2639320681602-2636333542453-c87d2329fb29bd04b1bea169bb97cfd5",
                "thumb_960_w": 960,
                "thumb_960_h": 399,
                "thumb_1024": "https:\/\/files.slack.com\/files-tmb\/T028CNVFETF-F02GJDEUPCY-e02f09b5d8\/image_1024.png?t=xoxe-2284777524933-2639320681602-2636333542453-c87d2329fb29bd04b1bea169bb97cfd5",
                "thumb_1024_w": 1024,
                "thumb_1024_h": 426,
                "original_w": 1089,
                "original_h": 453,
                "thumb_tiny": "AwATADDOpM0vHek49RQAZHpRkelH4ij8aAEopaKAHU007tTe9MAooopAFFFFAH\/\/2Q==",
                "permalink": "https:\/\/septassignmentproject.slack.com\/files\/U028Q9GDXN3\/F02GJDEUPCY\/image.png",
                "permalink_public": "https:\/\/slack-files.com\/T028CNVFETF-F02GJDEUPCY-e833450a2a",
                "is_starred": false,
                "has_rich_preview": false
            }
        ],
        "upload": false,
        "user": "U028Q9GDXN3",
        "display_as_bot": false,
        "ts": "1632784564.007100",
        "thread_ts": "1632724523.004800",
        "parent_user_id": "U028Q9GDXN3"
    },
    {
        "client_msg_id": "68b77ca1-ce75-4b6d-b5a9-ec4b93330278",
        "type": "message",
        "text": "I hate this",
        "user": "U028Q9GDXN3",
        "ts": "1632784568.007500",
        "team": "T028CNVFETF",
        "user_team": "T028CNVFETF",
        "source_team": "T028CNVFETF",
        "user_profile": {
            "avatar_hash": "a6bbad4a67bc",
            "image_72": "https:\/\/avatars.slack-edge.com\/2021-07-26\/2308025050517_a6bbad4a67bc3cebd1c6_72.png",
            "first_name": "",
            "real_name": "Jack Hollis-London",
            "display_name": "Jack Hollis-London",
            "team": "T028CNVFETF",
            "name": "s3585034",
            "is_restricted": false,
            "is_ultra_restricted": false
        },
        "blocks": [
            {
                "type": "rich_text",
                "block_id": "jI0V",
                "elements": [
                    {
                        "type": "rich_text_section",
                        "elements": [
                            {
                                "type": "text",
                                "text": "I hate this"
                            }
                        ]
                    }
                ]
            }
        ],
        "thread_ts": "1632724523.004800",
        "parent_user_id": "U028Q9GDXN3"
    },
    {
        "client_msg_id": "0c95b4f4-8d9a-41d7-bdb9-6211e2788e14",
        "type": "message",
        "text": "it works but I cant reach it",
        "user": "U028Q9GDXN3",
        "ts": "1632791298.007700",
        "team": "T028CNVFETF",
        "user_team": "T028CNVFETF",
        "source_team": "T028CNVFETF",
        "user_profile": {
            "avatar_hash": "a6bbad4a67bc",
            "image_72": "https:\/\/avatars.slack-edge.com\/2021-07-26\/2308025050517_a6bbad4a67bc3cebd1c6_72.png",
            "first_name": "",
            "real_name": "Jack Hollis-London",
            "display_name": "Jack Hollis-London",
            "team": "T028CNVFETF",
            "name": "s3585034",
            "is_restricted": false,
            "is_ultra_restricted": false
        },
        "blocks": [
            {
                "type": "rich_text",
                "block_id": "iJciX",
                "elements": [
                    {
                        "type": "rich_text_section",
                        "elements": [
                            {
                                "type": "text",
                                "text": "it works but I cant reach it"
                            }
                        ]
                    }
                ]
            }
        ],
        "thread_ts": "1632724523.004800",
        "parent_user_id": "U028Q9GDXN3"
    },
    {
        "client_msg_id": "3f778cf2-5347-40f4-b6f6-4dc6085af8bc",
        "type": "message",
        "text": "I can ssh it but nothing else",
        "user": "U028Q9GDXN3",
        "ts": "1632791305.007900",
        "team": "T028CNVFETF",
        "user_team": "T028CNVFETF",
        "source_team": "T028CNVFETF",
        "user_profile": {
            "avatar_hash": "a6bbad4a67bc",
            "image_72": "https:\/\/avatars.slack-edge.com\/2021-07-26\/2308025050517_a6bbad4a67bc3cebd1c6_72.png",
            "first_name": "",
            "real_name": "Jack Hollis-London",
            "display_name": "Jack Hollis-London",
            "team": "T028CNVFETF",
            "name": "s3585034",
            "is_restricted": false,
            "is_ultra_restricted": false
        },
        "blocks": [
            {
                "type": "rich_text",
                "block_id": "\/ImAd",
                "elements": [
                    {
                        "type": "rich_text_section",
                        "elements": [
                            {
                                "type": "text",
                                "text": "I can ssh it but nothing else"
                            }
                        ]
                    }
                ]
            }
        ],
        "thread_ts": "1632724523.004800",
        "parent_user_id": "U028Q9GDXN3"
    },
    {
        "type": "message",
        "text": "",
        "files": [
            {
                "id": "F02G7LH6Z25",
                "created": 1632791775,
                "timestamp": 1632791775,
                "name": "image.png",
                "title": "image.png",
                "mimetype": "image\/png",
                "filetype": "png",
                "pretty_type": "PNG",
                "user": "U028Q9GDXN3",
                "editable": false,
                "size": 32152,
                "mode": "hosted",
                "is_external": false,
                "external_type": "",
                "is_public": true,
                "public_url_shared": false,
                "display_as_bot": false,
                "username": "",
                "url_private": "https:\/\/files.slack.com\/files-pri\/T028CNVFETF-F02G7LH6Z25\/image.png?t=xoxe-2284777524933-2639320681602-2636333542453-c87d2329fb29bd04b1bea169bb97cfd5",
                "url_private_download": "https:\/\/files.slack.com\/files-pri\/T028CNVFETF-F02G7LH6Z25\/download\/image.png?t=xoxe-2284777524933-2639320681602-2636333542453-c87d2329fb29bd04b1bea169bb97cfd5",
                "media_display_type": "unknown",
                "thumb_64": "https:\/\/files.slack.com\/files-tmb\/T028CNVFETF-F02G7LH6Z25-f4f975c453\/image_64.png?t=xoxe-2284777524933-2639320681602-2636333542453-c87d2329fb29bd04b1bea169bb97cfd5",
                "thumb_80": "https:\/\/files.slack.com\/files-tmb\/T028CNVFETF-F02G7LH6Z25-f4f975c453\/image_80.png?t=xoxe-2284777524933-2639320681602-2636333542453-c87d2329fb29bd04b1bea169bb97cfd5",
                "thumb_360": "https:\/\/files.slack.com\/files-tmb\/T028CNVFETF-F02G7LH6Z25-f4f975c453\/image_360.png?t=xoxe-2284777524933-2639320681602-2636333542453-c87d2329fb29bd04b1bea169bb97cfd5",
                "thumb_360_w": 360,
                "thumb_360_h": 309,
                "thumb_480": "https:\/\/files.slack.com\/files-tmb\/T028CNVFETF-F02G7LH6Z25-f4f975c453\/image_480.png?t=xoxe-2284777524933-2639320681602-2636333542453-c87d2329fb29bd04b1bea169bb97cfd5",
                "thumb_480_w": 480,
                "thumb_480_h": 412,
                "thumb_160": "https:\/\/files.slack.com\/files-tmb\/T028CNVFETF-F02G7LH6Z25-f4f975c453\/image_160.png?t=xoxe-2284777524933-2639320681602-2636333542453-c87d2329fb29bd04b1bea169bb97cfd5",
                "original_w": 624,
                "original_h": 535,
                "thumb_tiny": "AwApADDR\/Oj\/AL6pcc0uKAG59mpc+xpcUYoATPtRmiloAKKbk+hpc\/WgBaKQH60Z9qAFooooACAetJgelLRQAUUUUAFFFFAH\/9k=",
                "permalink": "https:\/\/septassignmentproject.slack.com\/files\/U028Q9GDXN3\/F02G7LH6Z25\/image.png",
                "permalink_public": "https:\/\/slack-files.com\/T028CNVFETF-F02G7LH6Z25-4319b0f562",
                "is_starred": false,
                "has_rich_preview": false
            }
        ],
        "upload": false,
        "user": "U028Q9GDXN3",
        "display_as_bot": false,
        "ts": "1632791777.008100",
        "thread_ts": "1632724523.004800",
        "parent_user_id": "U028Q9GDXN3"
    },
    {
        "client_msg_id": "3b8b44c8-a17b-48a5-aa76-f7d764dc1633",
        "type": "message",
        "text": "the security group only had a access rule for port 80 so I added a revision to the task definition to use port 80 then stopped the previous revision",
        "user": "U028Q9GDXN3",
        "ts": "1632791858.008500",
        "team": "T028CNVFETF",
        "user_team": "T028CNVFETF",
        "source_team": "T028CNVFETF",
        "user_profile": {
            "avatar_hash": "a6bbad4a67bc",
            "image_72": "https:\/\/avatars.slack-edge.com\/2021-07-26\/2308025050517_a6bbad4a67bc3cebd1c6_72.png",
            "first_name": "",
            "real_name": "Jack Hollis-London",
            "display_name": "Jack Hollis-London",
            "team": "T028CNVFETF",
            "name": "s3585034",
            "is_restricted": false,
            "is_ultra_restricted": false
        },
        "blocks": [
            {
                "type": "rich_text",
                "block_id": "D8Gwj",
                "elements": [
                    {
                        "type": "rich_text_section",
                        "elements": [
                            {
                                "type": "text",
                                "text": "the security group only had a access rule for port 80 so I added a revision to the task definition to use port 80 then stopped the previous revision"
                            }
                        ]
                    }
                ]
            }
        ],
        "thread_ts": "1632724523.004800",
        "parent_user_id": "U028Q9GDXN3"
    },
    {
        "client_msg_id": "24f43f88-5e1d-40d7-9df4-63ac86bef8a6",
        "type": "message",
        "text": "it works now",
        "user": "U028Q9GDXN3",
        "ts": "1632791874.008700",
        "team": "T028CNVFETF",
        "user_team": "T028CNVFETF",
        "source_team": "T028CNVFETF",
        "user_profile": {
            "avatar_hash": "a6bbad4a67bc",
            "image_72": "https:\/\/avatars.slack-edge.com\/2021-07-26\/2308025050517_a6bbad4a67bc3cebd1c6_72.png",
            "first_name": "",
            "real_name": "Jack Hollis-London",
            "display_name": "Jack Hollis-London",
            "team": "T028CNVFETF",
            "name": "s3585034",
            "is_restricted": false,
            "is_ultra_restricted": false
        },
        "blocks": [
            {
                "type": "rich_text",
                "block_id": "d1fV8",
                "elements": [
                    {
                        "type": "rich_text_section",
                        "elements": [
                            {
                                "type": "text",
                                "text": "it works now"
                            }
                        ]
                    }
                ]
            }
        ],
        "thread_ts": "1632724523.004800",
        "parent_user_id": "U028Q9GDXN3"
    },
    {
        "client_msg_id": "b1d6d15c-931f-49d4-85e4-90069d3cef1b",
        "type": "message",
        "text": "pog",
        "user": "U028Q9GDXN3",
        "ts": "1632791875.008900",
        "team": "T028CNVFETF",
        "user_team": "T028CNVFETF",
        "source_team": "T028CNVFETF",
        "user_profile": {
            "avatar_hash": "a6bbad4a67bc",
            "image_72": "https:\/\/avatars.slack-edge.com\/2021-07-26\/2308025050517_a6bbad4a67bc3cebd1c6_72.png",
            "first_name": "",
            "real_name": "Jack Hollis-London",
            "display_name": "Jack Hollis-London",
            "team": "T028CNVFETF",
            "name": "s3585034",
            "is_restricted": false,
            "is_ultra_restricted": false
        },
        "blocks": [
            {
                "type": "rich_text",
                "block_id": "7OM",
                "elements": [
                    {
                        "type": "rich_text_section",
                        "elements": [
                            {
                                "type": "text",
                                "text": "pog"
                            }
                        ]
                    }
                ]
            }
        ],
        "thread_ts": "1632724523.004800",
        "parent_user_id": "U028Q9GDXN3"
    },
    {
        "client_msg_id": "2fdf5c11-243b-414a-938d-b43215bded1e",
        "type": "message",
        "text": "<@U028Q9GDXN3> <@U02812J04H5> Are you guys coming to the meeting?",
        "user": "U028UDDAWAD",
        "ts": "1632800966.009400",
        "team": "T028CNVFETF",
        "user_team": "T028CNVFETF",
        "source_team": "T028CNVFETF",
        "user_profile": {
            "avatar_hash": "gbc659f0070f",
            "image_72": "https:\/\/secure.gravatar.com\/avatar\/bc659f0070f49e4d9ea463fb700c9f95.jpg?s=72&d=https%3A%2F%2Fa.slack-edge.com%2Fdf10d%2Fimg%2Favatars%2Fava_0021-72.png",
            "first_name": "Jacob",
            "real_name": "Jacob McEwan",
            "display_name": "Jacob McEwan",
            "team": "T028CNVFETF",
            "name": "s3841062",
            "is_restricted": false,
            "is_ultra_restricted": false
        },
        "blocks": [
            {
                "type": "rich_text",
                "block_id": "Qg4",
                "elements": [
                    {
                        "type": "rich_text_section",
                        "elements": [
                            {
                                "type": "user",
                                "user_id": "U028Q9GDXN3"
                            },
                            {
                                "type": "text",
                                "text": " "
                            },
                            {
                                "type": "user",
                                "user_id": "U02812J04H5"
                            },
                            {
                                "type": "text",
                                "text": " Are you guys coming to the meeting?"
                            }
                        ]
                    }
                ]
            }
        ],
        "thread_ts": "1632800966.009400",
        "reply_count": 1,
        "reply_users_count": 1,
        "latest_reply": "1632801028.009900",
        "reply_users": [
            "U028Q9GDXN3"
        ],
        "replies": [
            {
                "user": "U028Q9GDXN3",
                "ts": "1632801028.009900"
            }
        ],
        "is_locked": false,
        "subscribed": true,
        "last_read": "1632801028.009900"
    },
    {
        "client_msg_id": "E02A027A-55CA-4170-81D1-EE8489A41CE4",
        "type": "message",
        "text": "Oh sorry I forgot, give me 5 mins",
        "user": "U028Q9GDXN3",
        "ts": "1632801028.009900",
        "team": "T028CNVFETF",
        "user_team": "T028CNVFETF",
        "source_team": "T028CNVFETF",
        "user_profile": {
            "avatar_hash": "a6bbad4a67bc",
            "image_72": "https:\/\/avatars.slack-edge.com\/2021-07-26\/2308025050517_a6bbad4a67bc3cebd1c6_72.png",
            "first_name": "",
            "real_name": "Jack Hollis-London",
            "display_name": "Jack Hollis-London",
            "team": "T028CNVFETF",
            "name": "s3585034",
            "is_restricted": false,
            "is_ultra_restricted": false
        },
        "blocks": [
            {
                "type": "rich_text",
                "block_id": "Kao",
                "elements": [
                    {
                        "type": "rich_text_section",
                        "elements": [
                            {
                                "type": "text",
                                "text": "Oh sorry I forgot, give me 5 mins"
                            }
                        ]
                    }
                ]
            }
        ],
        "thread_ts": "1632800966.009400",
        "parent_user_id": "U028UDDAWAD"
    }
]