[
    {
        "client_msg_id": "ded76298-6f4b-4609-8a37-ef3c7ce48580",
        "type": "message",
        "text": "How can I set recoil state for testing?",
        "user": "U028UDDAWAD",
        "ts": "1634112985.015400",
        "team": "T028CNVFETF",
        "user_team": "T028CNVFETF",
        "source_team": "T028CNVFETF",
        "user_profile": {
            "avatar_hash": "gbc659f0070f",
            "image_72": "https:\/\/secure.gravatar.com\/avatar\/bc659f0070f49e4d9ea463fb700c9f95.jpg?s=72&d=https%3A%2F%2Fa.slack-edge.com%2Fdf10d%2Fimg%2Favatars%2Fava_0021-72.png",
            "first_name": "Jacob",
            "real_name": "Jacob McEwan",
            "display_name": "Jacob McEwan",
            "team": "T028CNVFETF",
            "name": "s3841062",
            "is_restricted": false,
            "is_ultra_restricted": false
        },
        "blocks": [
            {
                "type": "rich_text",
                "block_id": "b+I1Y",
                "elements": [
                    {
                        "type": "rich_text_section",
                        "elements": [
                            {
                                "type": "text",
                                "text": "How can I set recoil state for testing?"
                            }
                        ]
                    }
                ]
            }
        ],
        "thread_ts": "1634112985.015400",
        "reply_count": 6,
        "reply_users_count": 2,
        "latest_reply": "1634113650.016600",
        "reply_users": [
            "U028Q9GDXN3",
            "U028UDDAWAD"
        ],
        "replies": [
            {
                "user": "U028Q9GDXN3",
                "ts": "1634113001.015500"
            },
            {
                "user": "U028UDDAWAD",
                "ts": "1634113092.015700"
            },
            {
                "user": "U028Q9GDXN3",
                "ts": "1634113182.015900"
            },
            {
                "user": "U028Q9GDXN3",
                "ts": "1634113183.016100"
            },
            {
                "user": "U028Q9GDXN3",
                "ts": "1634113184.016300"
            },
            {
                "user": "U028UDDAWAD",
                "ts": "1634113650.016600"
            }
        ],
        "is_locked": false,
        "subscribed": true,
        "last_read": "1634113650.016600"
    },
    {
        "client_msg_id": "78fec6ee-9520-48c8-9c9e-c5eb853e68b0",
        "type": "message",
        "text": "how so?",
        "user": "U028Q9GDXN3",
        "ts": "1634113001.015500",
        "team": "T028CNVFETF",
        "user_team": "T028CNVFETF",
        "source_team": "T028CNVFETF",
        "user_profile": {
            "avatar_hash": "a6bbad4a67bc",
            "image_72": "https:\/\/avatars.slack-edge.com\/2021-07-26\/2308025050517_a6bbad4a67bc3cebd1c6_72.png",
            "first_name": "",
            "real_name": "Jack Hollis-London",
            "display_name": "Jack Hollis-London",
            "team": "T028CNVFETF",
            "name": "s3585034",
            "is_restricted": false,
            "is_ultra_restricted": false
        },
        "blocks": [
            {
                "type": "rich_text",
                "block_id": "xLC",
                "elements": [
                    {
                        "type": "rich_text_section",
                        "elements": [
                            {
                                "type": "text",
                                "text": "how so?"
                            }
                        ]
                    }
                ]
            }
        ],
        "thread_ts": "1634112985.015400",
        "parent_user_id": "U028UDDAWAD"
    },
    {
        "client_msg_id": "39447bb4-876e-4e4e-b907-9bee5892fdfc",
        "type": "message",
        "text": "I need to set the userAtom to a value for the tests to use. How can I set the atom to a value in the test?",
        "user": "U028UDDAWAD",
        "ts": "1634113092.015700",
        "team": "T028CNVFETF",
        "user_team": "T028CNVFETF",
        "source_team": "T028CNVFETF",
        "user_profile": {
            "avatar_hash": "gbc659f0070f",
            "image_72": "https:\/\/secure.gravatar.com\/avatar\/bc659f0070f49e4d9ea463fb700c9f95.jpg?s=72&d=https%3A%2F%2Fa.slack-edge.com%2Fdf10d%2Fimg%2Favatars%2Fava_0021-72.png",
            "first_name": "Jacob",
            "real_name": "Jacob McEwan",
            "display_name": "Jacob McEwan",
            "team": "T028CNVFETF",
            "name": "s3841062",
            "is_restricted": false,
            "is_ultra_restricted": false
        },
        "blocks": [
            {
                "type": "rich_text",
                "block_id": "anA",
                "elements": [
                    {
                        "type": "rich_text_section",
                        "elements": [
                            {
                                "type": "text",
                                "text": "I need to set the userAtom to a value for the tests to use. How can I set the atom to a value in the test?"
                            }
                        ]
                    }
                ]
            }
        ],
        "thread_ts": "1634112985.015400",
        "parent_user_id": "U028UDDAWAD"
    },
    {
        "client_msg_id": "0aae0f98-8cc3-474c-a0d0-431c88a5a1e5",
        "type": "message",
        "text": "set up a component that can be mounted in the testing AppRoot that is parsed the atom and a callback",
        "user": "U028Q9GDXN3",
        "ts": "1634113182.015900",
        "team": "T028CNVFETF",
        "user_team": "T028CNVFETF",
        "source_team": "T028CNVFETF",
        "user_profile": {
            "avatar_hash": "a6bbad4a67bc",
            "image_72": "https:\/\/avatars.slack-edge.com\/2021-07-26\/2308025050517_a6bbad4a67bc3cebd1c6_72.png",
            "first_name": "",
            "real_name": "Jack Hollis-London",
            "display_name": "Jack Hollis-London",
            "team": "T028CNVFETF",
            "name": "s3585034",
            "is_restricted": false,
            "is_ultra_restricted": false
        },
        "blocks": [
            {
                "type": "rich_text",
                "block_id": "bTCS",
                "elements": [
                    {
                        "type": "rich_text_section",
                        "elements": [
                            {
                                "type": "text",
                                "text": "set up a component that can be mounted in the testing AppRoot that is parsed the atom and a callback"
                            }
                        ]
                    }
                ]
            }
        ],
        "thread_ts": "1634112985.015400",
        "parent_user_id": "U028UDDAWAD"
    },
    {
        "client_msg_id": "35b02107-e616-4141-8fc1-10661a116328",
        "type": "message",
        "text": "like this",
        "user": "U028Q9GDXN3",
        "ts": "1634113183.016100",
        "team": "T028CNVFETF",
        "user_team": "T028CNVFETF",
        "source_team": "T028CNVFETF",
        "user_profile": {
            "avatar_hash": "a6bbad4a67bc",
            "image_72": "https:\/\/avatars.slack-edge.com\/2021-07-26\/2308025050517_a6bbad4a67bc3cebd1c6_72.png",
            "first_name": "",
            "real_name": "Jack Hollis-London",
            "display_name": "Jack Hollis-London",
            "team": "T028CNVFETF",
            "name": "s3585034",
            "is_restricted": false,
            "is_ultra_restricted": false
        },
        "blocks": [
            {
                "type": "rich_text",
                "block_id": "epbl",
                "elements": [
                    {
                        "type": "rich_text_section",
                        "elements": [
                            {
                                "type": "text",
                                "text": "like this"
                            }
                        ]
                    }
                ]
            }
        ],
        "thread_ts": "1634112985.015400",
        "parent_user_id": "U028UDDAWAD"
    },
    {
        "client_msg_id": "14abc9e1-d7f9-487f-864f-3494181ea645",
        "type": "message",
        "text": "<https:\/\/recoiljs.org\/docs\/guides\/testing\/>",
        "user": "U028Q9GDXN3",
        "ts": "1634113184.016300",
        "team": "T028CNVFETF",
        "user_team": "T028CNVFETF",
        "source_team": "T028CNVFETF",
        "user_profile": {
            "avatar_hash": "a6bbad4a67bc",
            "image_72": "https:\/\/avatars.slack-edge.com\/2021-07-26\/2308025050517_a6bbad4a67bc3cebd1c6_72.png",
            "first_name": "",
            "real_name": "Jack Hollis-London",
            "display_name": "Jack Hollis-London",
            "team": "T028CNVFETF",
            "name": "s3585034",
            "is_restricted": false,
            "is_ultra_restricted": false
        },
        "attachments": [
            {
                "title": "Testing | Recoil",
                "title_link": "https:\/\/recoiljs.org\/docs\/guides\/testing\/",
                "text": "Testing Recoil state inside of a React component",
                "fallback": "Testing | Recoil",
                "image_url": "https:\/\/recoiljs.org\/img\/og-image.png",
                "from_url": "https:\/\/recoiljs.org\/docs\/guides\/testing\/",
                "image_width": 550,
                "image_height": 250,
                "image_bytes": 49359,
                "service_icon": "https:\/\/recoiljs.org\/img\/favicon.png",
                "service_name": "recoiljs.org",
                "id": 1,
                "original_url": "https:\/\/recoiljs.org\/docs\/guides\/testing\/"
            }
        ],
        "blocks": [
            {
                "type": "rich_text",
                "block_id": "n8h",
                "elements": [
                    {
                        "type": "rich_text_section",
                        "elements": [
                            {
                                "type": "link",
                                "url": "https:\/\/recoiljs.org\/docs\/guides\/testing\/"
                            }
                        ]
                    }
                ]
            }
        ],
        "thread_ts": "1634112985.015400",
        "parent_user_id": "U028UDDAWAD"
    },
    {
        "client_msg_id": "2433eb40-667a-4587-b62c-66aa6e88ec50",
        "type": "message",
        "text": "OK. thanks",
        "user": "U028UDDAWAD",
        "ts": "1634113650.016600",
        "team": "T028CNVFETF",
        "user_team": "T028CNVFETF",
        "source_team": "T028CNVFETF",
        "user_profile": {
            "avatar_hash": "gbc659f0070f",
            "image_72": "https:\/\/secure.gravatar.com\/avatar\/bc659f0070f49e4d9ea463fb700c9f95.jpg?s=72&d=https%3A%2F%2Fa.slack-edge.com%2Fdf10d%2Fimg%2Favatars%2Fava_0021-72.png",
            "first_name": "Jacob",
            "real_name": "Jacob McEwan",
            "display_name": "Jacob McEwan",
            "team": "T028CNVFETF",
            "name": "s3841062",
            "is_restricted": false,
            "is_ultra_restricted": false
        },
        "blocks": [
            {
                "type": "rich_text",
                "block_id": "qeAi",
                "elements": [
                    {
                        "type": "rich_text_section",
                        "elements": [
                            {
                                "type": "text",
                                "text": "OK. thanks"
                            }
                        ]
                    }
                ]
            }
        ],
        "thread_ts": "1634112985.015400",
        "parent_user_id": "U028UDDAWAD"
    },
    {
        "client_msg_id": "f0588725-defc-494c-ad57-e1e9d8011068",
        "type": "message",
        "text": "I'm getting a really weird error with the mock server. It sometimes matches and sometimes doesn't on the same URL. So it'll give me a warning saying no handler matched, but then a couple runs\/api calls later it'll match. Then it'll stop again. All of the requests are made with the same URL (verified by Console.log in the handlers and the error messages include it), the code is identical to the other mockServers (copy pasted) and the test is really simple (just verifying that stuff renders, no event's or anything).",
        "user": "U028UDDAWAD",
        "ts": "1634182712.019500",
        "team": "T028CNVFETF",
        "user_team": "T028CNVFETF",
        "source_team": "T028CNVFETF",
        "user_profile": {
            "avatar_hash": "gbc659f0070f",
            "image_72": "https:\/\/secure.gravatar.com\/avatar\/bc659f0070f49e4d9ea463fb700c9f95.jpg?s=72&d=https%3A%2F%2Fa.slack-edge.com%2Fdf10d%2Fimg%2Favatars%2Fava_0021-72.png",
            "first_name": "Jacob",
            "real_name": "Jacob McEwan",
            "display_name": "Jacob McEwan",
            "team": "T028CNVFETF",
            "name": "s3841062",
            "is_restricted": false,
            "is_ultra_restricted": false
        },
        "blocks": [
            {
                "type": "rich_text",
                "block_id": "aIQ",
                "elements": [
                    {
                        "type": "rich_text_section",
                        "elements": [
                            {
                                "type": "text",
                                "text": "I'm getting a really weird error with the mock server. It sometimes matches and sometimes doesn't on the same URL. So it'll give me a warning saying no handler matched, but then a couple runs\/api calls later it'll match. Then it'll stop again. All of the requests are made with the same URL (verified by Console.log in the handlers and the error messages include it), the code is identical to the other mockServers (copy pasted) and the test is really simple (just verifying that stuff renders, no event's or anything)."
                            }
                        ]
                    }
                ]
            }
        ],
        "thread_ts": "1634182712.019500",
        "reply_count": 12,
        "reply_users_count": 2,
        "latest_reply": "1634193771.022000",
        "reply_users": [
            "U028Q9GDXN3",
            "U028UDDAWAD"
        ],
        "replies": [
            {
                "user": "U028Q9GDXN3",
                "ts": "1634182772.019800"
            },
            {
                "user": "U028Q9GDXN3",
                "ts": "1634182804.020000"
            },
            {
                "user": "U028UDDAWAD",
                "ts": "1634182868.020200"
            },
            {
                "user": "U028Q9GDXN3",
                "ts": "1634182914.020400"
            },
            {
                "user": "U028Q9GDXN3",
                "ts": "1634182927.020600"
            },
            {
                "user": "U028UDDAWAD",
                "ts": "1634183008.020800"
            },
            {
                "user": "U028Q9GDXN3",
                "ts": "1634183016.021000"
            },
            {
                "user": "U028UDDAWAD",
                "ts": "1634183047.021200"
            },
            {
                "user": "U028Q9GDXN3",
                "ts": "1634183060.021400"
            },
            {
                "user": "U028UDDAWAD",
                "ts": "1634193683.021600"
            },
            {
                "user": "U028Q9GDXN3",
                "ts": "1634193733.021800"
            },
            {
                "user": "U028Q9GDXN3",
                "ts": "1634193771.022000"
            }
        ],
        "is_locked": false,
        "subscribed": true,
        "last_read": "1634193771.022000"
    },
    {
        "client_msg_id": "9f53b71d-3e5e-4e74-ae54-e3c6aa82a62c",
        "type": "message",
        "text": "thats spooky",
        "user": "U028Q9GDXN3",
        "ts": "1634182772.019800",
        "team": "T028CNVFETF",
        "user_team": "T028CNVFETF",
        "source_team": "T028CNVFETF",
        "user_profile": {
            "avatar_hash": "a6bbad4a67bc",
            "image_72": "https:\/\/avatars.slack-edge.com\/2021-07-26\/2308025050517_a6bbad4a67bc3cebd1c6_72.png",
            "first_name": "",
            "real_name": "Jack Hollis-London",
            "display_name": "Jack Hollis-London",
            "team": "T028CNVFETF",
            "name": "s3585034",
            "is_restricted": false,
            "is_ultra_restricted": false
        },
        "blocks": [
            {
                "type": "rich_text",
                "block_id": "WlYo",
                "elements": [
                    {
                        "type": "rich_text_section",
                        "elements": [
                            {
                                "type": "text",
                                "text": "thats spooky"
                            }
                        ]
                    }
                ]
            }
        ],
        "thread_ts": "1634182712.019500",
        "parent_user_id": "U028UDDAWAD"
    },
    {
        "client_msg_id": "833cdfea-c9c0-425b-89fd-31ce068832d8",
        "type": "message",
        "text": "have you googled it?",
        "user": "U028Q9GDXN3",
        "ts": "1634182804.020000",
        "team": "T028CNVFETF",
        "user_team": "T028CNVFETF",
        "source_team": "T028CNVFETF",
        "user_profile": {
            "avatar_hash": "a6bbad4a67bc",
            "image_72": "https:\/\/avatars.slack-edge.com\/2021-07-26\/2308025050517_a6bbad4a67bc3cebd1c6_72.png",
            "first_name": "",
            "real_name": "Jack Hollis-London",
            "display_name": "Jack Hollis-London",
            "team": "T028CNVFETF",
            "name": "s3585034",
            "is_restricted": false,
            "is_ultra_restricted": false
        },
        "blocks": [
            {
                "type": "rich_text",
                "block_id": "z60M",
                "elements": [
                    {
                        "type": "rich_text_section",
                        "elements": [
                            {
                                "type": "text",
                                "text": "have you googled it?"
                            }
                        ]
                    }
                ]
            }
        ],
        "thread_ts": "1634182712.019500",
        "parent_user_id": "U028UDDAWAD"
    },
    {
        "client_msg_id": "4596d498-005b-4979-8d19-82592eef1340",
        "type": "message",
        "text": "Yeah, but nothing useful. Might be bad wording but I don't know how I should google something like this",
        "user": "U028UDDAWAD",
        "ts": "1634182868.020200",
        "team": "T028CNVFETF",
        "user_team": "T028CNVFETF",
        "source_team": "T028CNVFETF",
        "user_profile": {
            "avatar_hash": "gbc659f0070f",
            "image_72": "https:\/\/secure.gravatar.com\/avatar\/bc659f0070f49e4d9ea463fb700c9f95.jpg?s=72&d=https%3A%2F%2Fa.slack-edge.com%2Fdf10d%2Fimg%2Favatars%2Fava_0021-72.png",
            "first_name": "Jacob",
            "real_name": "Jacob McEwan",
            "display_name": "Jacob McEwan",
            "team": "T028CNVFETF",
            "name": "s3841062",
            "is_restricted": false,
            "is_ultra_restricted": false
        },
        "blocks": [
            {
                "type": "rich_text",
                "block_id": "MmlhK",
                "elements": [
                    {
                        "type": "rich_text_section",
                        "elements": [
                            {
                                "type": "text",
                                "text": "Yeah, but nothing useful. Might be bad wording but I don't know how I should google something like this"
                            }
                        ]
                    }
                ]
            }
        ],
        "thread_ts": "1634182712.019500",
        "parent_user_id": "U028UDDAWAD"
    },
    {
        "client_msg_id": "90258e4f-cac2-44f6-ba9b-370f0ef8847d",
        "type": "message",
        "text": "maybe we can figure it out together",
        "user": "U028Q9GDXN3",
        "ts": "1634182914.020400",
        "team": "T028CNVFETF",
        "user_team": "T028CNVFETF",
        "source_team": "T028CNVFETF",
        "user_profile": {
            "avatar_hash": "a6bbad4a67bc",
            "image_72": "https:\/\/avatars.slack-edge.com\/2021-07-26\/2308025050517_a6bbad4a67bc3cebd1c6_72.png",
            "first_name": "",
            "real_name": "Jack Hollis-London",
            "display_name": "Jack Hollis-London",
            "team": "T028CNVFETF",
            "name": "s3585034",
            "is_restricted": false,
            "is_ultra_restricted": false
        },
        "blocks": [
            {
                "type": "rich_text",
                "block_id": "hyBe",
                "elements": [
                    {
                        "type": "rich_text_section",
                        "elements": [
                            {
                                "type": "text",
                                "text": "maybe we can figure it out together"
                            }
                        ]
                    }
                ]
            }
        ],
        "thread_ts": "1634182712.019500",
        "parent_user_id": "U028UDDAWAD"
    },
    {
        "client_msg_id": "156bad42-7884-4898-acd0-6d219e039404",
        "type": "message",
        "text": "if we put our minds to it",
        "user": "U028Q9GDXN3",
        "ts": "1634182927.020600",
        "team": "T028CNVFETF",
        "user_team": "T028CNVFETF",
        "source_team": "T028CNVFETF",
        "user_profile": {
            "avatar_hash": "a6bbad4a67bc",
            "image_72": "https:\/\/avatars.slack-edge.com\/2021-07-26\/2308025050517_a6bbad4a67bc3cebd1c6_72.png",
            "first_name": "",
            "real_name": "Jack Hollis-London",
            "display_name": "Jack Hollis-London",
            "team": "T028CNVFETF",
            "name": "s3585034",
            "is_restricted": false,
            "is_ultra_restricted": false
        },
        "blocks": [
            {
                "type": "rich_text",
                "block_id": "BSy",
                "elements": [
                    {
                        "type": "rich_text_section",
                        "elements": [
                            {
                                "type": "text",
                                "text": "if we put our minds to it"
                            }
                        ]
                    }
                ]
            }
        ],
        "thread_ts": "1634182712.019500",
        "parent_user_id": "U028UDDAWAD"
    },
    {
        "client_msg_id": "3cc04303-4e26-45e2-9c5a-65e90a314896",
        "type": "message",
        "text": "I'm in a lec atm, so probs not the best time for a call. Maybe in a couple hours?",
        "user": "U028UDDAWAD",
        "ts": "1634183008.020800",
        "team": "T028CNVFETF",
        "user_team": "T028CNVFETF",
        "source_team": "T028CNVFETF",
        "user_profile": {
            "avatar_hash": "gbc659f0070f",
            "image_72": "https:\/\/secure.gravatar.com\/avatar\/bc659f0070f49e4d9ea463fb700c9f95.jpg?s=72&d=https%3A%2F%2Fa.slack-edge.com%2Fdf10d%2Fimg%2Favatars%2Fava_0021-72.png",
            "first_name": "Jacob",
            "real_name": "Jacob McEwan",
            "display_name": "Jacob McEwan",
            "team": "T028CNVFETF",
            "name": "s3841062",
            "is_restricted": false,
            "is_ultra_restricted": false
        },
        "blocks": [
            {
                "type": "rich_text",
                "block_id": "Fc1s",
                "elements": [
                    {
                        "type": "rich_text_section",
                        "elements": [
                            {
                                "type": "text",
                                "text": "I'm in a lec atm, so probs not the best time for a call. Maybe in a couple hours?"
                            }
                        ]
                    }
                ]
            }
        ],
        "thread_ts": "1634182712.019500",
        "parent_user_id": "U028UDDAWAD"
    },
    {
        "client_msg_id": "b7890be6-370e-4513-be66-bd5344fea15f",
        "type": "message",
        "text": "yes",
        "user": "U028Q9GDXN3",
        "ts": "1634183016.021000",
        "team": "T028CNVFETF",
        "user_team": "T028CNVFETF",
        "source_team": "T028CNVFETF",
        "user_profile": {
            "avatar_hash": "a6bbad4a67bc",
            "image_72": "https:\/\/avatars.slack-edge.com\/2021-07-26\/2308025050517_a6bbad4a67bc3cebd1c6_72.png",
            "first_name": "",
            "real_name": "Jack Hollis-London",
            "display_name": "Jack Hollis-London",
            "team": "T028CNVFETF",
            "name": "s3585034",
            "is_restricted": false,
            "is_ultra_restricted": false
        },
        "blocks": [
            {
                "type": "rich_text",
                "block_id": "GRr",
                "elements": [
                    {
                        "type": "rich_text_section",
                        "elements": [
                            {
                                "type": "text",
                                "text": "yes"
                            }
                        ]
                    }
                ]
            }
        ],
        "thread_ts": "1634182712.019500",
        "parent_user_id": "U028UDDAWAD"
    },
    {
        "client_msg_id": "895cad7d-5dda-4e16-bdcd-2ddcd7bdb8d2",
        "type": "message",
        "text": "I finish at 5:30pm so anytime after that should be good",
        "user": "U028UDDAWAD",
        "ts": "1634183047.021200",
        "team": "T028CNVFETF",
        "user_team": "T028CNVFETF",
        "source_team": "T028CNVFETF",
        "user_profile": {
            "avatar_hash": "gbc659f0070f",
            "image_72": "https:\/\/secure.gravatar.com\/avatar\/bc659f0070f49e4d9ea463fb700c9f95.jpg?s=72&d=https%3A%2F%2Fa.slack-edge.com%2Fdf10d%2Fimg%2Favatars%2Fava_0021-72.png",
            "first_name": "Jacob",
            "real_name": "Jacob McEwan",
            "display_name": "Jacob McEwan",
            "team": "T028CNVFETF",
            "name": "s3841062",
            "is_restricted": false,
            "is_ultra_restricted": false
        },
        "blocks": [
            {
                "type": "rich_text",
                "block_id": "+N4wE",
                "elements": [
                    {
                        "type": "rich_text_section",
                        "elements": [
                            {
                                "type": "text",
                                "text": "I finish at 5:30pm so anytime after that should be good"
                            }
                        ]
                    }
                ]
            }
        ],
        "thread_ts": "1634182712.019500",
        "parent_user_id": "U028UDDAWAD"
    },
    {
        "client_msg_id": "39e8bca6-3e2f-4d66-b152-df530dce5d80",
        "type": "message",
        "text": "alright",
        "user": "U028Q9GDXN3",
        "ts": "1634183060.021400",
        "team": "T028CNVFETF",
        "user_team": "T028CNVFETF",
        "source_team": "T028CNVFETF",
        "user_profile": {
            "avatar_hash": "a6bbad4a67bc",
            "image_72": "https:\/\/avatars.slack-edge.com\/2021-07-26\/2308025050517_a6bbad4a67bc3cebd1c6_72.png",
            "first_name": "",
            "real_name": "Jack Hollis-London",
            "display_name": "Jack Hollis-London",
            "team": "T028CNVFETF",
            "name": "s3585034",
            "is_restricted": false,
            "is_ultra_restricted": false
        },
        "blocks": [
            {
                "type": "rich_text",
                "block_id": "jWKe",
                "elements": [
                    {
                        "type": "rich_text_section",
                        "elements": [
                            {
                                "type": "text",
                                "text": "alright"
                            }
                        ]
                    }
                ]
            }
        ],
        "thread_ts": "1634182712.019500",
        "parent_user_id": "U028UDDAWAD"
    },
    {
        "client_msg_id": "81fe8072-c42a-4cf7-ab00-b3bd7c7cc250",
        "type": "message",
        "text": "<@U028Q9GDXN3> you down to jump in a call?",
        "user": "U028UDDAWAD",
        "ts": "1634193683.021600",
        "team": "T028CNVFETF",
        "user_team": "T028CNVFETF",
        "source_team": "T028CNVFETF",
        "user_profile": {
            "avatar_hash": "gbc659f0070f",
            "image_72": "https:\/\/secure.gravatar.com\/avatar\/bc659f0070f49e4d9ea463fb700c9f95.jpg?s=72&d=https%3A%2F%2Fa.slack-edge.com%2Fdf10d%2Fimg%2Favatars%2Fava_0021-72.png",
            "first_name": "Jacob",
            "real_name": "Jacob McEwan",
            "display_name": "Jacob McEwan",
            "team": "T028CNVFETF",
            "name": "s3841062",
            "is_restricted": false,
            "is_ultra_restricted": false
        },
        "blocks": [
            {
                "type": "rich_text",
                "block_id": "xqJ",
                "elements": [
                    {
                        "type": "rich_text_section",
                        "elements": [
                            {
                                "type": "user",
                                "user_id": "U028Q9GDXN3"
                            },
                            {
                                "type": "text",
                                "text": " you down to jump in a call?"
                            }
                        ]
                    }
                ]
            }
        ],
        "thread_ts": "1634182712.019500",
        "parent_user_id": "U028UDDAWAD"
    },
    {
        "client_msg_id": "851c2622-a2b2-4bc3-9601-803885d0909a",
        "type": "message",
        "text": "1 sec",
        "user": "U028Q9GDXN3",
        "ts": "1634193733.021800",
        "team": "T028CNVFETF",
        "user_team": "T028CNVFETF",
        "source_team": "T028CNVFETF",
        "user_profile": {
            "avatar_hash": "a6bbad4a67bc",
            "image_72": "https:\/\/avatars.slack-edge.com\/2021-07-26\/2308025050517_a6bbad4a67bc3cebd1c6_72.png",
            "first_name": "",
            "real_name": "Jack Hollis-London",
            "display_name": "Jack Hollis-London",
            "team": "T028CNVFETF",
            "name": "s3585034",
            "is_restricted": false,
            "is_ultra_restricted": false
        },
        "blocks": [
            {
                "type": "rich_text",
                "block_id": "x\/dBg",
                "elements": [
                    {
                        "type": "rich_text_section",
                        "elements": [
                            {
                                "type": "text",
                                "text": "1 sec"
                            }
                        ]
                    }
                ]
            }
        ],
        "thread_ts": "1634182712.019500",
        "parent_user_id": "U028UDDAWAD"
    },
    {
        "client_msg_id": "acabf849-500c-46fc-8e9c-8ac5d37dec36",
        "type": "message",
        "text": "ok im in",
        "user": "U028Q9GDXN3",
        "ts": "1634193771.022000",
        "team": "T028CNVFETF",
        "user_team": "T028CNVFETF",
        "source_team": "T028CNVFETF",
        "user_profile": {
            "avatar_hash": "a6bbad4a67bc",
            "image_72": "https:\/\/avatars.slack-edge.com\/2021-07-26\/2308025050517_a6bbad4a67bc3cebd1c6_72.png",
            "first_name": "",
            "real_name": "Jack Hollis-London",
            "display_name": "Jack Hollis-London",
            "team": "T028CNVFETF",
            "name": "s3585034",
            "is_restricted": false,
            "is_ultra_restricted": false
        },
        "blocks": [
            {
                "type": "rich_text",
                "block_id": "6WJX",
                "elements": [
                    {
                        "type": "rich_text_section",
                        "elements": [
                            {
                                "type": "text",
                                "text": "ok im in"
                            }
                        ]
                    }
                ]
            }
        ],
        "thread_ts": "1634182712.019500",
        "parent_user_id": "U028UDDAWAD"
    }
]