[
    {
        "client_msg_id": "0eafd1a1-cbb6-4f9d-b939-af8e7894f1e9",
        "type": "message",
        "text": "thought I was going crazy turns out AWS educate only allows creation of RDS databases using 3 specific compute classes",
        "user": "U028Q9GDXN3",
        "ts": "1632640418.000600",
        "team": "T028CNVFETF",
        "user_team": "T028CNVFETF",
        "source_team": "T028CNVFETF",
        "user_profile": {
            "avatar_hash": "a6bbad4a67bc",
            "image_72": "https:\/\/avatars.slack-edge.com\/2021-07-26\/2308025050517_a6bbad4a67bc3cebd1c6_72.png",
            "first_name": "",
            "real_name": "Jack Hollis-London",
            "display_name": "Jack Hollis-London",
            "team": "T028CNVFETF",
            "name": "s3585034",
            "is_restricted": false,
            "is_ultra_restricted": false
        },
        "blocks": [
            {
                "type": "rich_text",
                "block_id": "U\/\/v",
                "elements": [
                    {
                        "type": "rich_text_section",
                        "elements": [
                            {
                                "type": "text",
                                "text": "thought I was going crazy turns out AWS educate only allows creation of RDS databases using 3 specific compute classes"
                            }
                        ]
                    }
                ]
            }
        ]
    },
    {
        "client_msg_id": "4469b8f4-743e-462a-b0bd-8b103647cc24",
        "type": "message",
        "text": "our sprint velocity is off the charts",
        "user": "U028Q9GDXN3",
        "ts": "1632710902.001000",
        "team": "T028CNVFETF",
        "user_team": "T028CNVFETF",
        "source_team": "T028CNVFETF",
        "user_profile": {
            "avatar_hash": "a6bbad4a67bc",
            "image_72": "https:\/\/avatars.slack-edge.com\/2021-07-26\/2308025050517_a6bbad4a67bc3cebd1c6_72.png",
            "first_name": "",
            "real_name": "Jack Hollis-London",
            "display_name": "Jack Hollis-London",
            "team": "T028CNVFETF",
            "name": "s3585034",
            "is_restricted": false,
            "is_ultra_restricted": false
        },
        "blocks": [
            {
                "type": "rich_text",
                "block_id": "1388",
                "elements": [
                    {
                        "type": "rich_text_section",
                        "elements": [
                            {
                                "type": "text",
                                "text": "our sprint velocity is off the charts"
                            }
                        ]
                    }
                ]
            }
        ],
        "thread_ts": "1632710902.001000",
        "reply_count": 8,
        "reply_users_count": 2,
        "latest_reply": "1632715577.002700",
        "reply_users": [
            "U02812J04H5",
            "U028Q9GDXN3"
        ],
        "replies": [
            {
                "user": "U02812J04H5",
                "ts": "1632711225.001100"
            },
            {
                "user": "U028Q9GDXN3",
                "ts": "1632711438.001300"
            },
            {
                "user": "U02812J04H5",
                "ts": "1632712400.001700"
            },
            {
                "user": "U02812J04H5",
                "ts": "1632712419.001900"
            },
            {
                "user": "U028Q9GDXN3",
                "ts": "1632712867.002100"
            },
            {
                "user": "U028Q9GDXN3",
                "ts": "1632712882.002300"
            },
            {
                "user": "U02812J04H5",
                "ts": "1632714611.002500"
            },
            {
                "user": "U028Q9GDXN3",
                "ts": "1632715577.002700"
            }
        ],
        "is_locked": false,
        "subscribed": false
    },
    {
        "client_msg_id": "7b5018ed-75ac-4ba8-852e-c5a8c7b57801",
        "type": "message",
        "text": "what do you mean?",
        "user": "U02812J04H5",
        "ts": "1632711225.001100",
        "team": "T028CNVFETF",
        "user_team": "T028CNVFETF",
        "source_team": "T028CNVFETF",
        "user_profile": {
            "avatar_hash": "g9ff92d51e82",
            "image_72": "https:\/\/secure.gravatar.com\/avatar\/9ff92d51e820b2c762e345cf0c31cdb3.jpg?s=72&d=https%3A%2F%2Fa.slack-edge.com%2Fdf10d%2Fimg%2Favatars%2Fava_0020-72.png",
            "first_name": "",
            "real_name": "Moritz Hauptmann",
            "display_name": "Moritz Hauptmann",
            "team": "T028CNVFETF",
            "name": "s3851298",
            "is_restricted": false,
            "is_ultra_restricted": false
        },
        "blocks": [
            {
                "type": "rich_text",
                "block_id": "iLM07",
                "elements": [
                    {
                        "type": "rich_text_section",
                        "elements": [
                            {
                                "type": "text",
                                "text": "what do you mean?"
                            }
                        ]
                    }
                ]
            }
        ],
        "thread_ts": "1632710902.001000",
        "parent_user_id": "U028Q9GDXN3"
    },
    {
        "type": "message",
        "text": "",
        "files": [
            {
                "id": "F02FPPRPKRQ",
                "created": 1632711400,
                "timestamp": 1632711400,
                "name": "image.png",
                "title": "image.png",
                "mimetype": "image\/png",
                "filetype": "png",
                "pretty_type": "PNG",
                "user": "U028Q9GDXN3",
                "editable": false,
                "size": 57944,
                "mode": "hosted",
                "is_external": false,
                "external_type": "",
                "is_public": true,
                "public_url_shared": false,
                "display_as_bot": false,
                "username": "",
                "url_private": "https:\/\/files.slack.com\/files-pri\/T028CNVFETF-F02FPPRPKRQ\/image.png?t=xoxe-2284777524933-2639320681602-2636333542453-c87d2329fb29bd04b1bea169bb97cfd5",
                "url_private_download": "https:\/\/files.slack.com\/files-pri\/T028CNVFETF-F02FPPRPKRQ\/download\/image.png?t=xoxe-2284777524933-2639320681602-2636333542453-c87d2329fb29bd04b1bea169bb97cfd5",
                "media_display_type": "unknown",
                "thumb_64": "https:\/\/files.slack.com\/files-tmb\/T028CNVFETF-F02FPPRPKRQ-b845edb47d\/image_64.png?t=xoxe-2284777524933-2639320681602-2636333542453-c87d2329fb29bd04b1bea169bb97cfd5",
                "thumb_80": "https:\/\/files.slack.com\/files-tmb\/T028CNVFETF-F02FPPRPKRQ-b845edb47d\/image_80.png?t=xoxe-2284777524933-2639320681602-2636333542453-c87d2329fb29bd04b1bea169bb97cfd5",
                "thumb_360": "https:\/\/files.slack.com\/files-tmb\/T028CNVFETF-F02FPPRPKRQ-b845edb47d\/image_360.png?t=xoxe-2284777524933-2639320681602-2636333542453-c87d2329fb29bd04b1bea169bb97cfd5",
                "thumb_360_w": 360,
                "thumb_360_h": 138,
                "thumb_480": "https:\/\/files.slack.com\/files-tmb\/T028CNVFETF-F02FPPRPKRQ-b845edb47d\/image_480.png?t=xoxe-2284777524933-2639320681602-2636333542453-c87d2329fb29bd04b1bea169bb97cfd5",
                "thumb_480_w": 480,
                "thumb_480_h": 184,
                "thumb_160": "https:\/\/files.slack.com\/files-tmb\/T028CNVFETF-F02FPPRPKRQ-b845edb47d\/image_160.png?t=xoxe-2284777524933-2639320681602-2636333542453-c87d2329fb29bd04b1bea169bb97cfd5",
                "thumb_720": "https:\/\/files.slack.com\/files-tmb\/T028CNVFETF-F02FPPRPKRQ-b845edb47d\/image_720.png?t=xoxe-2284777524933-2639320681602-2636333542453-c87d2329fb29bd04b1bea169bb97cfd5",
                "thumb_720_w": 720,
                "thumb_720_h": 276,
                "thumb_800": "https:\/\/files.slack.com\/files-tmb\/T028CNVFETF-F02FPPRPKRQ-b845edb47d\/image_800.png?t=xoxe-2284777524933-2639320681602-2636333542453-c87d2329fb29bd04b1bea169bb97cfd5",
                "thumb_800_w": 800,
                "thumb_800_h": 307,
                "thumb_960": "https:\/\/files.slack.com\/files-tmb\/T028CNVFETF-F02FPPRPKRQ-b845edb47d\/image_960.png?t=xoxe-2284777524933-2639320681602-2636333542453-c87d2329fb29bd04b1bea169bb97cfd5",
                "thumb_960_w": 960,
                "thumb_960_h": 369,
                "thumb_1024": "https:\/\/files.slack.com\/files-tmb\/T028CNVFETF-F02FPPRPKRQ-b845edb47d\/image_1024.png?t=xoxe-2284777524933-2639320681602-2636333542453-c87d2329fb29bd04b1bea169bb97cfd5",
                "thumb_1024_w": 1024,
                "thumb_1024_h": 393,
                "original_w": 1625,
                "original_h": 624,
                "thumb_tiny": "AwASADCjRRSUALRRRQAUUUUAFFFFABRRRQAUUUUAf\/\/Z",
                "permalink": "https:\/\/septassignmentproject.slack.com\/files\/U028Q9GDXN3\/F02FPPRPKRQ\/image.png",
                "permalink_public": "https:\/\/slack-files.com\/T028CNVFETF-F02FPPRPKRQ-046da4df71",
                "is_starred": false,
                "has_rich_preview": false
            }
        ],
        "upload": false,
        "user": "U028Q9GDXN3",
        "display_as_bot": false,
        "ts": "1632711438.001300",
        "thread_ts": "1632710902.001000",
        "parent_user_id": "U028Q9GDXN3"
    },
    {
        "client_msg_id": "88cc9375-da0f-4277-bc06-7cc3599c0f72",
        "type": "message",
        "text": "its for this sprint, isn't it?",
        "user": "U02812J04H5",
        "ts": "1632712400.001700",
        "team": "T028CNVFETF",
        "user_team": "T028CNVFETF",
        "source_team": "T028CNVFETF",
        "user_profile": {
            "avatar_hash": "g9ff92d51e82",
            "image_72": "https:\/\/secure.gravatar.com\/avatar\/9ff92d51e820b2c762e345cf0c31cdb3.jpg?s=72&d=https%3A%2F%2Fa.slack-edge.com%2Fdf10d%2Fimg%2Favatars%2Fava_0020-72.png",
            "first_name": "",
            "real_name": "Moritz Hauptmann",
            "display_name": "Moritz Hauptmann",
            "team": "T028CNVFETF",
            "name": "s3851298",
            "is_restricted": false,
            "is_ultra_restricted": false
        },
        "blocks": [
            {
                "type": "rich_text",
                "block_id": "aVfvd",
                "elements": [
                    {
                        "type": "rich_text_section",
                        "elements": [
                            {
                                "type": "text",
                                "text": "its for this sprint, isn't it?"
                            }
                        ]
                    }
                ]
            }
        ],
        "thread_ts": "1632710902.001000",
        "parent_user_id": "U028Q9GDXN3"
    },
    {
        "client_msg_id": "fd2e47e9-a6b5-4884-a675-06033a78d54b",
        "type": "message",
        "text": "we haven't completed anything yet",
        "user": "U02812J04H5",
        "ts": "1632712419.001900",
        "team": "T028CNVFETF",
        "user_team": "T028CNVFETF",
        "source_team": "T028CNVFETF",
        "user_profile": {
            "avatar_hash": "g9ff92d51e82",
            "image_72": "https:\/\/secure.gravatar.com\/avatar\/9ff92d51e820b2c762e345cf0c31cdb3.jpg?s=72&d=https%3A%2F%2Fa.slack-edge.com%2Fdf10d%2Fimg%2Favatars%2Fava_0020-72.png",
            "first_name": "",
            "real_name": "Moritz Hauptmann",
            "display_name": "Moritz Hauptmann",
            "team": "T028CNVFETF",
            "name": "s3851298",
            "is_restricted": false,
            "is_ultra_restricted": false
        },
        "blocks": [
            {
                "type": "rich_text",
                "block_id": "iHy2t",
                "elements": [
                    {
                        "type": "rich_text_section",
                        "elements": [
                            {
                                "type": "text",
                                "text": "we haven't completed anything yet"
                            }
                        ]
                    }
                ]
            }
        ],
        "thread_ts": "1632710902.001000",
        "parent_user_id": "U028Q9GDXN3"
    },
    {
        "client_msg_id": "d8dccddb-b221-476c-b1e9-3b27c1ad7304",
        "type": "message",
        "text": "yes",
        "user": "U028Q9GDXN3",
        "ts": "1632712867.002100",
        "team": "T028CNVFETF",
        "user_team": "T028CNVFETF",
        "source_team": "T028CNVFETF",
        "user_profile": {
            "avatar_hash": "a6bbad4a67bc",
            "image_72": "https:\/\/avatars.slack-edge.com\/2021-07-26\/2308025050517_a6bbad4a67bc3cebd1c6_72.png",
            "first_name": "",
            "real_name": "Jack Hollis-London",
            "display_name": "Jack Hollis-London",
            "team": "T028CNVFETF",
            "name": "s3585034",
            "is_restricted": false,
            "is_ultra_restricted": false
        },
        "blocks": [
            {
                "type": "rich_text",
                "block_id": "NGnp",
                "elements": [
                    {
                        "type": "rich_text_section",
                        "elements": [
                            {
                                "type": "text",
                                "text": "yes"
                            }
                        ]
                    }
                ]
            }
        ],
        "thread_ts": "1632710902.001000",
        "parent_user_id": "U028Q9GDXN3"
    },
    {
        "client_msg_id": "799950be-591b-4893-896d-a7446b22ca31",
        "type": "message",
        "text": "but this is from our firs spring from milestone 2",
        "user": "U028Q9GDXN3",
        "ts": "1632712882.002300",
        "team": "T028CNVFETF",
        "user_team": "T028CNVFETF",
        "source_team": "T028CNVFETF",
        "user_profile": {
            "avatar_hash": "a6bbad4a67bc",
            "image_72": "https:\/\/avatars.slack-edge.com\/2021-07-26\/2308025050517_a6bbad4a67bc3cebd1c6_72.png",
            "first_name": "",
            "real_name": "Jack Hollis-London",
            "display_name": "Jack Hollis-London",
            "team": "T028CNVFETF",
            "name": "s3585034",
            "is_restricted": false,
            "is_ultra_restricted": false
        },
        "blocks": [
            {
                "type": "rich_text",
                "block_id": "omH7",
                "elements": [
                    {
                        "type": "rich_text_section",
                        "elements": [
                            {
                                "type": "text",
                                "text": "but this is from our firs spring from milestone 2"
                            }
                        ]
                    }
                ]
            }
        ],
        "thread_ts": "1632710902.001000",
        "parent_user_id": "U028Q9GDXN3"
    },
    {
        "client_msg_id": "07d7e0d5-00d3-4826-92dc-3b7435fecb06",
        "type": "message",
        "text": "yes we haven't completed any in our first sprint either",
        "user": "U02812J04H5",
        "ts": "1632714611.002500",
        "team": "T028CNVFETF",
        "user_team": "T028CNVFETF",
        "source_team": "T028CNVFETF",
        "user_profile": {
            "avatar_hash": "g9ff92d51e82",
            "image_72": "https:\/\/secure.gravatar.com\/avatar\/9ff92d51e820b2c762e345cf0c31cdb3.jpg?s=72&d=https%3A%2F%2Fa.slack-edge.com%2Fdf10d%2Fimg%2Favatars%2Fava_0020-72.png",
            "first_name": "",
            "real_name": "Moritz Hauptmann",
            "display_name": "Moritz Hauptmann",
            "team": "T028CNVFETF",
            "name": "s3851298",
            "is_restricted": false,
            "is_ultra_restricted": false
        },
        "blocks": [
            {
                "type": "rich_text",
                "block_id": "kMl9",
                "elements": [
                    {
                        "type": "rich_text_section",
                        "elements": [
                            {
                                "type": "text",
                                "text": "yes we haven't completed any in our first sprint either"
                            }
                        ]
                    }
                ]
            }
        ],
        "thread_ts": "1632710902.001000",
        "parent_user_id": "U028Q9GDXN3"
    },
    {
        "client_msg_id": "18be4494-cc3d-4550-84fa-3737a21ba5e9",
        "type": "message",
        "text": "absolutely right",
        "user": "U028Q9GDXN3",
        "ts": "1632715577.002700",
        "team": "T028CNVFETF",
        "user_team": "T028CNVFETF",
        "source_team": "T028CNVFETF",
        "user_profile": {
            "avatar_hash": "a6bbad4a67bc",
            "image_72": "https:\/\/avatars.slack-edge.com\/2021-07-26\/2308025050517_a6bbad4a67bc3cebd1c6_72.png",
            "first_name": "",
            "real_name": "Jack Hollis-London",
            "display_name": "Jack Hollis-London",
            "team": "T028CNVFETF",
            "name": "s3585034",
            "is_restricted": false,
            "is_ultra_restricted": false
        },
        "blocks": [
            {
                "type": "rich_text",
                "block_id": "O6P",
                "elements": [
                    {
                        "type": "rich_text_section",
                        "elements": [
                            {
                                "type": "text",
                                "text": "absolutely right"
                            }
                        ]
                    }
                ]
            }
        ],
        "thread_ts": "1632710902.001000",
        "parent_user_id": "U028Q9GDXN3"
    },
    {
        "client_msg_id": "f67d45dc-c051-43ce-a5fe-b0eb79c85d56",
        "type": "message",
        "text": "ended up making my own aws account because the aws educate account is too locked down to allow CI\/CD",
        "user": "U028Q9GDXN3",
        "ts": "1632724523.004800",
        "team": "T028CNVFETF",
        "user_team": "T028CNVFETF",
        "source_team": "T028CNVFETF",
        "user_profile": {
            "avatar_hash": "a6bbad4a67bc",
            "image_72": "https:\/\/avatars.slack-edge.com\/2021-07-26\/2308025050517_a6bbad4a67bc3cebd1c6_72.png",
            "first_name": "",
            "real_name": "Jack Hollis-London",
            "display_name": "Jack Hollis-London",
            "team": "T028CNVFETF",
            "name": "s3585034",
            "is_restricted": false,
            "is_ultra_restricted": false
        },
        "blocks": [
            {
                "type": "rich_text",
                "block_id": "gInNt",
                "elements": [
                    {
                        "type": "rich_text_section",
                        "elements": [
                            {
                                "type": "text",
                                "text": "ended up making my own aws account because the aws educate account is too locked down to allow CI\/CD"
                            }
                        ]
                    }
                ]
            }
        ],
        "thread_ts": "1632724523.004800",
        "reply_count": 25,
        "reply_users_count": 2,
        "latest_reply": "1632936553.016400",
        "reply_users": [
            "U028UDDAWAD",
            "U028Q9GDXN3"
        ],
        "replies": [
            {
                "user": "U028UDDAWAD",
                "ts": "1632724638.004900"
            },
            {
                "user": "U028Q9GDXN3",
                "ts": "1632724668.005100"
            },
            {
                "user": "U028UDDAWAD",
                "ts": "1632724845.005300"
            },
            {
                "user": "U028Q9GDXN3",
                "ts": "1632725013.005500"
            },
            {
                "user": "U028Q9GDXN3",
                "ts": "1632725016.005700"
            },
            {
                "user": "U028Q9GDXN3",
                "ts": "1632725043.006100"
            },
            {
                "user": "U028Q9GDXN3",
                "ts": "1632750182.006300"
            },
            {
                "user": "U028Q9GDXN3",
                "ts": "1632750208.006500"
            },
            {
                "user": "U028Q9GDXN3",
                "ts": "1632784440.006700"
            },
            {
                "user": "U028Q9GDXN3",
                "ts": "1632784544.006900"
            },
            {
                "user": "U028Q9GDXN3",
                "ts": "1632784564.007100"
            },
            {
                "user": "U028Q9GDXN3",
                "ts": "1632784568.007500"
            },
            {
                "user": "U028Q9GDXN3",
                "ts": "1632791298.007700"
            },
            {
                "user": "U028Q9GDXN3",
                "ts": "1632791305.007900"
            },
            {
                "user": "U028Q9GDXN3",
                "ts": "1632791777.008100"
            },
            {
                "user": "U028Q9GDXN3",
                "ts": "1632791858.008500"
            },
            {
                "user": "U028Q9GDXN3",
                "ts": "1632791874.008700"
            },
            {
                "user": "U028Q9GDXN3",
                "ts": "1632791875.008900"
            },
            {
                "user": "U028Q9GDXN3",
                "ts": "1632936228.015100"
            },
            {
                "user": "U028Q9GDXN3",
                "ts": "1632936303.015300"
            },
            {
                "user": "U028Q9GDXN3",
                "ts": "1632936319.015500"
            },
            {
                "user": "U028Q9GDXN3",
                "ts": "1632936335.015700"
            },
            {
                "user": "U028Q9GDXN3",
                "ts": "1632936356.015900"
            },
            {
                "user": "U028Q9GDXN3",
                "ts": "1632936415.016100"
            },
            {
                "user": "U028Q9GDXN3",
                "ts": "1632936553.016400"
            }
        ],
        "is_locked": false,
        "subscribed": true,
        "last_read": "1632791875.008900"
    },
    {
        "client_msg_id": "da769748-de8c-4796-8926-3f455155277d",
        "type": "message",
        "text": "I feel like they wouldn't be getting us to do something that isn't possible on the educate accounts. He was saying in the lecture today that he's got certification as an educator now, he's just waiting on the credits. Still hasn't given a time frame though.",
        "user": "U028UDDAWAD",
        "ts": "1632724638.004900",
        "team": "T028CNVFETF",
        "user_team": "T028CNVFETF",
        "source_team": "T028CNVFETF",
        "user_profile": {
            "avatar_hash": "gbc659f0070f",
            "image_72": "https:\/\/secure.gravatar.com\/avatar\/bc659f0070f49e4d9ea463fb700c9f95.jpg?s=72&d=https%3A%2F%2Fa.slack-edge.com%2Fdf10d%2Fimg%2Favatars%2Fava_0021-72.png",
            "first_name": "Jacob",
            "real_name": "Jacob McEwan",
            "display_name": "Jacob McEwan",
            "team": "T028CNVFETF",
            "name": "s3841062",
            "is_restricted": false,
            "is_ultra_restricted": false
        },
        "blocks": [
            {
                "type": "rich_text",
                "block_id": "oUM",
                "elements": [
                    {
                        "type": "rich_text_section",
                        "elements": [
                            {
                                "type": "text",
                                "text": "I feel like they wouldn't be getting us to do something that isn't possible on the educate accounts. He was saying in the lecture today that he's got certification as an educator now, he's just waiting on the credits. Still hasn't given a time frame though."
                            }
                        ]
                    }
                ]
            }
        ],
        "thread_ts": "1632724523.004800",
        "parent_user_id": "U028Q9GDXN3"
    },
    {
        "client_msg_id": "cbaf65e8-7f9c-496c-8b4f-79c24d67281e",
        "type": "message",
        "text": "i dont have time to find a way around it",
        "user": "U028Q9GDXN3",
        "ts": "1632724668.005100",
        "team": "T028CNVFETF",
        "user_team": "T028CNVFETF",
        "source_team": "T028CNVFETF",
        "user_profile": {
            "avatar_hash": "a6bbad4a67bc",
            "image_72": "https:\/\/avatars.slack-edge.com\/2021-07-26\/2308025050517_a6bbad4a67bc3cebd1c6_72.png",
            "first_name": "",
            "real_name": "Jack Hollis-London",
            "display_name": "Jack Hollis-London",
            "team": "T028CNVFETF",
            "name": "s3585034",
            "is_restricted": false,
            "is_ultra_restricted": false
        },
        "blocks": [
            {
                "type": "rich_text",
                "block_id": "3qKM9",
                "elements": [
                    {
                        "type": "rich_text_section",
                        "elements": [
                            {
                                "type": "text",
                                "text": "i dont have time to find a way around it"
                            }
                        ]
                    }
                ]
            }
        ],
        "thread_ts": "1632724523.004800",
        "parent_user_id": "U028Q9GDXN3"
    },
    {
        "client_msg_id": "c0c5de05-e9c9-4d21-9fb1-9bfd2c6b1a9b",
        "type": "message",
        "text": "Yeah. I'm hoping he gets the credit soon otherwise he's going to have a mess on his hands with other groups as well. We'll end up being stuck in the final 3-4 days and need to get a deployment out",
        "user": "U028UDDAWAD",
        "ts": "1632724845.005300",
        "team": "T028CNVFETF",
        "user_team": "T028CNVFETF",
        "source_team": "T028CNVFETF",
        "user_profile": {
            "avatar_hash": "gbc659f0070f",
            "image_72": "https:\/\/secure.gravatar.com\/avatar\/bc659f0070f49e4d9ea463fb700c9f95.jpg?s=72&d=https%3A%2F%2Fa.slack-edge.com%2Fdf10d%2Fimg%2Favatars%2Fava_0021-72.png",
            "first_name": "Jacob",
            "real_name": "Jacob McEwan",
            "display_name": "Jacob McEwan",
            "team": "T028CNVFETF",
            "name": "s3841062",
            "is_restricted": false,
            "is_ultra_restricted": false
        },
        "blocks": [
            {
                "type": "rich_text",
                "block_id": "4DV7e",
                "elements": [
                    {
                        "type": "rich_text_section",
                        "elements": [
                            {
                                "type": "text",
                                "text": "Yeah. I'm hoping he gets the credit soon otherwise he's going to have a mess on his hands with other groups as well. We'll end up being stuck in the final 3-4 days and need to get a deployment out"
                            }
                        ]
                    }
                ]
            }
        ],
        "thread_ts": "1632724523.004800",
        "parent_user_id": "U028Q9GDXN3"
    },
    {
        "client_msg_id": "b180e24b-3961-4fb1-98c8-aaa21a788813",
        "type": "message",
        "text": "lmao look at this tech stack on AWS",
        "user": "U028Q9GDXN3",
        "ts": "1632725013.005500",
        "team": "T028CNVFETF",
        "user_team": "T028CNVFETF",
        "source_team": "T028CNVFETF",
        "user_profile": {
            "avatar_hash": "a6bbad4a67bc",
            "image_72": "https:\/\/avatars.slack-edge.com\/2021-07-26\/2308025050517_a6bbad4a67bc3cebd1c6_72.png",
            "first_name": "",
            "real_name": "Jack Hollis-London",
            "display_name": "Jack Hollis-London",
            "team": "T028CNVFETF",
            "name": "s3585034",
            "is_restricted": false,
            "is_ultra_restricted": false
        },
        "blocks": [
            {
                "type": "rich_text",
                "block_id": "IHFvw",
                "elements": [
                    {
                        "type": "rich_text_section",
                        "elements": [
                            {
                                "type": "text",
                                "text": "lmao look at this tech stack on AWS"
                            }
                        ]
                    }
                ]
            }
        ],
        "thread_ts": "1632724523.004800",
        "parent_user_id": "U028Q9GDXN3"
    },
    {
        "type": "message",
        "text": "",
        "files": [
            {
                "id": "F02FQ9052JW",
                "created": 1632725014,
                "timestamp": 1632725014,
                "name": "image.png",
                "title": "image.png",
                "mimetype": "image\/png",
                "filetype": "png",
                "pretty_type": "PNG",
                "user": "U028Q9GDXN3",
                "editable": false,
                "size": 71702,
                "mode": "hosted",
                "is_external": false,
                "external_type": "",
                "is_public": true,
                "public_url_shared": false,
                "display_as_bot": false,
                "username": "",
                "url_private": "https:\/\/files.slack.com\/files-pri\/T028CNVFETF-F02FQ9052JW\/image.png?t=xoxe-2284777524933-2639320681602-2636333542453-c87d2329fb29bd04b1bea169bb97cfd5",
                "url_private_download": "https:\/\/files.slack.com\/files-pri\/T028CNVFETF-F02FQ9052JW\/download\/image.png?t=xoxe-2284777524933-2639320681602-2636333542453-c87d2329fb29bd04b1bea169bb97cfd5",
                "media_display_type": "unknown",
                "thumb_64": "https:\/\/files.slack.com\/files-tmb\/T028CNVFETF-F02FQ9052JW-3e3305fc9d\/image_64.png?t=xoxe-2284777524933-2639320681602-2636333542453-c87d2329fb29bd04b1bea169bb97cfd5",
                "thumb_80": "https:\/\/files.slack.com\/files-tmb\/T028CNVFETF-F02FQ9052JW-3e3305fc9d\/image_80.png?t=xoxe-2284777524933-2639320681602-2636333542453-c87d2329fb29bd04b1bea169bb97cfd5",
                "thumb_360": "https:\/\/files.slack.com\/files-tmb\/T028CNVFETF-F02FQ9052JW-3e3305fc9d\/image_360.png?t=xoxe-2284777524933-2639320681602-2636333542453-c87d2329fb29bd04b1bea169bb97cfd5",
                "thumb_360_w": 360,
                "thumb_360_h": 186,
                "thumb_480": "https:\/\/files.slack.com\/files-tmb\/T028CNVFETF-F02FQ9052JW-3e3305fc9d\/image_480.png?t=xoxe-2284777524933-2639320681602-2636333542453-c87d2329fb29bd04b1bea169bb97cfd5",
                "thumb_480_w": 480,
                "thumb_480_h": 248,
                "thumb_160": "https:\/\/files.slack.com\/files-tmb\/T028CNVFETF-F02FQ9052JW-3e3305fc9d\/image_160.png?t=xoxe-2284777524933-2639320681602-2636333542453-c87d2329fb29bd04b1bea169bb97cfd5",
                "thumb_720": "https:\/\/files.slack.com\/files-tmb\/T028CNVFETF-F02FQ9052JW-3e3305fc9d\/image_720.png?t=xoxe-2284777524933-2639320681602-2636333542453-c87d2329fb29bd04b1bea169bb97cfd5",
                "thumb_720_w": 720,
                "thumb_720_h": 372,
                "thumb_800": "https:\/\/files.slack.com\/files-tmb\/T028CNVFETF-F02FQ9052JW-3e3305fc9d\/image_800.png?t=xoxe-2284777524933-2639320681602-2636333542453-c87d2329fb29bd04b1bea169bb97cfd5",
                "thumb_800_w": 800,
                "thumb_800_h": 413,
                "thumb_960": "https:\/\/files.slack.com\/files-tmb\/T028CNVFETF-F02FQ9052JW-3e3305fc9d\/image_960.png?t=xoxe-2284777524933-2639320681602-2636333542453-c87d2329fb29bd04b1bea169bb97cfd5",
                "thumb_960_w": 960,
                "thumb_960_h": 496,
                "thumb_1024": "https:\/\/files.slack.com\/files-tmb\/T028CNVFETF-F02FQ9052JW-3e3305fc9d\/image_1024.png?t=xoxe-2284777524933-2639320681602-2636333542453-c87d2329fb29bd04b1bea169bb97cfd5",
                "thumb_1024_w": 1024,
                "thumb_1024_h": 529,
                "original_w": 1269,
                "original_h": 655,
                "thumb_tiny": "AwAYADC79kg\/55LSfZIP+eS1PRQBB9mh6GMUG1gH\/LJal79qVqd2BF9lg\/55LR9kg\/55LU1FK4BQaKRulACDrSmmr1px6UALRRRQB\/\/Z",
                "permalink": "https:\/\/septassignmentproject.slack.com\/files\/U028Q9GDXN3\/F02FQ9052JW\/image.png",
                "permalink_public": "https:\/\/slack-files.com\/T028CNVFETF-F02FQ9052JW-1d524b2a4c",
                "is_starred": false,
                "has_rich_preview": false
            }
        ],
        "upload": false,
        "user": "U028Q9GDXN3",
        "display_as_bot": false,
        "ts": "1632725016.005700",
        "thread_ts": "1632724523.004800",
        "parent_user_id": "U028Q9GDXN3"
    },
    {
        "client_msg_id": "dbe694a9-0c0f-4610-94c4-1d4c3ac72192",
        "type": "message",
        "text": "how many frontend libraries do you want? yes",
        "user": "U028Q9GDXN3",
        "ts": "1632725043.006100",
        "team": "T028CNVFETF",
        "user_team": "T028CNVFETF",
        "source_team": "T028CNVFETF",
        "user_profile": {
            "avatar_hash": "a6bbad4a67bc",
            "image_72": "https:\/\/avatars.slack-edge.com\/2021-07-26\/2308025050517_a6bbad4a67bc3cebd1c6_72.png",
            "first_name": "",
            "real_name": "Jack Hollis-London",
            "display_name": "Jack Hollis-London",
            "team": "T028CNVFETF",
            "name": "s3585034",
            "is_restricted": false,
            "is_ultra_restricted": false
        },
        "blocks": [
            {
                "type": "rich_text",
                "block_id": "ltUuS",
                "elements": [
                    {
                        "type": "rich_text_section",
                        "elements": [
                            {
                                "type": "text",
                                "text": "how many frontend libraries do you want? yes"
                            }
                        ]
                    }
                ]
            }
        ],
        "thread_ts": "1632724523.004800",
        "parent_user_id": "U028Q9GDXN3"
    }
]