[
    {
        "client_msg_id": "ceb5e01e-4d63-444d-9b92-57b30c9c8640",
        "type": "message",
        "text": "do you think its bad practice to do all the AWS deployment script commits directly on the \"develop\" branch?",
        "user": "U028Q9GDXN3",
        "ts": "1632985845.022300",
        "team": "T028CNVFETF",
        "user_team": "T028CNVFETF",
        "source_team": "T028CNVFETF",
        "user_profile": {
            "avatar_hash": "a6bbad4a67bc",
            "image_72": "https:\/\/avatars.slack-edge.com\/2021-07-26\/2308025050517_a6bbad4a67bc3cebd1c6_72.png",
            "first_name": "",
            "real_name": "Jack Hollis-London",
            "display_name": "Jack Hollis-London",
            "team": "T028CNVFETF",
            "name": "s3585034",
            "is_restricted": false,
            "is_ultra_restricted": false
        },
        "blocks": [
            {
                "type": "rich_text",
                "block_id": "3tp",
                "elements": [
                    {
                        "type": "rich_text_section",
                        "elements": [
                            {
                                "type": "text",
                                "text": "do you think its bad practice to do all the AWS deployment script commits directly on the \"develop\" branch?"
                            }
                        ]
                    }
                ]
            }
        ],
        "thread_ts": "1632985845.022300",
        "reply_count": 2,
        "reply_users_count": 2,
        "latest_reply": "1632985940.023500",
        "reply_users": [
            "U028UDDAWAD",
            "U028Q9GDXN3"
        ],
        "replies": [
            {
                "user": "U028UDDAWAD",
                "ts": "1632985903.023300"
            },
            {
                "user": "U028Q9GDXN3",
                "ts": "1632985940.023500"
            }
        ],
        "is_locked": false,
        "subscribed": true,
        "last_read": "1632985940.023500"
    },
    {
        "client_msg_id": "5f93f2e6-0f11-40f3-8a0b-a8dc917694aa",
        "type": "message",
        "text": "technically the develop branch is not the proper staging branch until the aws deployment scripts work but its also a bit messy from a historical POV",
        "user": "U028Q9GDXN3",
        "ts": "1632985902.023200",
        "team": "T028CNVFETF",
        "user_team": "T028CNVFETF",
        "source_team": "T028CNVFETF",
        "user_profile": {
            "avatar_hash": "a6bbad4a67bc",
            "image_72": "https:\/\/avatars.slack-edge.com\/2021-07-26\/2308025050517_a6bbad4a67bc3cebd1c6_72.png",
            "first_name": "",
            "real_name": "Jack Hollis-London",
            "display_name": "Jack Hollis-London",
            "team": "T028CNVFETF",
            "name": "s3585034",
            "is_restricted": false,
            "is_ultra_restricted": false
        },
        "blocks": [
            {
                "type": "rich_text",
                "block_id": "kSOr",
                "elements": [
                    {
                        "type": "rich_text_section",
                        "elements": [
                            {
                                "type": "text",
                                "text": "technically the develop branch is not the proper staging branch until the aws deployment scripts work but its also a bit messy from a historical POV"
                            }
                        ]
                    }
                ]
            }
        ]
    },
    {
        "client_msg_id": "91406933-401c-4c88-9a3d-4a71dbda453c",
        "type": "message",
        "text": "Possibly, the alternative is a separate branch. It seems a bit too late to chaneg now though",
        "user": "U028UDDAWAD",
        "ts": "1632985903.023300",
        "team": "T028CNVFETF",
        "user_team": "T028CNVFETF",
        "source_team": "T028CNVFETF",
        "user_profile": {
            "avatar_hash": "gbc659f0070f",
            "image_72": "https:\/\/secure.gravatar.com\/avatar\/bc659f0070f49e4d9ea463fb700c9f95.jpg?s=72&d=https%3A%2F%2Fa.slack-edge.com%2Fdf10d%2Fimg%2Favatars%2Fava_0021-72.png",
            "first_name": "Jacob",
            "real_name": "Jacob McEwan",
            "display_name": "Jacob McEwan",
            "team": "T028CNVFETF",
            "name": "s3841062",
            "is_restricted": false,
            "is_ultra_restricted": false
        },
        "blocks": [
            {
                "type": "rich_text",
                "block_id": "JvgV0",
                "elements": [
                    {
                        "type": "rich_text_section",
                        "elements": [
                            {
                                "type": "text",
                                "text": "Possibly, the alternative is a separate branch. It seems a bit too late to chaneg now though"
                            }
                        ]
                    }
                ]
            }
        ],
        "thread_ts": "1632985845.022300",
        "parent_user_id": "U028Q9GDXN3"
    },
    {
        "client_msg_id": "68a78c45-e169-4af8-a66f-4d1a719b3931",
        "type": "message",
        "text": "yeah but then the way CircleCI works it would be weird",
        "user": "U028Q9GDXN3",
        "ts": "1632985940.023500",
        "team": "T028CNVFETF",
        "user_team": "T028CNVFETF",
        "source_team": "T028CNVFETF",
        "user_profile": {
            "avatar_hash": "a6bbad4a67bc",
            "image_72": "https:\/\/avatars.slack-edge.com\/2021-07-26\/2308025050517_a6bbad4a67bc3cebd1c6_72.png",
            "first_name": "",
            "real_name": "Jack Hollis-London",
            "display_name": "Jack Hollis-London",
            "team": "T028CNVFETF",
            "name": "s3585034",
            "is_restricted": false,
            "is_ultra_restricted": false
        },
        "blocks": [
            {
                "type": "rich_text",
                "block_id": "9PYe",
                "elements": [
                    {
                        "type": "rich_text_section",
                        "elements": [
                            {
                                "type": "text",
                                "text": "yeah but then the way CircleCI works it would be weird"
                            }
                        ]
                    }
                ]
            }
        ],
        "thread_ts": "1632985845.022300",
        "parent_user_id": "U028Q9GDXN3"
    },
    {
        "client_msg_id": "bc63b6fb-99f3-40f0-9785-39974854d54a",
        "type": "message",
        "text": "I think this is something we should have a meeting about, given it's large effect, and the workload it's going to present. We need to decide as a group what to do",
        "user": "U028UDDAWAD",
        "ts": "1632988186.023700",
        "team": "T028CNVFETF",
        "user_team": "T028CNVFETF",
        "source_team": "T028CNVFETF",
        "user_profile": {
            "avatar_hash": "gbc659f0070f",
            "image_72": "https:\/\/secure.gravatar.com\/avatar\/bc659f0070f49e4d9ea463fb700c9f95.jpg?s=72&d=https%3A%2F%2Fa.slack-edge.com%2Fdf10d%2Fimg%2Favatars%2Fava_0021-72.png",
            "first_name": "Jacob",
            "real_name": "Jacob McEwan",
            "display_name": "Jacob McEwan",
            "team": "T028CNVFETF",
            "name": "s3841062",
            "is_restricted": false,
            "is_ultra_restricted": false
        },
        "blocks": [
            {
                "type": "rich_text",
                "block_id": "cnLZ",
                "elements": [
                    {
                        "type": "rich_text_section",
                        "elements": [
                            {
                                "type": "text",
                                "text": "I think this is something we should have a meeting about, given it's large effect, and the workload it's going to present. We need to decide as a group what to do"
                            }
                        ]
                    }
                ]
            }
        ],
        "thread_ts": "1632971775.019300",
        "parent_user_id": "U028UDDAWAD"
    },
    {
        "client_msg_id": "b20044a6-d22c-4a4f-9d2b-98d7b4e6861f",
        "type": "message",
        "text": "alright when should we do that",
        "user": "U028Q9GDXN3",
        "ts": "1632988235.023900",
        "team": "T028CNVFETF",
        "user_team": "T028CNVFETF",
        "source_team": "T028CNVFETF",
        "user_profile": {
            "avatar_hash": "a6bbad4a67bc",
            "image_72": "https:\/\/avatars.slack-edge.com\/2021-07-26\/2308025050517_a6bbad4a67bc3cebd1c6_72.png",
            "first_name": "",
            "real_name": "Jack Hollis-London",
            "display_name": "Jack Hollis-London",
            "team": "T028CNVFETF",
            "name": "s3585034",
            "is_restricted": false,
            "is_ultra_restricted": false
        },
        "blocks": [
            {
                "type": "rich_text",
                "block_id": "YH2N",
                "elements": [
                    {
                        "type": "rich_text_section",
                        "elements": [
                            {
                                "type": "text",
                                "text": "alright when should we do that"
                            }
                        ]
                    }
                ]
            }
        ],
        "thread_ts": "1632971775.019300",
        "parent_user_id": "U028UDDAWAD"
    },
    {
        "client_msg_id": "17ae15c5-6caf-461b-8fd1-c4ed87abf25d",
        "type": "message",
        "text": "I think tomorrow would be best (I think we've met at that time before), unless people are free tonight and would prefer that",
        "user": "U028UDDAWAD",
        "ts": "1632991374.024100",
        "team": "T028CNVFETF",
        "user_team": "T028CNVFETF",
        "source_team": "T028CNVFETF",
        "user_profile": {
            "avatar_hash": "gbc659f0070f",
            "image_72": "https:\/\/secure.gravatar.com\/avatar\/bc659f0070f49e4d9ea463fb700c9f95.jpg?s=72&d=https%3A%2F%2Fa.slack-edge.com%2Fdf10d%2Fimg%2Favatars%2Fava_0021-72.png",
            "first_name": "Jacob",
            "real_name": "Jacob McEwan",
            "display_name": "Jacob McEwan",
            "team": "T028CNVFETF",
            "name": "s3841062",
            "is_restricted": false,
            "is_ultra_restricted": false
        },
        "blocks": [
            {
                "type": "rich_text",
                "block_id": "BY=7F",
                "elements": [
                    {
                        "type": "rich_text_section",
                        "elements": [
                            {
                                "type": "text",
                                "text": "I think tomorrow would be best (I think we've met at that time before), unless people are free tonight and would prefer that"
                            }
                        ]
                    }
                ]
            }
        ],
        "thread_ts": "1632971775.019300",
        "parent_user_id": "U028UDDAWAD"
    },
    {
        "client_msg_id": "a0061af7-7a7d-467f-b6c2-239e7edf9d55",
        "type": "message",
        "text": "okay for real for real CI\/CD now works",
        "user": "U028Q9GDXN3",
        "ts": "1633021664.024700",
        "team": "T028CNVFETF",
        "user_team": "T028CNVFETF",
        "source_team": "T028CNVFETF",
        "user_profile": {
            "avatar_hash": "a6bbad4a67bc",
            "image_72": "https:\/\/avatars.slack-edge.com\/2021-07-26\/2308025050517_a6bbad4a67bc3cebd1c6_72.png",
            "first_name": "",
            "real_name": "Jack Hollis-London",
            "display_name": "Jack Hollis-London",
            "team": "T028CNVFETF",
            "name": "s3585034",
            "is_restricted": false,
            "is_ultra_restricted": false
        },
        "blocks": [
            {
                "type": "rich_text",
                "block_id": "F+SQs",
                "elements": [
                    {
                        "type": "rich_text_section",
                        "elements": [
                            {
                                "type": "text",
                                "text": "okay for real for real CI\/CD now works"
                            }
                        ]
                    }
                ]
            }
        ]
    },
    {
        "client_msg_id": "5983c5b3-e9de-4a93-bcc4-0fa48b834ae7",
        "type": "message",
        "text": "<http:\/\/cicddevelopment.s3-website-ap-southeast-2.amazonaws.com\/books>",
        "user": "U028Q9GDXN3",
        "ts": "1633021666.024900",
        "team": "T028CNVFETF",
        "user_team": "T028CNVFETF",
        "source_team": "T028CNVFETF",
        "user_profile": {
            "avatar_hash": "a6bbad4a67bc",
            "image_72": "https:\/\/avatars.slack-edge.com\/2021-07-26\/2308025050517_a6bbad4a67bc3cebd1c6_72.png",
            "first_name": "",
            "real_name": "Jack Hollis-London",
            "display_name": "Jack Hollis-London",
            "team": "T028CNVFETF",
            "name": "s3585034",
            "is_restricted": false,
            "is_ultra_restricted": false
        },
        "blocks": [
            {
                "type": "rich_text",
                "block_id": "DSpA",
                "elements": [
                    {
                        "type": "rich_text_section",
                        "elements": [
                            {
                                "type": "link",
                                "url": "http:\/\/cicddevelopment.s3-website-ap-southeast-2.amazonaws.com\/books"
                            }
                        ]
                    }
                ]
            }
        ],
        "reactions": [
            {
                "name": "eyes",
                "users": [
                    "U028Q9GDXN3"
                ],
                "count": 1
            }
        ]
    },
    {
        "client_msg_id": "b7393750-5383-4e56-945c-213550f15d00",
        "type": "message",
        "text": "this is the frontend of the develop branch, it communicates with the backend of the develop branch, when you commit new changes the whole thing is tested and redeployed",
        "user": "U028Q9GDXN3",
        "ts": "1633021826.026900",
        "team": "T028CNVFETF",
        "user_team": "T028CNVFETF",
        "source_team": "T028CNVFETF",
        "user_profile": {
            "avatar_hash": "a6bbad4a67bc",
            "image_72": "https:\/\/avatars.slack-edge.com\/2021-07-26\/2308025050517_a6bbad4a67bc3cebd1c6_72.png",
            "first_name": "",
            "real_name": "Jack Hollis-London",
            "display_name": "Jack Hollis-London",
            "team": "T028CNVFETF",
            "name": "s3585034",
            "is_restricted": false,
            "is_ultra_restricted": false
        },
        "blocks": [
            {
                "type": "rich_text",
                "block_id": "ymPBC",
                "elements": [
                    {
                        "type": "rich_text_section",
                        "elements": [
                            {
                                "type": "text",
                                "text": "this is the frontend of the develop branch, it communicates with the backend of the develop branch, when you commit new changes the whole thing is tested and redeployed"
                            }
                        ]
                    }
                ]
            }
        ]
    },
    {
        "client_msg_id": "6d217aa1-4365-4bf5-9728-e5d107e6a7da",
        "type": "message",
        "text": "automagically",
        "user": "U028Q9GDXN3",
        "ts": "1633021837.027100",
        "team": "T028CNVFETF",
        "user_team": "T028CNVFETF",
        "source_team": "T028CNVFETF",
        "user_profile": {
            "avatar_hash": "a6bbad4a67bc",
            "image_72": "https:\/\/avatars.slack-edge.com\/2021-07-26\/2308025050517_a6bbad4a67bc3cebd1c6_72.png",
            "first_name": "",
            "real_name": "Jack Hollis-London",
            "display_name": "Jack Hollis-London",
            "team": "T028CNVFETF",
            "name": "s3585034",
            "is_restricted": false,
            "is_ultra_restricted": false
        },
        "blocks": [
            {
                "type": "rich_text",
                "block_id": "ngd",
                "elements": [
                    {
                        "type": "rich_text_section",
                        "elements": [
                            {
                                "type": "text",
                                "text": "automagically"
                            }
                        ]
                    }
                ]
            }
        ]
    },
    {
        "client_msg_id": "a73825d9-2167-4ef0-a716-4b4ccf473eaf",
        "type": "message",
        "text": "(main branch does not yet have a deployment, that will require another load balancer, some target groups, more ECS services, more ECS tasks, more ECR images, and another S3 bucket)",
        "user": "U028Q9GDXN3",
        "ts": "1633021859.027600",
        "team": "T028CNVFETF",
        "user_team": "T028CNVFETF",
        "source_team": "T028CNVFETF",
        "user_profile": {
            "avatar_hash": "a6bbad4a67bc",
            "image_72": "https:\/\/avatars.slack-edge.com\/2021-07-26\/2308025050517_a6bbad4a67bc3cebd1c6_72.png",
            "first_name": "",
            "real_name": "Jack Hollis-London",
            "display_name": "Jack Hollis-London",
            "team": "T028CNVFETF",
            "name": "s3585034",
            "is_restricted": false,
            "is_ultra_restricted": false
        },
        "edited": {
            "user": "U028Q9GDXN3",
            "ts": "1633021997.000000"
        },
        "blocks": [
            {
                "type": "rich_text",
                "block_id": "8TDY",
                "elements": [
                    {
                        "type": "rich_text_section",
                        "elements": [
                            {
                                "type": "text",
                                "text": "(main branch does not yet have a deployment, that will require another load balancer, some target groups, more ECS services, more ECS tasks, more ECR images, and another S3 bucket)"
                            }
                        ]
                    }
                ]
            }
        ]
    },
    {
        "client_msg_id": "6937eb3e-f49d-47fc-a872-c05bd81bdefc",
        "type": "message",
        "text": "<!everyone>",
        "user": "U028Q9GDXN3",
        "ts": "1633052689.000200",
        "team": "T028CNVFETF",
        "user_team": "T028CNVFETF",
        "source_team": "T028CNVFETF",
        "user_profile": {
            "avatar_hash": "a6bbad4a67bc",
            "image_72": "https:\/\/avatars.slack-edge.com\/2021-07-26\/2308025050517_a6bbad4a67bc3cebd1c6_72.png",
            "first_name": "",
            "real_name": "Jack Hollis-London",
            "display_name": "Jack Hollis-London",
            "team": "T028CNVFETF",
            "name": "s3585034",
            "is_restricted": false,
            "is_ultra_restricted": false
        },
        "blocks": [
            {
                "type": "rich_text",
                "block_id": "Crss",
                "elements": [
                    {
                        "type": "rich_text_section",
                        "elements": [
                            {
                                "type": "broadcast",
                                "range": "everyone"
                            }
                        ]
                    }
                ]
            }
        ]
    },
    {
        "client_msg_id": "db3b644c-b309-4e80-8ef9-863fb99c10ba",
        "type": "message",
        "text": "ok\nis SEP-7 As any type of user I want to add books to my order, so that I can purchase them. still blocked?",
        "user": "U028Q9GDXN3",
        "ts": "1633056774.000600",
        "team": "T028CNVFETF",
        "user_team": "T028CNVFETF",
        "source_team": "T028CNVFETF",
        "user_profile": {
            "avatar_hash": "a6bbad4a67bc",
            "image_72": "https:\/\/avatars.slack-edge.com\/2021-07-26\/2308025050517_a6bbad4a67bc3cebd1c6_72.png",
            "first_name": "",
            "real_name": "Jack Hollis-London",
            "display_name": "Jack Hollis-London",
            "team": "T028CNVFETF",
            "name": "s3585034",
            "is_restricted": false,
            "is_ultra_restricted": false
        },
        "blocks": [
            {
                "type": "rich_text",
                "block_id": "JaXd",
                "elements": [
                    {
                        "type": "rich_text_section",
                        "elements": [
                            {
                                "type": "text",
                                "text": "ok\nis SEP-7 As any type of user I want to add books to my order, so that I can purchase them. still blocked?"
                            }
                        ]
                    }
                ]
            }
        ]
    },
    {
        "client_msg_id": "5dbc5c44-db29-4ba9-9f76-707dac4a4003",
        "type": "message",
        "text": "has anyone implemented a way to generate a lot of users?",
        "user": "U028Q9GDXN3",
        "ts": "1633064638.001000",
        "team": "T028CNVFETF",
        "user_team": "T028CNVFETF",
        "source_team": "T028CNVFETF",
        "user_profile": {
            "avatar_hash": "a6bbad4a67bc",
            "image_72": "https:\/\/avatars.slack-edge.com\/2021-07-26\/2308025050517_a6bbad4a67bc3cebd1c6_72.png",
            "first_name": "",
            "real_name": "Jack Hollis-London",
            "display_name": "Jack Hollis-London",
            "team": "T028CNVFETF",
            "name": "s3585034",
            "is_restricted": false,
            "is_ultra_restricted": false
        },
        "blocks": [
            {
                "type": "rich_text",
                "block_id": "oZA",
                "elements": [
                    {
                        "type": "rich_text_section",
                        "elements": [
                            {
                                "type": "text",
                                "text": "has anyone implemented a way to generate a lot of users?"
                            }
                        ]
                    }
                ]
            }
        ],
        "thread_ts": "1633064638.001000",
        "reply_count": 3,
        "reply_users_count": 2,
        "latest_reply": "1633147961.005300",
        "reply_users": [
            "U02812J04H5",
            "U028Q9GDXN3"
        ],
        "replies": [
            {
                "user": "U02812J04H5",
                "ts": "1633135075.003500"
            },
            {
                "user": "U02812J04H5",
                "ts": "1633135116.003700"
            },
            {
                "user": "U028Q9GDXN3",
                "ts": "1633147961.005300"
            }
        ],
        "is_locked": false,
        "subscribed": false
    },
    {
        "client_msg_id": "22910404-b6a6-42db-9395-554d17415a2a",
        "type": "message",
        "text": "<@U02812J04H5>",
        "user": "U028Q9GDXN3",
        "ts": "1633064641.001200",
        "team": "T028CNVFETF",
        "user_team": "T028CNVFETF",
        "source_team": "T028CNVFETF",
        "user_profile": {
            "avatar_hash": "a6bbad4a67bc",
            "image_72": "https:\/\/avatars.slack-edge.com\/2021-07-26\/2308025050517_a6bbad4a67bc3cebd1c6_72.png",
            "first_name": "",
            "real_name": "Jack Hollis-London",
            "display_name": "Jack Hollis-London",
            "team": "T028CNVFETF",
            "name": "s3585034",
            "is_restricted": false,
            "is_ultra_restricted": false
        },
        "blocks": [
            {
                "type": "rich_text",
                "block_id": "G8H",
                "elements": [
                    {
                        "type": "rich_text_section",
                        "elements": [
                            {
                                "type": "user",
                                "user_id": "U02812J04H5"
                            }
                        ]
                    }
                ]
            }
        ]
    },
    {
        "client_msg_id": "8fbbae8a-9106-4ff1-9e2e-9378e6c86264",
        "type": "message",
        "text": "can we merge <https:\/\/github.com\/Someoneamzing\/sept-group-assignment\/pull\/7#|Sep 16 business registration ming>?",
        "user": "U028Q9GDXN3",
        "ts": "1633066781.001500",
        "team": "T028CNVFETF",
        "user_team": "T028CNVFETF",
        "source_team": "T028CNVFETF",
        "user_profile": {
            "avatar_hash": "a6bbad4a67bc",
            "image_72": "https:\/\/avatars.slack-edge.com\/2021-07-26\/2308025050517_a6bbad4a67bc3cebd1c6_72.png",
            "first_name": "",
            "real_name": "Jack Hollis-London",
            "display_name": "Jack Hollis-London",
            "team": "T028CNVFETF",
            "name": "s3585034",
            "is_restricted": false,
            "is_ultra_restricted": false
        },
        "blocks": [
            {
                "type": "rich_text",
                "block_id": "G51",
                "elements": [
                    {
                        "type": "rich_text_section",
                        "elements": [
                            {
                                "type": "text",
                                "text": "can we merge "
                            },
                            {
                                "type": "link",
                                "url": "https:\/\/github.com\/Someoneamzing\/sept-group-assignment\/pull\/7#",
                                "text": "Sep 16 business registration ming"
                            },
                            {
                                "type": "text",
                                "text": "?"
                            }
                        ]
                    }
                ]
            }
        ]
    },
    {
        "client_msg_id": "5f12b545-e0a5-4e09-bf66-4b7b569f84d2",
        "type": "message",
        "text": "need to address that theres still no authentication when creating books, anyone can do anything to books, we need to fix that",
        "user": "U028Q9GDXN3",
        "ts": "1633067454.001600",
        "team": "T028CNVFETF",
        "user_team": "T028CNVFETF",
        "source_team": "T028CNVFETF",
        "user_profile": {
            "avatar_hash": "a6bbad4a67bc",
            "image_72": "https:\/\/avatars.slack-edge.com\/2021-07-26\/2308025050517_a6bbad4a67bc3cebd1c6_72.png",
            "first_name": "",
            "real_name": "Jack Hollis-London",
            "display_name": "Jack Hollis-London",
            "team": "T028CNVFETF",
            "name": "s3585034",
            "is_restricted": false,
            "is_ultra_restricted": false
        },
        "blocks": [
            {
                "type": "rich_text",
                "block_id": "BrzKh",
                "elements": [
                    {
                        "type": "rich_text_section",
                        "elements": [
                            {
                                "type": "text",
                                "text": "need to address that theres still no authentication when creating books, anyone can do anything to books, we need to fix that"
                            }
                        ]
                    }
                ]
            }
        ],
        "thread_ts": "1632971775.019300",
        "parent_user_id": "U028UDDAWAD"
    }
]