[
    {
        "client_msg_id": "3969a8bc-5169-4dad-974b-7181d5efabfb",
        "type": "message",
        "text": "So turns out that we are missing the retro and planning for the two sprints. Does anyone know what happened to them or did we just forget them?",
        "user": "U028UDDAWAD",
        "ts": "1634631988.042900",
        "team": "T028CNVFETF",
        "user_team": "T028CNVFETF",
        "source_team": "T028CNVFETF",
        "user_profile": {
            "avatar_hash": "gbc659f0070f",
            "image_72": "https:\/\/secure.gravatar.com\/avatar\/bc659f0070f49e4d9ea463fb700c9f95.jpg?s=72&d=https%3A%2F%2Fa.slack-edge.com%2Fdf10d%2Fimg%2Favatars%2Fava_0021-72.png",
            "first_name": "Jacob",
            "real_name": "Jacob McEwan",
            "display_name": "Jacob McEwan",
            "team": "T028CNVFETF",
            "name": "s3841062",
            "is_restricted": false,
            "is_ultra_restricted": false
        },
        "blocks": [
            {
                "type": "rich_text",
                "block_id": "eeB",
                "elements": [
                    {
                        "type": "rich_text_section",
                        "elements": [
                            {
                                "type": "text",
                                "text": "So turns out that we are missing the retro and planning for the two sprints. Does anyone know what happened to them or did we just forget them?"
                            }
                        ]
                    }
                ]
            }
        ],
        "thread_ts": "1634620039.039900",
        "parent_user_id": "U028UDDAWAD"
    },
    {
        "client_msg_id": "6f6586f8-6850-4257-ad8d-9fd368dc945d",
        "type": "message",
        "text": "sorry I had to go to urgent care",
        "user": "U028Q9GDXN3",
        "ts": "1634634497.043600",
        "team": "T028CNVFETF",
        "user_team": "T028CNVFETF",
        "source_team": "T028CNVFETF",
        "user_profile": {
            "avatar_hash": "a6bbad4a67bc",
            "image_72": "https:\/\/avatars.slack-edge.com\/2021-07-26\/2308025050517_a6bbad4a67bc3cebd1c6_72.png",
            "first_name": "",
            "real_name": "Jack Hollis-London",
            "display_name": "Jack Hollis-London",
            "team": "T028CNVFETF",
            "name": "s3585034",
            "is_restricted": false,
            "is_ultra_restricted": false
        },
        "blocks": [
            {
                "type": "rich_text",
                "block_id": "Ry83V",
                "elements": [
                    {
                        "type": "rich_text_section",
                        "elements": [
                            {
                                "type": "text",
                                "text": "sorry I had to go to urgent care"
                            }
                        ]
                    }
                ]
            }
        ]
    },
    {
        "client_msg_id": "5a6b00e4-db41-496e-b1c1-8ef5cd16c615",
        "type": "message",
        "text": "I'm not feeling well",
        "user": "U028Q9GDXN3",
        "ts": "1634634561.044100",
        "team": "T028CNVFETF",
        "user_team": "T028CNVFETF",
        "source_team": "T028CNVFETF",
        "user_profile": {
            "avatar_hash": "a6bbad4a67bc",
            "image_72": "https:\/\/avatars.slack-edge.com\/2021-07-26\/2308025050517_a6bbad4a67bc3cebd1c6_72.png",
            "first_name": "",
            "real_name": "Jack Hollis-London",
            "display_name": "Jack Hollis-London",
            "team": "T028CNVFETF",
            "name": "s3585034",
            "is_restricted": false,
            "is_ultra_restricted": false
        },
        "blocks": [
            {
                "type": "rich_text",
                "block_id": "qlO",
                "elements": [
                    {
                        "type": "rich_text_section",
                        "elements": [
                            {
                                "type": "text",
                                "text": "I'm not feeling well"
                            }
                        ]
                    }
                ]
            }
        ]
    },
    {
        "client_msg_id": "70d9cba7-72b9-428d-8574-d0deed4d37b3",
        "type": "message",
        "text": "All g, take care and hope you feel better",
        "user": "U028UDDAWAD",
        "ts": "1634634584.044400",
        "team": "T028CNVFETF",
        "user_team": "T028CNVFETF",
        "source_team": "T028CNVFETF",
        "user_profile": {
            "avatar_hash": "gbc659f0070f",
            "image_72": "https:\/\/secure.gravatar.com\/avatar\/bc659f0070f49e4d9ea463fb700c9f95.jpg?s=72&d=https%3A%2F%2Fa.slack-edge.com%2Fdf10d%2Fimg%2Favatars%2Fava_0021-72.png",
            "first_name": "Jacob",
            "real_name": "Jacob McEwan",
            "display_name": "Jacob McEwan",
            "team": "T028CNVFETF",
            "name": "s3841062",
            "is_restricted": false,
            "is_ultra_restricted": false
        },
        "blocks": [
            {
                "type": "rich_text",
                "block_id": "7\/ob5",
                "elements": [
                    {
                        "type": "rich_text_section",
                        "elements": [
                            {
                                "type": "text",
                                "text": "All g, take care and hope you feel better"
                            }
                        ]
                    }
                ]
            }
        ]
    },
    {
        "client_msg_id": "08eeb61b-54b3-418b-8f9a-2082ee3e8521",
        "type": "message",
        "text": "what kind of evidence do I need to get special consideration",
        "user": "U028Q9GDXN3",
        "ts": "1634634639.044800",
        "team": "T028CNVFETF",
        "user_team": "T028CNVFETF",
        "source_team": "T028CNVFETF",
        "user_profile": {
            "avatar_hash": "a6bbad4a67bc",
            "image_72": "https:\/\/avatars.slack-edge.com\/2021-07-26\/2308025050517_a6bbad4a67bc3cebd1c6_72.png",
            "first_name": "",
            "real_name": "Jack Hollis-London",
            "display_name": "Jack Hollis-London",
            "team": "T028CNVFETF",
            "name": "s3585034",
            "is_restricted": false,
            "is_ultra_restricted": false
        },
        "blocks": [
            {
                "type": "rich_text",
                "block_id": "4mKYb",
                "elements": [
                    {
                        "type": "rich_text_section",
                        "elements": [
                            {
                                "type": "text",
                                "text": "what kind of evidence do I need to get special consideration"
                            }
                        ]
                    }
                ]
            }
        ]
    },
    {
        "client_msg_id": "6a6fb87e-1b58-483a-a0dd-b61d27fe195b",
        "type": "message",
        "text": "I'd say doctor's certificate is the best option, otherwise any paperwork from hospital entries or other care \/ treatment",
        "user": "U028UDDAWAD",
        "ts": "1634634686.046100",
        "team": "T028CNVFETF",
        "user_team": "T028CNVFETF",
        "source_team": "T028CNVFETF",
        "user_profile": {
            "avatar_hash": "gbc659f0070f",
            "image_72": "https:\/\/secure.gravatar.com\/avatar\/bc659f0070f49e4d9ea463fb700c9f95.jpg?s=72&d=https%3A%2F%2Fa.slack-edge.com%2Fdf10d%2Fimg%2Favatars%2Fava_0021-72.png",
            "first_name": "Jacob",
            "real_name": "Jacob McEwan",
            "display_name": "Jacob McEwan",
            "team": "T028CNVFETF",
            "name": "s3841062",
            "is_restricted": false,
            "is_ultra_restricted": false
        },
        "blocks": [
            {
                "type": "rich_text",
                "block_id": "7AV",
                "elements": [
                    {
                        "type": "rich_text_section",
                        "elements": [
                            {
                                "type": "text",
                                "text": "I'd say doctor's certificate is the best option, otherwise any paperwork from hospital entries or other care \/ treatment"
                            }
                        ]
                    }
                ]
            }
        ]
    },
    {
        "client_msg_id": "5c7d2ec8-df28-484c-8610-6ce24716baaa",
        "type": "message",
        "text": "I think I have enough",
        "user": "U028Q9GDXN3",
        "ts": "1634634688.046200",
        "team": "T028CNVFETF",
        "user_team": "T028CNVFETF",
        "source_team": "T028CNVFETF",
        "user_profile": {
            "avatar_hash": "a6bbad4a67bc",
            "image_72": "https:\/\/avatars.slack-edge.com\/2021-07-26\/2308025050517_a6bbad4a67bc3cebd1c6_72.png",
            "first_name": "",
            "real_name": "Jack Hollis-London",
            "display_name": "Jack Hollis-London",
            "team": "T028CNVFETF",
            "name": "s3585034",
            "is_restricted": false,
            "is_ultra_restricted": false
        },
        "blocks": [
            {
                "type": "rich_text",
                "block_id": "Gmu",
                "elements": [
                    {
                        "type": "rich_text_section",
                        "elements": [
                            {
                                "type": "text",
                                "text": "I think I have enough"
                            }
                        ]
                    }
                ]
            }
        ]
    },
    {
        "client_msg_id": "99283e8d-a47b-44e0-8669-f0c4da8e7256",
        "type": "message",
        "text": "alright cool",
        "user": "U028Q9GDXN3",
        "ts": "1634634695.046400",
        "team": "T028CNVFETF",
        "user_team": "T028CNVFETF",
        "source_team": "T028CNVFETF",
        "user_profile": {
            "avatar_hash": "a6bbad4a67bc",
            "image_72": "https:\/\/avatars.slack-edge.com\/2021-07-26\/2308025050517_a6bbad4a67bc3cebd1c6_72.png",
            "first_name": "",
            "real_name": "Jack Hollis-London",
            "display_name": "Jack Hollis-London",
            "team": "T028CNVFETF",
            "name": "s3585034",
            "is_restricted": false,
            "is_ultra_restricted": false
        },
        "blocks": [
            {
                "type": "rich_text",
                "block_id": "b1A7Y",
                "elements": [
                    {
                        "type": "rich_text_section",
                        "elements": [
                            {
                                "type": "text",
                                "text": "alright cool"
                            }
                        ]
                    }
                ]
            }
        ]
    },
    {
        "client_msg_id": "279395cf-1fb3-4426-afda-26435ec5b461",
        "type": "message",
        "text": "<!everyone> Are we good to have the meeting?",
        "user": "U028UDDAWAD",
        "ts": "1634702552.046700",
        "team": "T028CNVFETF",
        "user_team": "T028CNVFETF",
        "source_team": "T028CNVFETF",
        "user_profile": {
            "avatar_hash": "gbc659f0070f",
            "image_72": "https:\/\/secure.gravatar.com\/avatar\/bc659f0070f49e4d9ea463fb700c9f95.jpg?s=72&d=https%3A%2F%2Fa.slack-edge.com%2Fdf10d%2Fimg%2Favatars%2Fava_0021-72.png",
            "first_name": "Jacob",
            "real_name": "Jacob McEwan",
            "display_name": "Jacob McEwan",
            "team": "T028CNVFETF",
            "name": "s3841062",
            "is_restricted": false,
            "is_ultra_restricted": false
        },
        "blocks": [
            {
                "type": "rich_text",
                "block_id": "hVq",
                "elements": [
                    {
                        "type": "rich_text_section",
                        "elements": [
                            {
                                "type": "broadcast",
                                "range": "everyone"
                            },
                            {
                                "type": "text",
                                "text": " Are we good to have the meeting?"
                            }
                        ]
                    }
                ]
            }
        ],
        "thread_ts": "1634702552.046700",
        "reply_count": 7,
        "reply_users_count": 3,
        "latest_reply": "1634703541.048000",
        "reply_users": [
            "U028FPSLFK4",
            "U028UDDAWAD",
            "U02812J04H5"
        ],
        "replies": [
            {
                "user": "U028FPSLFK4",
                "ts": "1634702566.046800"
            },
            {
                "user": "U028FPSLFK4",
                "ts": "1634702848.047000"
            },
            {
                "user": "U028UDDAWAD",
                "ts": "1634702993.047200"
            },
            {
                "user": "U028FPSLFK4",
                "ts": "1634703015.047400"
            },
            {
                "user": "U02812J04H5",
                "ts": "1634703506.047600"
            },
            {
                "user": "U02812J04H5",
                "ts": "1634703515.047800"
            },
            {
                "user": "U028UDDAWAD",
                "ts": "1634703541.048000"
            }
        ],
        "is_locked": false,
        "subscribed": true,
        "last_read": "1634703541.048000"
    },
    {
        "client_msg_id": "dd750904-8a36-402d-8442-daa6af327871",
        "type": "message",
        "text": "yes",
        "user": "U028FPSLFK4",
        "ts": "1634702566.046800",
        "team": "T028CNVFETF",
        "user_team": "T028CNVFETF",
        "source_team": "T028CNVFETF",
        "user_profile": {
            "avatar_hash": "g92faf8c7cb1",
            "image_72": "https:\/\/secure.gravatar.com\/avatar\/92faf8c7cb15b0d6ca7ed71eeba8f20b.jpg?s=72&d=https%3A%2F%2Fa.slack-edge.com%2Fdf10d%2Fimg%2Favatars%2Fava_0022-72.png",
            "first_name": "",
            "real_name": "Ming Dong",
            "display_name": "Ming Dong",
            "team": "T028CNVFETF",
            "name": "s3843573",
            "is_restricted": false,
            "is_ultra_restricted": false
        },
        "blocks": [
            {
                "type": "rich_text",
                "block_id": "OfPWy",
                "elements": [
                    {
                        "type": "rich_text_section",
                        "elements": [
                            {
                                "type": "text",
                                "text": "yes"
                            }
                        ]
                    }
                ]
            }
        ],
        "thread_ts": "1634702552.046700",
        "parent_user_id": "U028UDDAWAD"
    },
    {
        "client_msg_id": "83ecf025-21eb-4e11-add8-b431ef12c745",
        "type": "message",
        "text": "should i start a meeting now? or we doing it later",
        "user": "U028FPSLFK4",
        "ts": "1634702848.047000",
        "team": "T028CNVFETF",
        "user_team": "T028CNVFETF",
        "source_team": "T028CNVFETF",
        "user_profile": {
            "avatar_hash": "g92faf8c7cb1",
            "image_72": "https:\/\/secure.gravatar.com\/avatar\/92faf8c7cb15b0d6ca7ed71eeba8f20b.jpg?s=72&d=https%3A%2F%2Fa.slack-edge.com%2Fdf10d%2Fimg%2Favatars%2Fava_0022-72.png",
            "first_name": "",
            "real_name": "Ming Dong",
            "display_name": "Ming Dong",
            "team": "T028CNVFETF",
            "name": "s3843573",
            "is_restricted": false,
            "is_ultra_restricted": false
        },
        "blocks": [
            {
                "type": "rich_text",
                "block_id": "PErip",
                "elements": [
                    {
                        "type": "rich_text_section",
                        "elements": [
                            {
                                "type": "text",
                                "text": "should i start a meeting now? or we doing it later"
                            }
                        ]
                    }
                ]
            }
        ],
        "thread_ts": "1634702552.046700",
        "parent_user_id": "U028UDDAWAD"
    },
    {
        "client_msg_id": "3df44e9f-a537-40ab-8400-623ecd467f83",
        "type": "message",
        "text": "Let's wait until 3:30pm for Moritz. If we don't hear form him then we should make a start",
        "user": "U028UDDAWAD",
        "ts": "1634702993.047200",
        "team": "T028CNVFETF",
        "user_team": "T028CNVFETF",
        "source_team": "T028CNVFETF",
        "user_profile": {
            "avatar_hash": "gbc659f0070f",
            "image_72": "https:\/\/secure.gravatar.com\/avatar\/bc659f0070f49e4d9ea463fb700c9f95.jpg?s=72&d=https%3A%2F%2Fa.slack-edge.com%2Fdf10d%2Fimg%2Favatars%2Fava_0021-72.png",
            "first_name": "Jacob",
            "real_name": "Jacob McEwan",
            "display_name": "Jacob McEwan",
            "team": "T028CNVFETF",
            "name": "s3841062",
            "is_restricted": false,
            "is_ultra_restricted": false
        },
        "blocks": [
            {
                "type": "rich_text",
                "block_id": "clwP",
                "elements": [
                    {
                        "type": "rich_text_section",
                        "elements": [
                            {
                                "type": "text",
                                "text": "Let's wait until 3:30pm for Moritz. If we don't hear form him then we should make a start"
                            }
                        ]
                    }
                ]
            }
        ],
        "thread_ts": "1634702552.046700",
        "parent_user_id": "U028UDDAWAD"
    },
    {
        "client_msg_id": "46de8f8f-8a20-4b58-b577-543cc06b7d99",
        "type": "message",
        "text": "yep aight",
        "user": "U028FPSLFK4",
        "ts": "1634703015.047400",
        "team": "T028CNVFETF",
        "user_team": "T028CNVFETF",
        "source_team": "T028CNVFETF",
        "user_profile": {
            "avatar_hash": "g92faf8c7cb1",
            "image_72": "https:\/\/secure.gravatar.com\/avatar\/92faf8c7cb15b0d6ca7ed71eeba8f20b.jpg?s=72&d=https%3A%2F%2Fa.slack-edge.com%2Fdf10d%2Fimg%2Favatars%2Fava_0022-72.png",
            "first_name": "",
            "real_name": "Ming Dong",
            "display_name": "Ming Dong",
            "team": "T028CNVFETF",
            "name": "s3843573",
            "is_restricted": false,
            "is_ultra_restricted": false
        },
        "blocks": [
            {
                "type": "rich_text",
                "block_id": "DT0",
                "elements": [
                    {
                        "type": "rich_text_section",
                        "elements": [
                            {
                                "type": "text",
                                "text": "yep aight"
                            }
                        ]
                    }
                ]
            }
        ],
        "thread_ts": "1634702552.046700",
        "parent_user_id": "U028UDDAWAD"
    },
    {
        "client_msg_id": "12ee034c-9e4c-414c-bc4c-6b72f2d4f7ec",
        "type": "message",
        "text": "yep",
        "user": "U02812J04H5",
        "ts": "1634703506.047600",
        "team": "T028CNVFETF",
        "user_team": "T028CNVFETF",
        "source_team": "T028CNVFETF",
        "user_profile": {
            "avatar_hash": "g9ff92d51e82",
            "image_72": "https:\/\/secure.gravatar.com\/avatar\/9ff92d51e820b2c762e345cf0c31cdb3.jpg?s=72&d=https%3A%2F%2Fa.slack-edge.com%2Fdf10d%2Fimg%2Favatars%2Fava_0020-72.png",
            "first_name": "",
            "real_name": "Moritz Hauptmann",
            "display_name": "Moritz Hauptmann",
            "team": "T028CNVFETF",
            "name": "s3851298",
            "is_restricted": false,
            "is_ultra_restricted": false
        },
        "blocks": [
            {
                "type": "rich_text",
                "block_id": "3SLIA",
                "elements": [
                    {
                        "type": "rich_text_section",
                        "elements": [
                            {
                                "type": "text",
                                "text": "yep"
                            }
                        ]
                    }
                ]
            }
        ],
        "thread_ts": "1634702552.046700",
        "parent_user_id": "U028UDDAWAD"
    },
    {
        "client_msg_id": "353493e6-ddfd-4c5f-87b5-a4d0f02e26db",
        "type": "message",
        "text": "ready sorry lost track of time",
        "user": "U02812J04H5",
        "ts": "1634703515.047800",
        "team": "T028CNVFETF",
        "user_team": "T028CNVFETF",
        "source_team": "T028CNVFETF",
        "user_profile": {
            "avatar_hash": "g9ff92d51e82",
            "image_72": "https:\/\/secure.gravatar.com\/avatar\/9ff92d51e820b2c762e345cf0c31cdb3.jpg?s=72&d=https%3A%2F%2Fa.slack-edge.com%2Fdf10d%2Fimg%2Favatars%2Fava_0020-72.png",
            "first_name": "",
            "real_name": "Moritz Hauptmann",
            "display_name": "Moritz Hauptmann",
            "team": "T028CNVFETF",
            "name": "s3851298",
            "is_restricted": false,
            "is_ultra_restricted": false
        },
        "blocks": [
            {
                "type": "rich_text",
                "block_id": "sW5c",
                "elements": [
                    {
                        "type": "rich_text_section",
                        "elements": [
                            {
                                "type": "text",
                                "text": "ready sorry lost track of time"
                            }
                        ]
                    }
                ]
            }
        ],
        "thread_ts": "1634702552.046700",
        "parent_user_id": "U028UDDAWAD"
    },
    {
        "client_msg_id": "caf87430-9dc1-44f8-8ac5-bcccf8812aba",
        "type": "message",
        "text": "All g, nearly did so myself",
        "user": "U028UDDAWAD",
        "ts": "1634703541.048000",
        "team": "T028CNVFETF",
        "user_team": "T028CNVFETF",
        "source_team": "T028CNVFETF",
        "user_profile": {
            "avatar_hash": "gbc659f0070f",
            "image_72": "https:\/\/secure.gravatar.com\/avatar\/bc659f0070f49e4d9ea463fb700c9f95.jpg?s=72&d=https%3A%2F%2Fa.slack-edge.com%2Fdf10d%2Fimg%2Favatars%2Fava_0021-72.png",
            "first_name": "Jacob",
            "real_name": "Jacob McEwan",
            "display_name": "Jacob McEwan",
            "team": "T028CNVFETF",
            "name": "s3841062",
            "is_restricted": false,
            "is_ultra_restricted": false
        },
        "blocks": [
            {
                "type": "rich_text",
                "block_id": "rsX",
                "elements": [
                    {
                        "type": "rich_text_section",
                        "elements": [
                            {
                                "type": "text",
                                "text": "All g, nearly did so myself"
                            }
                        ]
                    }
                ]
            }
        ],
        "thread_ts": "1634702552.046700",
        "parent_user_id": "U028UDDAWAD"
    },
    {
        "client_msg_id": "5b816f7a-a03d-43c5-a1eb-b083b708f8a4",
        "type": "message",
        "text": "Hey <@U028Q9GDXN3>, hope you feel better soon.\nJust wanting to ask what your plans are for this project. Are you planning on coming back to work on it or are you leaving?\nIf you are leaving is there a way for you to provide us with access to the project on AWS or at least an explanation of the setup?",
        "user": "U028UDDAWAD",
        "ts": "1634707579.050300",
        "team": "T028CNVFETF",
        "user_team": "T028CNVFETF",
        "source_team": "T028CNVFETF",
        "user_profile": {
            "avatar_hash": "gbc659f0070f",
            "image_72": "https:\/\/secure.gravatar.com\/avatar\/bc659f0070f49e4d9ea463fb700c9f95.jpg?s=72&d=https%3A%2F%2Fa.slack-edge.com%2Fdf10d%2Fimg%2Favatars%2Fava_0021-72.png",
            "first_name": "Jacob",
            "real_name": "Jacob McEwan",
            "display_name": "Jacob McEwan",
            "team": "T028CNVFETF",
            "name": "s3841062",
            "is_restricted": false,
            "is_ultra_restricted": false
        },
        "blocks": [
            {
                "type": "rich_text",
                "block_id": "QFm",
                "elements": [
                    {
                        "type": "rich_text_section",
                        "elements": [
                            {
                                "type": "text",
                                "text": "Hey "
                            },
                            {
                                "type": "user",
                                "user_id": "U028Q9GDXN3"
                            },
                            {
                                "type": "text",
                                "text": ", hope you feel better soon.\nJust wanting to ask what your plans are for this project. Are you planning on coming back to work on it or are you leaving?\nIf you are leaving is there a way for you to provide us with access to the project on AWS or at least an explanation of the setup?"
                            }
                        ]
                    }
                ]
            }
        ]
    },
    {
        "client_msg_id": "edb18649-b6b1-4162-a1f8-26459ae48f47",
        "type": "message",
        "text": "<!everyone> Should we just book the same session for the meeting? 6:45 PM?",
        "user": "U028UDDAWAD",
        "ts": "1634710494.050900",
        "team": "T028CNVFETF",
        "user_team": "T028CNVFETF",
        "source_team": "T028CNVFETF",
        "user_profile": {
            "avatar_hash": "gbc659f0070f",
            "image_72": "https:\/\/secure.gravatar.com\/avatar\/bc659f0070f49e4d9ea463fb700c9f95.jpg?s=72&d=https%3A%2F%2Fa.slack-edge.com%2Fdf10d%2Fimg%2Favatars%2Fava_0021-72.png",
            "first_name": "Jacob",
            "real_name": "Jacob McEwan",
            "display_name": "Jacob McEwan",
            "team": "T028CNVFETF",
            "name": "s3841062",
            "is_restricted": false,
            "is_ultra_restricted": false
        },
        "blocks": [
            {
                "type": "rich_text",
                "block_id": "QJo",
                "elements": [
                    {
                        "type": "rich_text_section",
                        "elements": [
                            {
                                "type": "broadcast",
                                "range": "everyone"
                            },
                            {
                                "type": "text",
                                "text": " Should we just book the same session for the meeting? 6:45 PM?"
                            }
                        ]
                    }
                ]
            }
        ],
        "thread_ts": "1634710494.050900",
        "reply_count": 4,
        "reply_users_count": 3,
        "latest_reply": "1634710780.051800",
        "reply_users": [
            "U028FPSLFK4",
            "U02812J04H5",
            "U028UDDAWAD"
        ],
        "replies": [
            {
                "user": "U028FPSLFK4",
                "ts": "1634710573.051100"
            },
            {
                "user": "U02812J04H5",
                "ts": "1634710648.051300"
            },
            {
                "user": "U028UDDAWAD",
                "ts": "1634710722.051500"
            },
            {
                "user": "U028UDDAWAD",
                "ts": "1634710780.051800"
            }
        ],
        "is_locked": false,
        "subscribed": true,
        "last_read": "1634710780.051800"
    },
    {
        "client_msg_id": "063AC53A-1FF9-49A4-8EA1-FBF49B9A0C10",
        "type": "message",
        "text": "I’m fine with anytime",
        "user": "U028FPSLFK4",
        "ts": "1634710573.051100",
        "team": "T028CNVFETF",
        "user_team": "T028CNVFETF",
        "source_team": "T028CNVFETF",
        "user_profile": {
            "avatar_hash": "g92faf8c7cb1",
            "image_72": "https:\/\/secure.gravatar.com\/avatar\/92faf8c7cb15b0d6ca7ed71eeba8f20b.jpg?s=72&d=https%3A%2F%2Fa.slack-edge.com%2Fdf10d%2Fimg%2Favatars%2Fava_0022-72.png",
            "first_name": "",
            "real_name": "Ming Dong",
            "display_name": "Ming Dong",
            "team": "T028CNVFETF",
            "name": "s3843573",
            "is_restricted": false,
            "is_ultra_restricted": false
        },
        "blocks": [
            {
                "type": "rich_text",
                "block_id": "FS5+L",
                "elements": [
                    {
                        "type": "rich_text_section",
                        "elements": [
                            {
                                "type": "text",
                                "text": "I’m fine with anytime"
                            }
                        ]
                    }
                ]
            }
        ],
        "thread_ts": "1634710494.050900",
        "parent_user_id": "U028UDDAWAD"
    },
    {
        "client_msg_id": "9f1e0be3-0aad-464a-88de-d5380af817c5",
        "type": "message",
        "text": "yea i am fine with that, 6pm might be better for me..",
        "user": "U02812J04H5",
        "ts": "1634710648.051300",
        "team": "T028CNVFETF",
        "user_team": "T028CNVFETF",
        "source_team": "T028CNVFETF",
        "user_profile": {
            "avatar_hash": "g9ff92d51e82",
            "image_72": "https:\/\/secure.gravatar.com\/avatar\/9ff92d51e820b2c762e345cf0c31cdb3.jpg?s=72&d=https%3A%2F%2Fa.slack-edge.com%2Fdf10d%2Fimg%2Favatars%2Fava_0020-72.png",
            "first_name": "",
            "real_name": "Moritz Hauptmann",
            "display_name": "Moritz Hauptmann",
            "team": "T028CNVFETF",
            "name": "s3851298",
            "is_restricted": false,
            "is_ultra_restricted": false
        },
        "blocks": [
            {
                "type": "rich_text",
                "block_id": "snW",
                "elements": [
                    {
                        "type": "rich_text_section",
                        "elements": [
                            {
                                "type": "text",
                                "text": "yea i am fine with that, 6pm might be better for me.."
                            }
                        ]
                    }
                ]
            }
        ],
        "thread_ts": "1634710494.050900",
        "parent_user_id": "U028UDDAWAD"
    },
    {
        "client_msg_id": "b05a10e2-fac7-43e8-b875-cfecdced6c2c",
        "type": "message",
        "text": "Ok, i'll get 6:00 pm if it's available otherwise 6:45",
        "user": "U028UDDAWAD",
        "ts": "1634710722.051500",
        "team": "T028CNVFETF",
        "user_team": "T028CNVFETF",
        "source_team": "T028CNVFETF",
        "user_profile": {
            "avatar_hash": "gbc659f0070f",
            "image_72": "https:\/\/secure.gravatar.com\/avatar\/bc659f0070f49e4d9ea463fb700c9f95.jpg?s=72&d=https%3A%2F%2Fa.slack-edge.com%2Fdf10d%2Fimg%2Favatars%2Fava_0021-72.png",
            "first_name": "Jacob",
            "real_name": "Jacob McEwan",
            "display_name": "Jacob McEwan",
            "team": "T028CNVFETF",
            "name": "s3841062",
            "is_restricted": false,
            "is_ultra_restricted": false
        },
        "blocks": [
            {
                "type": "rich_text",
                "block_id": "4fV3M",
                "elements": [
                    {
                        "type": "rich_text_section",
                        "elements": [
                            {
                                "type": "text",
                                "text": "Ok, i'll get 6:00 pm if it's available otherwise 6:45"
                            }
                        ]
                    }
                ]
            }
        ],
        "thread_ts": "1634710494.050900",
        "parent_user_id": "U028UDDAWAD",
        "reactions": [
            {
                "name": "+1",
                "users": [
                    "U02812J04H5"
                ],
                "count": 1
            }
        ]
    },
    {
        "client_msg_id": "a53ec144-3346-455a-8c9f-0c27d8d7080f",
        "type": "message",
        "text": "The link was invalid apparently, I'll have to wait till he sends a new one",
        "user": "U028UDDAWAD",
        "ts": "1634710780.051800",
        "team": "T028CNVFETF",
        "user_team": "T028CNVFETF",
        "source_team": "T028CNVFETF",
        "user_profile": {
            "avatar_hash": "gbc659f0070f",
            "image_72": "https:\/\/secure.gravatar.com\/avatar\/bc659f0070f49e4d9ea463fb700c9f95.jpg?s=72&d=https%3A%2F%2Fa.slack-edge.com%2Fdf10d%2Fimg%2Favatars%2Fava_0021-72.png",
            "first_name": "Jacob",
            "real_name": "Jacob McEwan",
            "display_name": "Jacob McEwan",
            "team": "T028CNVFETF",
            "name": "s3841062",
            "is_restricted": false,
            "is_ultra_restricted": false
        },
        "blocks": [
            {
                "type": "rich_text",
                "block_id": "IUK",
                "elements": [
                    {
                        "type": "rich_text_section",
                        "elements": [
                            {
                                "type": "text",
                                "text": "The link was invalid apparently, I'll have to wait till he sends a new one"
                            }
                        ]
                    }
                ]
            }
        ],
        "thread_ts": "1634710494.050900",
        "parent_user_id": "U028UDDAWAD"
    }
]