[
    {
        "client_msg_id": "efd32441-068e-41af-ac85-3aff90a89ca2",
        "type": "message",
        "text": "<@U028Q9GDXN3> would u quickly have time to join teams?",
        "user": "U02812J04H5",
        "ts": "1633849435.012500",
        "team": "T028CNVFETF",
        "user_team": "T028CNVFETF",
        "source_team": "T028CNVFETF",
        "user_profile": {
            "avatar_hash": "g9ff92d51e82",
            "image_72": "https:\/\/secure.gravatar.com\/avatar\/9ff92d51e820b2c762e345cf0c31cdb3.jpg?s=72&d=https%3A%2F%2Fa.slack-edge.com%2Fdf10d%2Fimg%2Favatars%2Fava_0020-72.png",
            "first_name": "",
            "real_name": "Moritz Hauptmann",
            "display_name": "Moritz Hauptmann",
            "team": "T028CNVFETF",
            "name": "s3851298",
            "is_restricted": false,
            "is_ultra_restricted": false
        },
        "blocks": [
            {
                "type": "rich_text",
                "block_id": "LkMS",
                "elements": [
                    {
                        "type": "rich_text_section",
                        "elements": [
                            {
                                "type": "user",
                                "user_id": "U028Q9GDXN3"
                            },
                            {
                                "type": "text",
                                "text": " would u quickly have time to join teams?"
                            }
                        ]
                    }
                ]
            }
        ],
        "thread_ts": "1633849435.012500",
        "reply_count": 1,
        "reply_users_count": 1,
        "latest_reply": "1633850717.012600",
        "reply_users": [
            "U028Q9GDXN3"
        ],
        "replies": [
            {
                "user": "U028Q9GDXN3",
                "ts": "1633850717.012600"
            }
        ],
        "is_locked": false,
        "subscribed": false
    },
    {
        "client_msg_id": "03f999d3-8749-433f-9328-5254d1efb4e3",
        "type": "message",
        "text": "sure",
        "user": "U028Q9GDXN3",
        "ts": "1633850717.012600",
        "team": "T028CNVFETF",
        "user_team": "T028CNVFETF",
        "source_team": "T028CNVFETF",
        "user_profile": {
            "avatar_hash": "a6bbad4a67bc",
            "image_72": "https:\/\/avatars.slack-edge.com\/2021-07-26\/2308025050517_a6bbad4a67bc3cebd1c6_72.png",
            "first_name": "",
            "real_name": "Jack Hollis-London",
            "display_name": "Jack Hollis-London",
            "team": "T028CNVFETF",
            "name": "s3585034",
            "is_restricted": false,
            "is_ultra_restricted": false
        },
        "blocks": [
            {
                "type": "rich_text",
                "block_id": "M1X9",
                "elements": [
                    {
                        "type": "rich_text_section",
                        "elements": [
                            {
                                "type": "text",
                                "text": "sure"
                            }
                        ]
                    }
                ]
            }
        ],
        "thread_ts": "1633849435.012500",
        "parent_user_id": "U02812J04H5"
    }
]