[
    {
        "client_msg_id": "d8a0bf67-b73d-4f8a-8b26-ae23deefd49c",
        "type": "message",
        "text": "haha earthquake",
        "user": "U028Q9GDXN3",
        "ts": "1632267612.154700",
        "team": "T028CNVFETF",
        "user_team": "T028CNVFETF",
        "source_team": "T028CNVFETF",
        "user_profile": {
            "avatar_hash": "a6bbad4a67bc",
            "image_72": "https:\/\/avatars.slack-edge.com\/2021-07-26\/2308025050517_a6bbad4a67bc3cebd1c6_72.png",
            "first_name": "",
            "real_name": "Jack Hollis-London",
            "display_name": "Jack Hollis-London",
            "team": "T028CNVFETF",
            "name": "s3585034",
            "is_restricted": false,
            "is_ultra_restricted": false
        },
        "blocks": [
            {
                "type": "rich_text",
                "block_id": "Kg=b2",
                "elements": [
                    {
                        "type": "rich_text_section",
                        "elements": [
                            {
                                "type": "text",
                                "text": "haha earthquake"
                            }
                        ]
                    }
                ]
            }
        ]
    }
]