[
    {
        "client_msg_id": "7cc6151f-b9cc-4188-aecf-5935c4a4d940",
        "type": "message",
        "text": "When should we meet to finish the sprint?",
        "user": "U028UDDAWAD",
        "ts": "1634452791.024900",
        "team": "T028CNVFETF",
        "user_team": "T028CNVFETF",
        "source_team": "T028CNVFETF",
        "user_profile": {
            "avatar_hash": "gbc659f0070f",
            "image_72": "https:\/\/secure.gravatar.com\/avatar\/bc659f0070f49e4d9ea463fb700c9f95.jpg?s=72&d=https%3A%2F%2Fa.slack-edge.com%2Fdf10d%2Fimg%2Favatars%2Fava_0021-72.png",
            "first_name": "Jacob",
            "real_name": "Jacob McEwan",
            "display_name": "Jacob McEwan",
            "team": "T028CNVFETF",
            "name": "s3841062",
            "is_restricted": false,
            "is_ultra_restricted": false
        },
        "blocks": [
            {
                "type": "rich_text",
                "block_id": "At8MS",
                "elements": [
                    {
                        "type": "rich_text_section",
                        "elements": [
                            {
                                "type": "text",
                                "text": "When should we meet to finish the sprint?"
                            }
                        ]
                    }
                ]
            }
        ]
    },
    {
        "client_msg_id": "8f8c78aa-22e8-4df4-a880-92bb75fbe3fa",
        "type": "message",
        "text": "<!everyone>",
        "user": "U028UDDAWAD",
        "ts": "1634452968.025100",
        "team": "T028CNVFETF",
        "user_team": "T028CNVFETF",
        "source_team": "T028CNVFETF",
        "user_profile": {
            "avatar_hash": "gbc659f0070f",
            "image_72": "https:\/\/secure.gravatar.com\/avatar\/bc659f0070f49e4d9ea463fb700c9f95.jpg?s=72&d=https%3A%2F%2Fa.slack-edge.com%2Fdf10d%2Fimg%2Favatars%2Fava_0021-72.png",
            "first_name": "Jacob",
            "real_name": "Jacob McEwan",
            "display_name": "Jacob McEwan",
            "team": "T028CNVFETF",
            "name": "s3841062",
            "is_restricted": false,
            "is_ultra_restricted": false
        },
        "blocks": [
            {
                "type": "rich_text",
                "block_id": "Knj",
                "elements": [
                    {
                        "type": "rich_text_section",
                        "elements": [
                            {
                                "type": "broadcast",
                                "range": "everyone"
                            }
                        ]
                    }
                ]
            }
        ],
        "thread_ts": "1634452968.025100",
        "reply_count": 11,
        "reply_users_count": 3,
        "latest_reply": "1634461281.027200",
        "reply_users": [
            "U028FPSLFK4",
            "U028UDDAWAD",
            "U028Q9GDXN3"
        ],
        "replies": [
            {
                "user": "U028FPSLFK4",
                "ts": "1634453003.025200"
            },
            {
                "user": "U028UDDAWAD",
                "ts": "1634453059.025400"
            },
            {
                "user": "U028FPSLFK4",
                "ts": "1634453171.025600"
            },
            {
                "user": "U028UDDAWAD",
                "ts": "1634453187.025800"
            },
            {
                "user": "U028FPSLFK4",
                "ts": "1634453195.026000"
            },
            {
                "user": "U028UDDAWAD",
                "ts": "1634453206.026200"
            },
            {
                "user": "U028Q9GDXN3",
                "ts": "1634457562.026400"
            },
            {
                "user": "U028UDDAWAD",
                "ts": "1634458276.026600"
            },
            {
                "user": "U028Q9GDXN3",
                "ts": "1634458288.026800"
            },
            {
                "user": "U028UDDAWAD",
                "ts": "1634458316.027000"
            },
            {
                "user": "U028FPSLFK4",
                "ts": "1634461281.027200"
            }
        ],
        "is_locked": false,
        "subscribed": true,
        "last_read": "1634461281.027200"
    },
    {
        "client_msg_id": "60e23c9b-80a4-49a0-9e08-8aa7f9fc5df9",
        "type": "message",
        "text": "today?",
        "user": "U028FPSLFK4",
        "ts": "1634453003.025200",
        "team": "T028CNVFETF",
        "user_team": "T028CNVFETF",
        "source_team": "T028CNVFETF",
        "user_profile": {
            "avatar_hash": "g92faf8c7cb1",
            "image_72": "https:\/\/secure.gravatar.com\/avatar\/92faf8c7cb15b0d6ca7ed71eeba8f20b.jpg?s=72&d=https%3A%2F%2Fa.slack-edge.com%2Fdf10d%2Fimg%2Favatars%2Fava_0022-72.png",
            "first_name": "",
            "real_name": "Ming Dong",
            "display_name": "Ming Dong",
            "team": "T028CNVFETF",
            "name": "s3843573",
            "is_restricted": false,
            "is_ultra_restricted": false
        },
        "blocks": [
            {
                "type": "rich_text",
                "block_id": "jFy",
                "elements": [
                    {
                        "type": "rich_text_section",
                        "elements": [
                            {
                                "type": "text",
                                "text": "today?"
                            }
                        ]
                    }
                ]
            }
        ],
        "thread_ts": "1634452968.025100",
        "parent_user_id": "U028UDDAWAD"
    },
    {
        "client_msg_id": "cbb19344-c3fd-4df2-89ba-2f4a9bac2a58",
        "type": "message",
        "text": "Weren't we finishing the sprint today? Then doing a 2-3 day refactor then the last couple of days on the presentation?",
        "user": "U028UDDAWAD",
        "ts": "1634453059.025400",
        "team": "T028CNVFETF",
        "user_team": "T028CNVFETF",
        "source_team": "T028CNVFETF",
        "user_profile": {
            "avatar_hash": "gbc659f0070f",
            "image_72": "https:\/\/secure.gravatar.com\/avatar\/bc659f0070f49e4d9ea463fb700c9f95.jpg?s=72&d=https%3A%2F%2Fa.slack-edge.com%2Fdf10d%2Fimg%2Favatars%2Fava_0021-72.png",
            "first_name": "Jacob",
            "real_name": "Jacob McEwan",
            "display_name": "Jacob McEwan",
            "team": "T028CNVFETF",
            "name": "s3841062",
            "is_restricted": false,
            "is_ultra_restricted": false
        },
        "blocks": [
            {
                "type": "rich_text",
                "block_id": "SXy7V",
                "elements": [
                    {
                        "type": "rich_text_section",
                        "elements": [
                            {
                                "type": "text",
                                "text": "Weren't we finishing the sprint today? Then doing a 2-3 day refactor then the last couple of days on the presentation?"
                            }
                        ]
                    }
                ]
            }
        ],
        "thread_ts": "1634452968.025100",
        "parent_user_id": "U028UDDAWAD"
    },
    {
        "client_msg_id": "35374350-d995-4c14-8b97-541efa608521",
        "type": "message",
        "text": "yeah, on jira i saw this sprint suppose to finish by today",
        "user": "U028FPSLFK4",
        "ts": "1634453171.025600",
        "team": "T028CNVFETF",
        "user_team": "T028CNVFETF",
        "source_team": "T028CNVFETF",
        "user_profile": {
            "avatar_hash": "g92faf8c7cb1",
            "image_72": "https:\/\/secure.gravatar.com\/avatar\/92faf8c7cb15b0d6ca7ed71eeba8f20b.jpg?s=72&d=https%3A%2F%2Fa.slack-edge.com%2Fdf10d%2Fimg%2Favatars%2Fava_0022-72.png",
            "first_name": "",
            "real_name": "Ming Dong",
            "display_name": "Ming Dong",
            "team": "T028CNVFETF",
            "name": "s3843573",
            "is_restricted": false,
            "is_ultra_restricted": false
        },
        "blocks": [
            {
                "type": "rich_text",
                "block_id": "Qgd",
                "elements": [
                    {
                        "type": "rich_text_section",
                        "elements": [
                            {
                                "type": "text",
                                "text": "yeah, on jira i saw this sprint suppose to finish by today"
                            }
                        ]
                    }
                ]
            }
        ],
        "thread_ts": "1634452968.025100",
        "parent_user_id": "U028UDDAWAD"
    },
    {
        "client_msg_id": "793ed470-1fdb-48d4-92c1-af0585955615",
        "type": "message",
        "text": "Yeah. What times were you free?",
        "user": "U028UDDAWAD",
        "ts": "1634453187.025800",
        "team": "T028CNVFETF",
        "user_team": "T028CNVFETF",
        "source_team": "T028CNVFETF",
        "user_profile": {
            "avatar_hash": "gbc659f0070f",
            "image_72": "https:\/\/secure.gravatar.com\/avatar\/bc659f0070f49e4d9ea463fb700c9f95.jpg?s=72&d=https%3A%2F%2Fa.slack-edge.com%2Fdf10d%2Fimg%2Favatars%2Fava_0021-72.png",
            "first_name": "Jacob",
            "real_name": "Jacob McEwan",
            "display_name": "Jacob McEwan",
            "team": "T028CNVFETF",
            "name": "s3841062",
            "is_restricted": false,
            "is_ultra_restricted": false
        },
        "blocks": [
            {
                "type": "rich_text",
                "block_id": "nvP5",
                "elements": [
                    {
                        "type": "rich_text_section",
                        "elements": [
                            {
                                "type": "text",
                                "text": "Yeah. What times were you free?"
                            }
                        ]
                    }
                ]
            }
        ],
        "thread_ts": "1634452968.025100",
        "parent_user_id": "U028UDDAWAD"
    },
    {
        "client_msg_id": "cdc34bc1-24c1-4e5f-897d-4f19390dbf63",
        "type": "message",
        "text": "anytime",
        "user": "U028FPSLFK4",
        "ts": "1634453195.026000",
        "team": "T028CNVFETF",
        "user_team": "T028CNVFETF",
        "source_team": "T028CNVFETF",
        "user_profile": {
            "avatar_hash": "g92faf8c7cb1",
            "image_72": "https:\/\/secure.gravatar.com\/avatar\/92faf8c7cb15b0d6ca7ed71eeba8f20b.jpg?s=72&d=https%3A%2F%2Fa.slack-edge.com%2Fdf10d%2Fimg%2Favatars%2Fava_0022-72.png",
            "first_name": "",
            "real_name": "Ming Dong",
            "display_name": "Ming Dong",
            "team": "T028CNVFETF",
            "name": "s3843573",
            "is_restricted": false,
            "is_ultra_restricted": false
        },
        "blocks": [
            {
                "type": "rich_text",
                "block_id": "xHnRf",
                "elements": [
                    {
                        "type": "rich_text_section",
                        "elements": [
                            {
                                "type": "text",
                                "text": "anytime"
                            }
                        ]
                    }
                ]
            }
        ],
        "thread_ts": "1634452968.025100",
        "parent_user_id": "U028UDDAWAD"
    },
    {
        "client_msg_id": "b885395b-41a6-45a0-ad8d-75b28037aedb",
        "type": "message",
        "text": "Cool. We'll se how the others go",
        "user": "U028UDDAWAD",
        "ts": "1634453206.026200",
        "team": "T028CNVFETF",
        "user_team": "T028CNVFETF",
        "source_team": "T028CNVFETF",
        "user_profile": {
            "avatar_hash": "gbc659f0070f",
            "image_72": "https:\/\/secure.gravatar.com\/avatar\/bc659f0070f49e4d9ea463fb700c9f95.jpg?s=72&d=https%3A%2F%2Fa.slack-edge.com%2Fdf10d%2Fimg%2Favatars%2Fava_0021-72.png",
            "first_name": "Jacob",
            "real_name": "Jacob McEwan",
            "display_name": "Jacob McEwan",
            "team": "T028CNVFETF",
            "name": "s3841062",
            "is_restricted": false,
            "is_ultra_restricted": false
        },
        "blocks": [
            {
                "type": "rich_text",
                "block_id": "3=DBq",
                "elements": [
                    {
                        "type": "rich_text_section",
                        "elements": [
                            {
                                "type": "text",
                                "text": "Cool. We'll se how the others go"
                            }
                        ]
                    }
                ]
            }
        ],
        "thread_ts": "1634452968.025100",
        "parent_user_id": "U028UDDAWAD"
    }
]