[
    {
        "client_msg_id": "9a903fa7-0cbe-4b1e-a2ed-7977333a4379",
        "type": "message",
        "text": "• Secure AWS VPC to be more secure e.g separate 'develop' branch deployment from 'main' branch deployment",
        "user": "U028Q9GDXN3",
        "ts": "1633589465.024400",
        "team": "T028CNVFETF",
        "user_team": "T028CNVFETF",
        "source_team": "T028CNVFETF",
        "user_profile": {
            "avatar_hash": "a6bbad4a67bc",
            "image_72": "https:\/\/avatars.slack-edge.com\/2021-07-26\/2308025050517_a6bbad4a67bc3cebd1c6_72.png",
            "first_name": "",
            "real_name": "Jack Hollis-London",
            "display_name": "Jack Hollis-London",
            "team": "T028CNVFETF",
            "name": "s3585034",
            "is_restricted": false,
            "is_ultra_restricted": false
        },
        "edited": {
            "user": "U028Q9GDXN3",
            "ts": "1633589492.000000"
        },
        "blocks": [
            {
                "type": "rich_text",
                "block_id": "vRMnd",
                "elements": [
                    {
                        "type": "rich_text_list",
                        "elements": [
                            {
                                "type": "rich_text_section",
                                "elements": [
                                    {
                                        "type": "text",
                                        "text": "Secure AWS VPC to be more secure e.g separate 'develop' branch deployment from 'main' branch deployment"
                                    }
                                ]
                            }
                        ],
                        "style": "bullet",
                        "indent": 0,
                        "border": 0
                    }
                ]
            }
        ],
        "thread_ts": "1633253076.012200",
        "parent_user_id": "U028Q9GDXN3"
    }
]