[
    {
        "client_msg_id": "1570d7d0-ebb6-454e-88f7-a43deba7e20b",
        "type": "message",
        "text": "is there an easy way to get the current user token? I cant seem to get it from the userAtom? most of the time the token would be undefined in my attempts...\n`export const PutUserApi = async (_data_) =&gt; {`\n    _`\/\/ if (!endpoint) throw Error('endpoint not supplied');`_\n`    _\/\/ const user = useRecoilValue(userAtom);_`\n`   `\n    `try {`\n        `const token = await userAtom.token;`\n`        _\/\/ const token = selector({_`\n`        _\/\/     key: 'users_info_v1\/default',_`\n`        _\/\/     get: () =&gt; async ({get}) =&gt; {_`\n`        _\/\/         try {_`\n`        _\/\/             return axios( { method: 'put',data, url: '<http:\/\/localhost:8080\/api\/users\/userProfile>', headers: { 'Authorization': 'Bearer ' + await get(userAtom).token } })_`\n`        _\/\/         } catch (e) {_`\n`        _\/\/             return null;_`\n`        _\/\/         }_`        \n`        _\/\/     },_`\n`        _\/\/ });_`\n\n        `const config = {`\n            `headers: {` \n                `'Content-Type': 'application\/json',`\n                `'Authorization': token,`\n            `},`\n        `};`       \n        `const res = await axios.put(`<http:\/\/localhost:8080\/api\/users\/userProfile>`, _data_, config);`\n        return res.data\n    } catch (e) {\n        if (e.response) {\n            throw e.response.data;\n        } else {\n            _`\/\/ eslint-disable-next-line no-throw-literal`_\n            `throw {message: 'Could not connect to auth service'};`\n        `}`\n    `}`\n`}`",
        "user": "U02812J04H5",
        "ts": "1633647336.026900",
        "team": "T028CNVFETF",
        "user_team": "T028CNVFETF",
        "source_team": "T028CNVFETF",
        "user_profile": {
            "avatar_hash": "g9ff92d51e82",
            "image_72": "https:\/\/secure.gravatar.com\/avatar\/9ff92d51e820b2c762e345cf0c31cdb3.jpg?s=72&d=https%3A%2F%2Fa.slack-edge.com%2Fdf10d%2Fimg%2Favatars%2Fava_0020-72.png",
            "first_name": "",
            "real_name": "Moritz Hauptmann",
            "display_name": "Moritz Hauptmann",
            "team": "T028CNVFETF",
            "name": "s3851298",
            "is_restricted": false,
            "is_ultra_restricted": false
        },
        "edited": {
            "user": "U02812J04H5",
            "ts": "1633647355.000000"
        },
        "blocks": [
            {
                "type": "rich_text",
                "block_id": "mdh1",
                "elements": [
                    {
                        "type": "rich_text_section",
                        "elements": [
                            {
                                "type": "text",
                                "text": "is there an easy way to get the current user token? I cant seem to get it from the userAtom? most of the time the token would be undefined in my attempts...\n"
                            },
                            {
                                "type": "text",
                                "text": "export const PutUserApi = async (",
                                "style": {
                                    "code": true
                                }
                            },
                            {
                                "type": "text",
                                "text": "data",
                                "style": {
                                    "italic": true,
                                    "code": true
                                }
                            },
                            {
                                "type": "text",
                                "text": ") => {",
                                "style": {
                                    "code": true
                                }
                            },
                            {
                                "type": "text",
                                "text": "\n    "
                            },
                            {
                                "type": "text",
                                "text": "\/\/ if (!endpoint) throw Error('endpoint not supplied');",
                                "style": {
                                    "italic": true,
                                    "code": true
                                }
                            },
                            {
                                "type": "text",
                                "text": "\n"
                            },
                            {
                                "type": "text",
                                "text": "    ",
                                "style": {
                                    "code": true
                                }
                            },
                            {
                                "type": "text",
                                "text": "\/\/ const user = useRecoilValue(userAtom);",
                                "style": {
                                    "italic": true,
                                    "code": true
                                }
                            },
                            {
                                "type": "text",
                                "text": "\n"
                            },
                            {
                                "type": "text",
                                "text": "   ",
                                "style": {
                                    "code": true
                                }
                            },
                            {
                                "type": "text",
                                "text": "\n"
                            },
                            {
                                "type": "text",
                                "text": "    try {",
                                "style": {
                                    "code": true
                                }
                            },
                            {
                                "type": "text",
                                "text": "\n"
                            },
                            {
                                "type": "text",
                                "text": "        const token = await userAtom.token;",
                                "style": {
                                    "code": true
                                }
                            },
                            {
                                "type": "text",
                                "text": "\n"
                            },
                            {
                                "type": "text",
                                "text": "        ",
                                "style": {
                                    "code": true
                                }
                            },
                            {
                                "type": "text",
                                "text": "\/\/ const token = selector({",
                                "style": {
                                    "italic": true,
                                    "code": true
                                }
                            },
                            {
                                "type": "text",
                                "text": "\n"
                            },
                            {
                                "type": "text",
                                "text": "        ",
                                "style": {
                                    "code": true
                                }
                            },
                            {
                                "type": "text",
                                "text": "\/\/     key: 'users_info_v1\/default',",
                                "style": {
                                    "italic": true,
                                    "code": true
                                }
                            },
                            {
                                "type": "text",
                                "text": "\n"
                            },
                            {
                                "type": "text",
                                "text": "        ",
                                "style": {
                                    "code": true
                                }
                            },
                            {
                                "type": "text",
                                "text": "\/\/     get: () => async ({get}) => {",
                                "style": {
                                    "italic": true,
                                    "code": true
                                }
                            },
                            {
                                "type": "text",
                                "text": "\n"
                            },
                            {
                                "type": "text",
                                "text": "        ",
                                "style": {
                                    "code": true
                                }
                            },
                            {
                                "type": "text",
                                "text": "\/\/         try {",
                                "style": {
                                    "italic": true,
                                    "code": true
                                }
                            },
                            {
                                "type": "text",
                                "text": "\n"
                            },
                            {
                                "type": "text",
                                "text": "        ",
                                "style": {
                                    "code": true
                                }
                            },
                            {
                                "type": "text",
                                "text": "\/\/             return axios( { method: 'put',data, url: '",
                                "style": {
                                    "italic": true,
                                    "code": true
                                }
                            },
                            {
                                "type": "link",
                                "url": "http:\/\/localhost:8080\/api\/users\/userProfile",
                                "style": {
                                    "italic": true,
                                    "code": true
                                }
                            },
                            {
                                "type": "text",
                                "text": "', headers: { 'Authorization': 'Bearer ' + await get(userAtom).token } })",
                                "style": {
                                    "italic": true,
                                    "code": true
                                }
                            },
                            {
                                "type": "text",
                                "text": "\n"
                            },
                            {
                                "type": "text",
                                "text": "        ",
                                "style": {
                                    "code": true
                                }
                            },
                            {
                                "type": "text",
                                "text": "\/\/         } catch (e) {",
                                "style": {
                                    "italic": true,
                                    "code": true
                                }
                            },
                            {
                                "type": "text",
                                "text": "\n"
                            },
                            {
                                "type": "text",
                                "text": "        ",
                                "style": {
                                    "code": true
                                }
                            },
                            {
                                "type": "text",
                                "text": "\/\/             return null;",
                                "style": {
                                    "italic": true,
                                    "code": true
                                }
                            },
                            {
                                "type": "text",
                                "text": "\n"
                            },
                            {
                                "type": "text",
                                "text": "        ",
                                "style": {
                                    "code": true
                                }
                            },
                            {
                                "type": "text",
                                "text": "\/\/         }        ",
                                "style": {
                                    "italic": true,
                                    "code": true
                                }
                            },
                            {
                                "type": "text",
                                "text": "\n"
                            },
                            {
                                "type": "text",
                                "text": "        ",
                                "style": {
                                    "code": true
                                }
                            },
                            {
                                "type": "text",
                                "text": "\/\/     },",
                                "style": {
                                    "italic": true,
                                    "code": true
                                }
                            },
                            {
                                "type": "text",
                                "text": "\n"
                            },
                            {
                                "type": "text",
                                "text": "        ",
                                "style": {
                                    "code": true
                                }
                            },
                            {
                                "type": "text",
                                "text": "\/\/ });",
                                "style": {
                                    "italic": true,
                                    "code": true
                                }
                            },
                            {
                                "type": "text",
                                "text": "\n\n"
                            },
                            {
                                "type": "text",
                                "text": "        const config = {",
                                "style": {
                                    "code": true
                                }
                            },
                            {
                                "type": "text",
                                "text": "\n"
                            },
                            {
                                "type": "text",
                                "text": "            headers: { ",
                                "style": {
                                    "code": true
                                }
                            },
                            {
                                "type": "text",
                                "text": "\n"
                            },
                            {
                                "type": "text",
                                "text": "                'Content-Type': 'application\/json',",
                                "style": {
                                    "code": true
                                }
                            },
                            {
                                "type": "text",
                                "text": "\n"
                            },
                            {
                                "type": "text",
                                "text": "                'Authorization': token,",
                                "style": {
                                    "code": true
                                }
                            },
                            {
                                "type": "text",
                                "text": "\n"
                            },
                            {
                                "type": "text",
                                "text": "            },",
                                "style": {
                                    "code": true
                                }
                            },
                            {
                                "type": "text",
                                "text": "\n"
                            },
                            {
                                "type": "text",
                                "text": "        };       ",
                                "style": {
                                    "code": true
                                }
                            },
                            {
                                "type": "text",
                                "text": "\n"
                            },
                            {
                                "type": "text",
                                "text": "        const res = await axios.put(`",
                                "style": {
                                    "code": true
                                }
                            },
                            {
                                "type": "link",
                                "url": "http:\/\/localhost:8080\/api\/users\/userProfile",
                                "style": {
                                    "code": true
                                }
                            },
                            {
                                "type": "text",
                                "text": "`, ",
                                "style": {
                                    "code": true
                                }
                            },
                            {
                                "type": "text",
                                "text": "data",
                                "style": {
                                    "italic": true,
                                    "code": true
                                }
                            },
                            {
                                "type": "text",
                                "text": ", config);",
                                "style": {
                                    "code": true
                                }
                            },
                            {
                                "type": "text",
                                "text": "\n        return res.data\n    } catch (e) {\n        if (e.response) {\n            throw e.response.data;\n        } else {\n            "
                            },
                            {
                                "type": "text",
                                "text": "\/\/ eslint-disable-next-line no-throw-literal",
                                "style": {
                                    "italic": true,
                                    "code": true
                                }
                            },
                            {
                                "type": "text",
                                "text": "\n"
                            },
                            {
                                "type": "text",
                                "text": "            throw {message: 'Could not connect to auth service'};",
                                "style": {
                                    "code": true
                                }
                            },
                            {
                                "type": "text",
                                "text": "\n"
                            },
                            {
                                "type": "text",
                                "text": "        }",
                                "style": {
                                    "code": true
                                }
                            },
                            {
                                "type": "text",
                                "text": "\n"
                            },
                            {
                                "type": "text",
                                "text": "    }",
                                "style": {
                                    "code": true
                                }
                            },
                            {
                                "type": "text",
                                "text": "\n"
                            },
                            {
                                "type": "text",
                                "text": "}",
                                "style": {
                                    "code": true
                                }
                            }
                        ]
                    }
                ]
            }
        ],
        "thread_ts": "1633647336.026900",
        "reply_count": 45,
        "reply_users_count": 3,
        "latest_reply": "1633768052.038600",
        "reply_users": [
            "U028UDDAWAD",
            "U02812J04H5",
            "U028Q9GDXN3"
        ],
        "replies": [
            {
                "user": "U028UDDAWAD",
                "ts": "1633652571.027600"
            },
            {
                "user": "U02812J04H5",
                "ts": "1633656221.027800"
            },
            {
                "user": "U028Q9GDXN3",
                "ts": "1633658528.028200"
            },
            {
                "user": "U028Q9GDXN3",
                "ts": "1633658546.028400"
            },
            {
                "user": "U028Q9GDXN3",
                "ts": "1633659180.028600"
            },
            {
                "user": "U02812J04H5",
                "ts": "1633679944.028900"
            },
            {
                "user": "U02812J04H5",
                "ts": "1633679958.029100"
            },
            {
                "user": "U02812J04H5",
                "ts": "1633680073.029300"
            },
            {
                "user": "U028Q9GDXN3",
                "ts": "1633680129.029500"
            },
            {
                "user": "U028Q9GDXN3",
                "ts": "1633680242.029700"
            },
            {
                "user": "U02812J04H5",
                "ts": "1633680251.029900"
            },
            {
                "user": "U028Q9GDXN3",
                "ts": "1633680425.030100"
            },
            {
                "user": "U028Q9GDXN3",
                "ts": "1633680570.030300"
            },
            {
                "user": "U028Q9GDXN3",
                "ts": "1633680628.030500"
            },
            {
                "user": "U02812J04H5",
                "ts": "1633680680.030700"
            },
            {
                "user": "U028Q9GDXN3",
                "ts": "1633680695.030900"
            },
            {
                "user": "U028Q9GDXN3",
                "ts": "1633680707.031100"
            },
            {
                "user": "U028Q9GDXN3",
                "ts": "1633680729.031300"
            },
            {
                "user": "U02812J04H5",
                "ts": "1633680801.031500"
            },
            {
                "user": "U028Q9GDXN3",
                "ts": "1633680866.031700"
            },
            {
                "user": "U028Q9GDXN3",
                "ts": "1633680882.031900"
            },
            {
                "user": "U028Q9GDXN3",
                "ts": "1633680882.032100"
            },
            {
                "user": "U028Q9GDXN3",
                "ts": "1633680899.032300"
            },
            {
                "user": "U02812J04H5",
                "ts": "1633688070.032500"
            },
            {
                "user": "U028Q9GDXN3",
                "ts": "1633688147.032700"
            },
            {
                "user": "U028Q9GDXN3",
                "ts": "1633688179.032900"
            },
            {
                "user": "U028Q9GDXN3",
                "ts": "1633688279.033100"
            },
            {
                "user": "U02812J04H5",
                "ts": "1633688389.033300"
            },
            {
                "user": "U028Q9GDXN3",
                "ts": "1633688461.033500"
            },
            {
                "user": "U02812J04H5",
                "ts": "1633688487.033700"
            },
            {
                "user": "U028Q9GDXN3",
                "ts": "1633688495.034000"
            },
            {
                "user": "U028Q9GDXN3",
                "ts": "1633688597.034200"
            },
            {
                "user": "U02812J04H5",
                "ts": "1633688728.034400"
            },
            {
                "user": "U02812J04H5",
                "ts": "1633738627.035200"
            },
            {
                "user": "U02812J04H5",
                "ts": "1633738799.035400"
            },
            {
                "user": "U02812J04H5",
                "ts": "1633738889.036000"
            },
            {
                "user": "U02812J04H5",
                "ts": "1633738918.036200"
            },
            {
                "user": "U02812J04H5",
                "ts": "1633738919.036400"
            },
            {
                "user": "U028Q9GDXN3",
                "ts": "1633744930.036600"
            },
            {
                "user": "U028Q9GDXN3",
                "ts": "1633745083.037200"
            },
            {
                "user": "U028Q9GDXN3",
                "ts": "1633765285.037800"
            },
            {
                "user": "U02812J04H5",
                "ts": "1633766294.038000"
            },
            {
                "user": "U02812J04H5",
                "ts": "1633767796.038200"
            },
            {
                "user": "U028Q9GDXN3",
                "ts": "1633768009.038400"
            },
            {
                "user": "U02812J04H5",
                "ts": "1633768052.038600"
            }
        ],
        "is_locked": false,
        "subscribed": true,
        "last_read": "1633768052.038600"
    },
    {
        "type": "message",
        "text": "",
        "files": [
            {
                "id": "F02H0502PHT",
                "created": 1633647428,
                "timestamp": 1633647428,
                "name": "Capture.JPG",
                "title": "Capture.JPG",
                "mimetype": "image\/jpeg",
                "filetype": "jpg",
                "pretty_type": "JPEG",
                "user": "U02812J04H5",
                "editable": false,
                "size": 53645,
                "mode": "hosted",
                "is_external": false,
                "external_type": "",
                "is_public": true,
                "public_url_shared": false,
                "display_as_bot": false,
                "username": "",
                "url_private": "https:\/\/files.slack.com\/files-pri\/T028CNVFETF-F02H0502PHT\/capture.jpg?t=xoxe-2284777524933-2639320681602-2636333542453-c87d2329fb29bd04b1bea169bb97cfd5",
                "url_private_download": "https:\/\/files.slack.com\/files-pri\/T028CNVFETF-F02H0502PHT\/download\/capture.jpg?t=xoxe-2284777524933-2639320681602-2636333542453-c87d2329fb29bd04b1bea169bb97cfd5",
                "media_display_type": "unknown",
                "thumb_64": "https:\/\/files.slack.com\/files-tmb\/T028CNVFETF-F02H0502PHT-790d7c3382\/capture_64.jpg?t=xoxe-2284777524933-2639320681602-2636333542453-c87d2329fb29bd04b1bea169bb97cfd5",
                "thumb_80": "https:\/\/files.slack.com\/files-tmb\/T028CNVFETF-F02H0502PHT-790d7c3382\/capture_80.jpg?t=xoxe-2284777524933-2639320681602-2636333542453-c87d2329fb29bd04b1bea169bb97cfd5",
                "thumb_360": "https:\/\/files.slack.com\/files-tmb\/T028CNVFETF-F02H0502PHT-790d7c3382\/capture_360.jpg?t=xoxe-2284777524933-2639320681602-2636333542453-c87d2329fb29bd04b1bea169bb97cfd5",
                "thumb_360_w": 360,
                "thumb_360_h": 141,
                "thumb_480": "https:\/\/files.slack.com\/files-tmb\/T028CNVFETF-F02H0502PHT-790d7c3382\/capture_480.jpg?t=xoxe-2284777524933-2639320681602-2636333542453-c87d2329fb29bd04b1bea169bb97cfd5",
                "thumb_480_w": 480,
                "thumb_480_h": 188,
                "thumb_160": "https:\/\/files.slack.com\/files-tmb\/T028CNVFETF-F02H0502PHT-790d7c3382\/capture_160.jpg?t=xoxe-2284777524933-2639320681602-2636333542453-c87d2329fb29bd04b1bea169bb97cfd5",
                "thumb_720": "https:\/\/files.slack.com\/files-tmb\/T028CNVFETF-F02H0502PHT-790d7c3382\/capture_720.jpg?t=xoxe-2284777524933-2639320681602-2636333542453-c87d2329fb29bd04b1bea169bb97cfd5",
                "thumb_720_w": 720,
                "thumb_720_h": 282,
                "thumb_800": "https:\/\/files.slack.com\/files-tmb\/T028CNVFETF-F02H0502PHT-790d7c3382\/capture_800.jpg?t=xoxe-2284777524933-2639320681602-2636333542453-c87d2329fb29bd04b1bea169bb97cfd5",
                "thumb_800_w": 800,
                "thumb_800_h": 313,
                "thumb_960": "https:\/\/files.slack.com\/files-tmb\/T028CNVFETF-F02H0502PHT-790d7c3382\/capture_960.jpg?t=xoxe-2284777524933-2639320681602-2636333542453-c87d2329fb29bd04b1bea169bb97cfd5",
                "thumb_960_w": 960,
                "thumb_960_h": 376,
                "thumb_1024": "https:\/\/files.slack.com\/files-tmb\/T028CNVFETF-F02H0502PHT-790d7c3382\/capture_1024.jpg?t=xoxe-2284777524933-2639320681602-2636333542453-c87d2329fb29bd04b1bea169bb97cfd5",
                "thumb_1024_w": 1024,
                "thumb_1024_h": 401,
                "original_w": 1663,
                "original_h": 651,
                "thumb_tiny": "AwASADCnRR2opgJRRRQAUUUUAFFFFABRRRQAUUUUAf\/Z",
                "permalink": "https:\/\/septassignmentproject.slack.com\/files\/U02812J04H5\/F02H0502PHT\/capture.jpg",
                "permalink_public": "https:\/\/slack-files.com\/T028CNVFETF-F02H0502PHT-ff90cddd5e",
                "is_starred": false,
                "has_rich_preview": false
            }
        ],
        "upload": false,
        "user": "U02812J04H5",
        "display_as_bot": false,
        "ts": "1633647434.027100",
        "client_msg_id": "bf67a231-bb17-419c-b5f0-f93f784b0958"
    },
    {
        "client_msg_id": "0a8ac88a-6605-41bd-a0e6-9a10d7cff74f",
        "type": "message",
        "text": "The token will need to be passed in as a parameter to the function and then retrieved using hooks in the component that uses it. So your putUserAPI function would be come\n```export const putUserAPI = async (data, token) =&gt; {...}```",
        "user": "U028UDDAWAD",
        "ts": "1633652571.027600",
        "team": "T028CNVFETF",
        "user_team": "T028CNVFETF",
        "source_team": "T028CNVFETF",
        "user_profile": {
            "avatar_hash": "gbc659f0070f",
            "image_72": "https:\/\/secure.gravatar.com\/avatar\/bc659f0070f49e4d9ea463fb700c9f95.jpg?s=72&d=https%3A%2F%2Fa.slack-edge.com%2Fdf10d%2Fimg%2Favatars%2Fava_0021-72.png",
            "first_name": "Jacob",
            "real_name": "Jacob McEwan",
            "display_name": "Jacob McEwan",
            "team": "T028CNVFETF",
            "name": "s3841062",
            "is_restricted": false,
            "is_ultra_restricted": false
        },
        "blocks": [
            {
                "type": "rich_text",
                "block_id": "paxZ",
                "elements": [
                    {
                        "type": "rich_text_section",
                        "elements": [
                            {
                                "type": "text",
                                "text": "The token will need to be passed in as a parameter to the function and then retrieved using hooks in the component that uses it. So your putUserAPI function would be come\n"
                            }
                        ]
                    },
                    {
                        "type": "rich_text_preformatted",
                        "elements": [
                            {
                                "type": "text",
                                "text": "export const putUserAPI = async (data, token) => {...}"
                            }
                        ]
                    }
                ]
            }
        ],
        "thread_ts": "1633647336.026900",
        "parent_user_id": "U02812J04H5"
    },
    {
        "client_msg_id": "93faab99-015c-4b39-8b07-2c15c7e3e72d",
        "type": "message",
        "text": "I see..  but how would I get the token inside the component to give it to the function?",
        "user": "U02812J04H5",
        "ts": "1633656221.027800",
        "team": "T028CNVFETF",
        "user_team": "T028CNVFETF",
        "source_team": "T028CNVFETF",
        "user_profile": {
            "avatar_hash": "g9ff92d51e82",
            "image_72": "https:\/\/secure.gravatar.com\/avatar\/9ff92d51e820b2c762e345cf0c31cdb3.jpg?s=72&d=https%3A%2F%2Fa.slack-edge.com%2Fdf10d%2Fimg%2Favatars%2Fava_0020-72.png",
            "first_name": "",
            "real_name": "Moritz Hauptmann",
            "display_name": "Moritz Hauptmann",
            "team": "T028CNVFETF",
            "name": "s3851298",
            "is_restricted": false,
            "is_ultra_restricted": false
        },
        "blocks": [
            {
                "type": "rich_text",
                "block_id": "VmA",
                "elements": [
                    {
                        "type": "rich_text_section",
                        "elements": [
                            {
                                "type": "text",
                                "text": "I see..  but how would I get the token inside the component to give it to the function?"
                            }
                        ]
                    }
                ]
            }
        ],
        "thread_ts": "1633647336.026900",
        "parent_user_id": "U02812J04H5"
    },
    {
        "client_msg_id": "7cd54100-2b47-4730-83dd-84e79cf5f8a0",
        "type": "message",
        "text": "isn't the user atom used somewhere else already, have you tried basing your code off existing uses of the atom?",
        "user": "U028Q9GDXN3",
        "ts": "1633658528.028200",
        "team": "T028CNVFETF",
        "user_team": "T028CNVFETF",
        "source_team": "T028CNVFETF",
        "user_profile": {
            "avatar_hash": "a6bbad4a67bc",
            "image_72": "https:\/\/avatars.slack-edge.com\/2021-07-26\/2308025050517_a6bbad4a67bc3cebd1c6_72.png",
            "first_name": "",
            "real_name": "Jack Hollis-London",
            "display_name": "Jack Hollis-London",
            "team": "T028CNVFETF",
            "name": "s3585034",
            "is_restricted": false,
            "is_ultra_restricted": false
        },
        "blocks": [
            {
                "type": "rich_text",
                "block_id": "Q=lf",
                "elements": [
                    {
                        "type": "rich_text_section",
                        "elements": [
                            {
                                "type": "text",
                                "text": "isn't the user atom used somewhere else already, have you tried basing your code off existing uses of the atom?"
                            }
                        ]
                    }
                ]
            }
        ],
        "thread_ts": "1633647336.026900",
        "parent_user_id": "U02812J04H5"
    },
    {
        "client_msg_id": "8526209d-7e93-4702-a475-ab155ba24389",
        "type": "message",
        "text": "e.g the navbar component iirc uses the user atom",
        "user": "U028Q9GDXN3",
        "ts": "1633658546.028400",
        "team": "T028CNVFETF",
        "user_team": "T028CNVFETF",
        "source_team": "T028CNVFETF",
        "user_profile": {
            "avatar_hash": "a6bbad4a67bc",
            "image_72": "https:\/\/avatars.slack-edge.com\/2021-07-26\/2308025050517_a6bbad4a67bc3cebd1c6_72.png",
            "first_name": "",
            "real_name": "Jack Hollis-London",
            "display_name": "Jack Hollis-London",
            "team": "T028CNVFETF",
            "name": "s3585034",
            "is_restricted": false,
            "is_ultra_restricted": false
        },
        "blocks": [
            {
                "type": "rich_text",
                "block_id": "vP9",
                "elements": [
                    {
                        "type": "rich_text_section",
                        "elements": [
                            {
                                "type": "text",
                                "text": "e.g the navbar component iirc uses the user atom"
                            }
                        ]
                    }
                ]
            }
        ],
        "thread_ts": "1633647336.026900",
        "parent_user_id": "U02812J04H5"
    },
    {
        "client_msg_id": "826aee18-9c34-4355-b4db-cabd30fe56b6",
        "type": "message",
        "text": "can you publish your local code to the github repo with a link",
        "user": "U028Q9GDXN3",
        "ts": "1633659180.028600",
        "team": "T028CNVFETF",
        "user_team": "T028CNVFETF",
        "source_team": "T028CNVFETF",
        "user_profile": {
            "avatar_hash": "a6bbad4a67bc",
            "image_72": "https:\/\/avatars.slack-edge.com\/2021-07-26\/2308025050517_a6bbad4a67bc3cebd1c6_72.png",
            "first_name": "",
            "real_name": "Jack Hollis-London",
            "display_name": "Jack Hollis-London",
            "team": "T028CNVFETF",
            "name": "s3585034",
            "is_restricted": false,
            "is_ultra_restricted": false
        },
        "edited": {
            "user": "U028Q9GDXN3",
            "ts": "1633659197.000000"
        },
        "blocks": [
            {
                "type": "rich_text",
                "block_id": "U3r=m",
                "elements": [
                    {
                        "type": "rich_text_section",
                        "elements": [
                            {
                                "type": "text",
                                "text": "can you publish your local code to the github repo with a link"
                            }
                        ]
                    }
                ]
            }
        ],
        "thread_ts": "1633647336.026900",
        "parent_user_id": "U02812J04H5"
    }
]