[
    {
        "client_msg_id": "c45ce049-46a1-4faa-8187-80c59ba97455",
        "type": "message",
        "text": "<@U02812J04H5> how did it go",
        "user": "U028Q9GDXN3",
        "ts": "1633765285.037800",
        "team": "T028CNVFETF",
        "user_team": "T028CNVFETF",
        "source_team": "T028CNVFETF",
        "user_profile": {
            "avatar_hash": "a6bbad4a67bc",
            "image_72": "https:\/\/avatars.slack-edge.com\/2021-07-26\/2308025050517_a6bbad4a67bc3cebd1c6_72.png",
            "first_name": "",
            "real_name": "Jack Hollis-London",
            "display_name": "Jack Hollis-London",
            "team": "T028CNVFETF",
            "name": "s3585034",
            "is_restricted": false,
            "is_ultra_restricted": false
        },
        "blocks": [
            {
                "type": "rich_text",
                "block_id": "EKf0",
                "elements": [
                    {
                        "type": "rich_text_section",
                        "elements": [
                            {
                                "type": "user",
                                "user_id": "U02812J04H5"
                            },
                            {
                                "type": "text",
                                "text": " how did it go"
                            }
                        ]
                    }
                ]
            }
        ],
        "thread_ts": "1633647336.026900",
        "parent_user_id": "U02812J04H5"
    },
    {
        "client_msg_id": "1ea78f38-49a7-4a78-94db-38fa7979b07a",
        "type": "message",
        "text": "Will try now.. just came from work..",
        "user": "U02812J04H5",
        "ts": "1633766294.038000",
        "team": "T028CNVFETF",
        "user_team": "T028CNVFETF",
        "source_team": "T028CNVFETF",
        "user_profile": {
            "avatar_hash": "g9ff92d51e82",
            "image_72": "https:\/\/secure.gravatar.com\/avatar\/9ff92d51e820b2c762e345cf0c31cdb3.jpg?s=72&d=https%3A%2F%2Fa.slack-edge.com%2Fdf10d%2Fimg%2Favatars%2Fava_0020-72.png",
            "first_name": "",
            "real_name": "Moritz Hauptmann",
            "display_name": "Moritz Hauptmann",
            "team": "T028CNVFETF",
            "name": "s3851298",
            "is_restricted": false,
            "is_ultra_restricted": false
        },
        "blocks": [
            {
                "type": "rich_text",
                "block_id": "lgSG",
                "elements": [
                    {
                        "type": "rich_text_section",
                        "elements": [
                            {
                                "type": "text",
                                "text": "Will try now.. just came from work.."
                            }
                        ]
                    }
                ]
            }
        ],
        "thread_ts": "1633647336.026900",
        "parent_user_id": "U02812J04H5"
    },
    {
        "client_msg_id": "24fc6889-a580-4ef0-abe0-93cbec3cfa9f",
        "type": "message",
        "text": "its still undefined..",
        "user": "U02812J04H5",
        "ts": "1633767796.038200",
        "team": "T028CNVFETF",
        "user_team": "T028CNVFETF",
        "source_team": "T028CNVFETF",
        "user_profile": {
            "avatar_hash": "g9ff92d51e82",
            "image_72": "https:\/\/secure.gravatar.com\/avatar\/9ff92d51e820b2c762e345cf0c31cdb3.jpg?s=72&d=https%3A%2F%2Fa.slack-edge.com%2Fdf10d%2Fimg%2Favatars%2Fava_0020-72.png",
            "first_name": "",
            "real_name": "Moritz Hauptmann",
            "display_name": "Moritz Hauptmann",
            "team": "T028CNVFETF",
            "name": "s3851298",
            "is_restricted": false,
            "is_ultra_restricted": false
        },
        "blocks": [
            {
                "type": "rich_text",
                "block_id": "v\/dC",
                "elements": [
                    {
                        "type": "rich_text_section",
                        "elements": [
                            {
                                "type": "text",
                                "text": "its still undefined.."
                            }
                        ]
                    }
                ]
            }
        ],
        "thread_ts": "1633647336.026900",
        "parent_user_id": "U02812J04H5"
    },
    {
        "client_msg_id": "ed91d091-d631-4a34-b4dd-db91a43031f3",
        "type": "message",
        "text": "call?",
        "user": "U028Q9GDXN3",
        "ts": "1633768009.038400",
        "team": "T028CNVFETF",
        "user_team": "T028CNVFETF",
        "source_team": "T028CNVFETF",
        "user_profile": {
            "avatar_hash": "a6bbad4a67bc",
            "image_72": "https:\/\/avatars.slack-edge.com\/2021-07-26\/2308025050517_a6bbad4a67bc3cebd1c6_72.png",
            "first_name": "",
            "real_name": "Jack Hollis-London",
            "display_name": "Jack Hollis-London",
            "team": "T028CNVFETF",
            "name": "s3585034",
            "is_restricted": false,
            "is_ultra_restricted": false
        },
        "blocks": [
            {
                "type": "rich_text",
                "block_id": "f2cyy",
                "elements": [
                    {
                        "type": "rich_text_section",
                        "elements": [
                            {
                                "type": "text",
                                "text": "call?"
                            }
                        ]
                    }
                ]
            }
        ],
        "thread_ts": "1633647336.026900",
        "parent_user_id": "U02812J04H5"
    },
    {
        "client_msg_id": "dee25d1c-0dfa-4d70-959f-91819c905afe",
        "type": "message",
        "text": "ok",
        "user": "U02812J04H5",
        "ts": "1633768052.038600",
        "team": "T028CNVFETF",
        "user_team": "T028CNVFETF",
        "source_team": "T028CNVFETF",
        "user_profile": {
            "avatar_hash": "g9ff92d51e82",
            "image_72": "https:\/\/secure.gravatar.com\/avatar\/9ff92d51e820b2c762e345cf0c31cdb3.jpg?s=72&d=https%3A%2F%2Fa.slack-edge.com%2Fdf10d%2Fimg%2Favatars%2Fava_0020-72.png",
            "first_name": "",
            "real_name": "Moritz Hauptmann",
            "display_name": "Moritz Hauptmann",
            "team": "T028CNVFETF",
            "name": "s3851298",
            "is_restricted": false,
            "is_ultra_restricted": false
        },
        "blocks": [
            {
                "type": "rich_text",
                "block_id": "wIH",
                "elements": [
                    {
                        "type": "rich_text_section",
                        "elements": [
                            {
                                "type": "text",
                                "text": "ok"
                            }
                        ]
                    }
                ]
            }
        ],
        "thread_ts": "1633647336.026900",
        "parent_user_id": "U02812J04H5"
    },
    {
        "client_msg_id": "ad22541c-bd52-4bbb-9455-696470881842",
        "type": "message",
        "text": "• In final document go over how project addresses or doesnt address each point in the AWS Academy mentioned \"*Cloud Architecture\" pillars*",
        "user": "U028Q9GDXN3",
        "ts": "1633774238.038800",
        "team": "T028CNVFETF",
        "user_team": "T028CNVFETF",
        "source_team": "T028CNVFETF",
        "user_profile": {
            "avatar_hash": "a6bbad4a67bc",
            "image_72": "https:\/\/avatars.slack-edge.com\/2021-07-26\/2308025050517_a6bbad4a67bc3cebd1c6_72.png",
            "first_name": "",
            "real_name": "Jack Hollis-London",
            "display_name": "Jack Hollis-London",
            "team": "T028CNVFETF",
            "name": "s3585034",
            "is_restricted": false,
            "is_ultra_restricted": false
        },
        "blocks": [
            {
                "type": "rich_text",
                "block_id": "douB",
                "elements": [
                    {
                        "type": "rich_text_list",
                        "elements": [
                            {
                                "type": "rich_text_section",
                                "elements": [
                                    {
                                        "type": "text",
                                        "text": "In final document go over how project addresses or doesnt address each point in the AWS Academy mentioned \""
                                    },
                                    {
                                        "type": "text",
                                        "text": "Cloud Architecture\" pillars",
                                        "style": {
                                            "bold": true
                                        }
                                    }
                                ]
                            }
                        ],
                        "style": "bullet",
                        "indent": 0,
                        "border": 0
                    }
                ]
            }
        ],
        "thread_ts": "1633253076.012200",
        "parent_user_id": "U028Q9GDXN3"
    },
    {
        "type": "message",
        "text": "",
        "files": [
            {
                "id": "F02H292RN06",
                "created": 1633826110,
                "timestamp": 1633826110,
                "name": "Image from iOS.png",
                "title": "Image from iOS",
                "mimetype": "image\/png",
                "filetype": "png",
                "pretty_type": "PNG",
                "user": "U028Q9GDXN3",
                "editable": false,
                "size": 1002342,
                "mode": "hosted",
                "is_external": false,
                "external_type": "",
                "is_public": true,
                "public_url_shared": false,
                "display_as_bot": false,
                "username": "",
                "url_private": "https:\/\/files.slack.com\/files-pri\/T028CNVFETF-F02H292RN06\/image_from_ios.png?t=xoxe-2284777524933-2639320681602-2636333542453-c87d2329fb29bd04b1bea169bb97cfd5",
                "url_private_download": "https:\/\/files.slack.com\/files-pri\/T028CNVFETF-F02H292RN06\/download\/image_from_ios.png?t=xoxe-2284777524933-2639320681602-2636333542453-c87d2329fb29bd04b1bea169bb97cfd5",
                "media_display_type": "unknown",
                "thumb_64": "https:\/\/files.slack.com\/files-tmb\/T028CNVFETF-F02H292RN06-a7dc6b9ed2\/image_from_ios_64.png?t=xoxe-2284777524933-2639320681602-2636333542453-c87d2329fb29bd04b1bea169bb97cfd5",
                "thumb_80": "https:\/\/files.slack.com\/files-tmb\/T028CNVFETF-F02H292RN06-a7dc6b9ed2\/image_from_ios_80.png?t=xoxe-2284777524933-2639320681602-2636333542453-c87d2329fb29bd04b1bea169bb97cfd5",
                "thumb_360": "https:\/\/files.slack.com\/files-tmb\/T028CNVFETF-F02H292RN06-a7dc6b9ed2\/image_from_ios_360.png?t=xoxe-2284777524933-2639320681602-2636333542453-c87d2329fb29bd04b1bea169bb97cfd5",
                "thumb_360_w": 360,
                "thumb_360_h": 295,
                "thumb_480": "https:\/\/files.slack.com\/files-tmb\/T028CNVFETF-F02H292RN06-a7dc6b9ed2\/image_from_ios_480.png?t=xoxe-2284777524933-2639320681602-2636333542453-c87d2329fb29bd04b1bea169bb97cfd5",
                "thumb_480_w": 480,
                "thumb_480_h": 394,
                "thumb_160": "https:\/\/files.slack.com\/files-tmb\/T028CNVFETF-F02H292RN06-a7dc6b9ed2\/image_from_ios_160.png?t=xoxe-2284777524933-2639320681602-2636333542453-c87d2329fb29bd04b1bea169bb97cfd5",
                "thumb_720": "https:\/\/files.slack.com\/files-tmb\/T028CNVFETF-F02H292RN06-a7dc6b9ed2\/image_from_ios_720.png?t=xoxe-2284777524933-2639320681602-2636333542453-c87d2329fb29bd04b1bea169bb97cfd5",
                "thumb_720_w": 720,
                "thumb_720_h": 591,
                "thumb_800": "https:\/\/files.slack.com\/files-tmb\/T028CNVFETF-F02H292RN06-a7dc6b9ed2\/image_from_ios_800.png?t=xoxe-2284777524933-2639320681602-2636333542453-c87d2329fb29bd04b1bea169bb97cfd5",
                "thumb_800_w": 800,
                "thumb_800_h": 656,
                "thumb_960": "https:\/\/files.slack.com\/files-tmb\/T028CNVFETF-F02H292RN06-a7dc6b9ed2\/image_from_ios_960.png?t=xoxe-2284777524933-2639320681602-2636333542453-c87d2329fb29bd04b1bea169bb97cfd5",
                "thumb_960_w": 960,
                "thumb_960_h": 788,
                "thumb_1024": "https:\/\/files.slack.com\/files-tmb\/T028CNVFETF-F02H292RN06-a7dc6b9ed2\/image_from_ios_1024.png?t=xoxe-2284777524933-2639320681602-2636333542453-c87d2329fb29bd04b1bea169bb97cfd5",
                "thumb_1024_w": 1024,
                "thumb_1024_h": 840,
                "image_exif_rotation": 1,
                "original_w": 2048,
                "original_h": 1680,
                "thumb_tiny": "AwAnADC2\/mfaBjdtI49KecgnBbr6mpaYVJPBH60AMwfVvzNOyf8AJNOwooIUYHPPTrQA3J\/zmnK2Tz3+tGFx34pwAHSgCu1xtn8v0x+NSljkj5fzoJ+Yn0\/2aQyfX\/vmgBysSedv4GnUzcff8qPMA65\/KgB9FN8xff8AKlDAnHP5UARkfMThvzo5Jz8+PqKd\/eoXoKAG5J5Abn\/ap4XI+83PvTY\/urUg6UAN2f7TfnShcdz+dLRQB\/\/Z",
                "permalink": "https:\/\/septassignmentproject.slack.com\/files\/U028Q9GDXN3\/F02H292RN06\/image_from_ios.png",
                "permalink_public": "https:\/\/slack-files.com\/T028CNVFETF-F02H292RN06-ed5aa2daaa",
                "is_starred": false,
                "has_rich_preview": false
            }
        ],
        "upload": false,
        "user": "U028Q9GDXN3",
        "display_as_bot": false,
        "ts": "1633826136.000100",
        "blocks": [
            {
                "type": "rich_text",
                "block_id": "VyO",
                "elements": []
            }
        ],
        "client_msg_id": "98EE68ED-3ED0-41B6-BFAB-E040671A5766",
        "reactions": [
            {
                "name": "rolling_on_the_floor_laughing",
                "users": [
                    "U028UDDAWAD"
                ],
                "count": 1
            }
        ]
    },
    {
        "client_msg_id": "ba0d6257-7e2b-4c2c-a676-86ac5d9f2f49",
        "type": "message",
        "text": "we should have a meeting today",
        "user": "U028Q9GDXN3",
        "ts": "1633837520.000800",
        "team": "T028CNVFETF",
        "user_team": "T028CNVFETF",
        "source_team": "T028CNVFETF",
        "user_profile": {
            "avatar_hash": "a6bbad4a67bc",
            "image_72": "https:\/\/avatars.slack-edge.com\/2021-07-26\/2308025050517_a6bbad4a67bc3cebd1c6_72.png",
            "first_name": "",
            "real_name": "Jack Hollis-London",
            "display_name": "Jack Hollis-London",
            "team": "T028CNVFETF",
            "name": "s3585034",
            "is_restricted": false,
            "is_ultra_restricted": false
        },
        "blocks": [
            {
                "type": "rich_text",
                "block_id": "TODf",
                "elements": [
                    {
                        "type": "rich_text_section",
                        "elements": [
                            {
                                "type": "text",
                                "text": "we should have a meeting today"
                            }
                        ]
                    }
                ]
            }
        ]
    },
    {
        "client_msg_id": "217cf55c-075a-4a2f-9021-f30a5146af39",
        "type": "message",
        "text": "for the progress mark tomorrow",
        "user": "U028Q9GDXN3",
        "ts": "1633837534.001000",
        "team": "T028CNVFETF",
        "user_team": "T028CNVFETF",
        "source_team": "T028CNVFETF",
        "user_profile": {
            "avatar_hash": "a6bbad4a67bc",
            "image_72": "https:\/\/avatars.slack-edge.com\/2021-07-26\/2308025050517_a6bbad4a67bc3cebd1c6_72.png",
            "first_name": "",
            "real_name": "Jack Hollis-London",
            "display_name": "Jack Hollis-London",
            "team": "T028CNVFETF",
            "name": "s3585034",
            "is_restricted": false,
            "is_ultra_restricted": false
        },
        "blocks": [
            {
                "type": "rich_text",
                "block_id": "+t4u",
                "elements": [
                    {
                        "type": "rich_text_section",
                        "elements": [
                            {
                                "type": "text",
                                "text": "for the progress mark tomorrow"
                            }
                        ]
                    }
                ]
            }
        ]
    },
    {
        "client_msg_id": "6b17530e-0503-4358-a5f2-570793452d44",
        "type": "message",
        "text": "I won't be able to anytime soon. probably after 5:00pm.",
        "user": "U028UDDAWAD",
        "ts": "1633837558.001500",
        "team": "T028CNVFETF",
        "user_team": "T028CNVFETF",
        "source_team": "T028CNVFETF",
        "user_profile": {
            "avatar_hash": "gbc659f0070f",
            "image_72": "https:\/\/secure.gravatar.com\/avatar\/bc659f0070f49e4d9ea463fb700c9f95.jpg?s=72&d=https%3A%2F%2Fa.slack-edge.com%2Fdf10d%2Fimg%2Favatars%2Fava_0021-72.png",
            "first_name": "Jacob",
            "real_name": "Jacob McEwan",
            "display_name": "Jacob McEwan",
            "team": "T028CNVFETF",
            "name": "s3841062",
            "is_restricted": false,
            "is_ultra_restricted": false
        },
        "blocks": [
            {
                "type": "rich_text",
                "block_id": "bymN",
                "elements": [
                    {
                        "type": "rich_text_section",
                        "elements": [
                            {
                                "type": "text",
                                "text": "I won't be able to anytime soon. probably after 5:00pm."
                            }
                        ]
                    }
                ]
            }
        ]
    },
    {
        "client_msg_id": "182691be-7997-42b7-9cd5-d1a3d9319130",
        "type": "message",
        "text": "5:30pm?",
        "user": "U028Q9GDXN3",
        "ts": "1633837568.001700",
        "team": "T028CNVFETF",
        "user_team": "T028CNVFETF",
        "source_team": "T028CNVFETF",
        "user_profile": {
            "avatar_hash": "a6bbad4a67bc",
            "image_72": "https:\/\/avatars.slack-edge.com\/2021-07-26\/2308025050517_a6bbad4a67bc3cebd1c6_72.png",
            "first_name": "",
            "real_name": "Jack Hollis-London",
            "display_name": "Jack Hollis-London",
            "team": "T028CNVFETF",
            "name": "s3585034",
            "is_restricted": false,
            "is_ultra_restricted": false
        },
        "blocks": [
            {
                "type": "rich_text",
                "block_id": "YVy2",
                "elements": [
                    {
                        "type": "rich_text_section",
                        "elements": [
                            {
                                "type": "text",
                                "text": "5:30pm?"
                            }
                        ]
                    }
                ]
            }
        ]
    },
    {
        "client_msg_id": "a7dfee5e-b3ef-4277-ab82-9f6cce4aa155",
        "type": "message",
        "text": "Maybe. I'll have to see how other assignments are going. I've got 3 I need to get finished today. I'l be able to do it, just not early",
        "user": "U028UDDAWAD",
        "ts": "1633837601.002400",
        "team": "T028CNVFETF",
        "user_team": "T028CNVFETF",
        "source_team": "T028CNVFETF",
        "user_profile": {
            "avatar_hash": "gbc659f0070f",
            "image_72": "https:\/\/secure.gravatar.com\/avatar\/bc659f0070f49e4d9ea463fb700c9f95.jpg?s=72&d=https%3A%2F%2Fa.slack-edge.com%2Fdf10d%2Fimg%2Favatars%2Fava_0021-72.png",
            "first_name": "Jacob",
            "real_name": "Jacob McEwan",
            "display_name": "Jacob McEwan",
            "team": "T028CNVFETF",
            "name": "s3841062",
            "is_restricted": false,
            "is_ultra_restricted": false
        },
        "blocks": [
            {
                "type": "rich_text",
                "block_id": "QU8TH",
                "elements": [
                    {
                        "type": "rich_text_section",
                        "elements": [
                            {
                                "type": "text",
                                "text": "Maybe. I'll have to see how other assignments are going. I've got 3 I need to get finished today. I'l be able to do it, just not early"
                            }
                        ]
                    }
                ]
            }
        ]
    },
    {
        "client_msg_id": "6b5ec23d-6cf5-4afe-b65e-13116ee2070b",
        "type": "message",
        "text": "alright",
        "user": "U028Q9GDXN3",
        "ts": "1633837623.002600",
        "team": "T028CNVFETF",
        "user_team": "T028CNVFETF",
        "source_team": "T028CNVFETF",
        "user_profile": {
            "avatar_hash": "a6bbad4a67bc",
            "image_72": "https:\/\/avatars.slack-edge.com\/2021-07-26\/2308025050517_a6bbad4a67bc3cebd1c6_72.png",
            "first_name": "",
            "real_name": "Jack Hollis-London",
            "display_name": "Jack Hollis-London",
            "team": "T028CNVFETF",
            "name": "s3585034",
            "is_restricted": false,
            "is_ultra_restricted": false
        },
        "blocks": [
            {
                "type": "rich_text",
                "block_id": "Jdc",
                "elements": [
                    {
                        "type": "rich_text_section",
                        "elements": [
                            {
                                "type": "text",
                                "text": "alright"
                            }
                        ]
                    }
                ]
            }
        ]
    },
    {
        "client_msg_id": "943c30e1-00b2-4ef1-a9bf-df2502652a90",
        "type": "message",
        "text": "did the sprint finish?",
        "user": "U028Q9GDXN3",
        "ts": "1633845052.003600",
        "team": "T028CNVFETF",
        "user_team": "T028CNVFETF",
        "source_team": "T028CNVFETF",
        "user_profile": {
            "avatar_hash": "a6bbad4a67bc",
            "image_72": "https:\/\/avatars.slack-edge.com\/2021-07-26\/2308025050517_a6bbad4a67bc3cebd1c6_72.png",
            "first_name": "",
            "real_name": "Jack Hollis-London",
            "display_name": "Jack Hollis-London",
            "team": "T028CNVFETF",
            "name": "s3585034",
            "is_restricted": false,
            "is_ultra_restricted": false
        },
        "blocks": [
            {
                "type": "rich_text",
                "block_id": "jlCQ",
                "elements": [
                    {
                        "type": "rich_text_section",
                        "elements": [
                            {
                                "type": "text",
                                "text": "did the sprint finish?"
                            }
                        ]
                    }
                ]
            }
        ]
    },
    {
        "client_msg_id": "e92acbfd-eed5-457a-8ae4-7f3e1d97107c",
        "type": "message",
        "text": "I don't see any stories on the board",
        "user": "U028Q9GDXN3",
        "ts": "1633845065.003900",
        "team": "T028CNVFETF",
        "user_team": "T028CNVFETF",
        "source_team": "T028CNVFETF",
        "user_profile": {
            "avatar_hash": "a6bbad4a67bc",
            "image_72": "https:\/\/avatars.slack-edge.com\/2021-07-26\/2308025050517_a6bbad4a67bc3cebd1c6_72.png",
            "first_name": "",
            "real_name": "Jack Hollis-London",
            "display_name": "Jack Hollis-London",
            "team": "T028CNVFETF",
            "name": "s3585034",
            "is_restricted": false,
            "is_ultra_restricted": false
        },
        "blocks": [
            {
                "type": "rich_text",
                "block_id": "O3t",
                "elements": [
                    {
                        "type": "rich_text_section",
                        "elements": [
                            {
                                "type": "text",
                                "text": "I don't see any stories on the board"
                            }
                        ]
                    }
                ]
            }
        ]
    },
    {
        "client_msg_id": "3611951e-cb08-4d83-8c17-bd60d48a751a",
        "type": "message",
        "text": "Yes, but they got moved into the new sprint. I'll have a look in a bit.",
        "user": "U028UDDAWAD",
        "ts": "1633845084.004400",
        "team": "T028CNVFETF",
        "user_team": "T028CNVFETF",
        "source_team": "T028CNVFETF",
        "user_profile": {
            "avatar_hash": "gbc659f0070f",
            "image_72": "https:\/\/secure.gravatar.com\/avatar\/bc659f0070f49e4d9ea463fb700c9f95.jpg?s=72&d=https%3A%2F%2Fa.slack-edge.com%2Fdf10d%2Fimg%2Favatars%2Fava_0021-72.png",
            "first_name": "Jacob",
            "real_name": "Jacob McEwan",
            "display_name": "Jacob McEwan",
            "team": "T028CNVFETF",
            "name": "s3841062",
            "is_restricted": false,
            "is_ultra_restricted": false
        },
        "blocks": [
            {
                "type": "rich_text",
                "block_id": "tv2",
                "elements": [
                    {
                        "type": "rich_text_section",
                        "elements": [
                            {
                                "type": "text",
                                "text": "Yes, but they got moved into the new sprint. I'll have a look in a bit."
                            }
                        ]
                    }
                ]
            }
        ]
    },
    {
        "client_msg_id": "20b1d487-1257-4d4b-8f41-4c69b6c2f22a",
        "type": "message",
        "text": "Yeah I'm gonna be later than 5:30. So i'll yell out when I can jump in",
        "user": "U028UDDAWAD",
        "ts": "1633846404.005000",
        "team": "T028CNVFETF",
        "user_team": "T028CNVFETF",
        "source_team": "T028CNVFETF",
        "user_profile": {
            "avatar_hash": "gbc659f0070f",
            "image_72": "https:\/\/secure.gravatar.com\/avatar\/bc659f0070f49e4d9ea463fb700c9f95.jpg?s=72&d=https%3A%2F%2Fa.slack-edge.com%2Fdf10d%2Fimg%2Favatars%2Fava_0021-72.png",
            "first_name": "Jacob",
            "real_name": "Jacob McEwan",
            "display_name": "Jacob McEwan",
            "team": "T028CNVFETF",
            "name": "s3841062",
            "is_restricted": false,
            "is_ultra_restricted": false
        },
        "blocks": [
            {
                "type": "rich_text",
                "block_id": "FRwG",
                "elements": [
                    {
                        "type": "rich_text_section",
                        "elements": [
                            {
                                "type": "text",
                                "text": "Yeah I'm gonna be later than 5:30. So i'll yell out when I can jump in"
                            }
                        ]
                    }
                ]
            }
        ]
    },
    {
        "client_msg_id": "c5862ccb-f1b9-42cf-b5f1-d6dd6f6fa85e",
        "type": "message",
        "text": "I'll be free after 6:00pm.",
        "user": "U028UDDAWAD",
        "ts": "1633848244.005500",
        "team": "T028CNVFETF",
        "user_team": "T028CNVFETF",
        "source_team": "T028CNVFETF",
        "user_profile": {
            "avatar_hash": "gbc659f0070f",
            "image_72": "https:\/\/secure.gravatar.com\/avatar\/bc659f0070f49e4d9ea463fb700c9f95.jpg?s=72&d=https%3A%2F%2Fa.slack-edge.com%2Fdf10d%2Fimg%2Favatars%2Fava_0021-72.png",
            "first_name": "Jacob",
            "real_name": "Jacob McEwan",
            "display_name": "Jacob McEwan",
            "team": "T028CNVFETF",
            "name": "s3841062",
            "is_restricted": false,
            "is_ultra_restricted": false
        },
        "blocks": [
            {
                "type": "rich_text",
                "block_id": "NPE",
                "elements": [
                    {
                        "type": "rich_text_section",
                        "elements": [
                            {
                                "type": "text",
                                "text": "I'll be free after 6:00pm."
                            }
                        ]
                    }
                ]
            }
        ]
    },
    {
        "client_msg_id": "4b845dd9-7cd9-47e5-99de-b9f5e105c5b7",
        "type": "message",
        "text": "sorry i am not really free today.. can have a really quick meeting now maybe, but there is no progress mark tom..",
        "user": "U02812J04H5",
        "ts": "1633848687.006500",
        "team": "T028CNVFETF",
        "user_team": "T028CNVFETF",
        "source_team": "T028CNVFETF",
        "user_profile": {
            "avatar_hash": "g9ff92d51e82",
            "image_72": "https:\/\/secure.gravatar.com\/avatar\/9ff92d51e820b2c762e345cf0c31cdb3.jpg?s=72&d=https%3A%2F%2Fa.slack-edge.com%2Fdf10d%2Fimg%2Favatars%2Fava_0020-72.png",
            "first_name": "",
            "real_name": "Moritz Hauptmann",
            "display_name": "Moritz Hauptmann",
            "team": "T028CNVFETF",
            "name": "s3851298",
            "is_restricted": false,
            "is_ultra_restricted": false
        },
        "blocks": [
            {
                "type": "rich_text",
                "block_id": "iWEh",
                "elements": [
                    {
                        "type": "rich_text_section",
                        "elements": [
                            {
                                "type": "text",
                                "text": "sorry i am not really free today.. can have a really quick meeting now maybe, but there is no progress mark tom.."
                            }
                        ]
                    }
                ]
            }
        ]
    },
    {
        "client_msg_id": "b5e5e4b0-f5d5-4841-9cbd-26fe066c1e67",
        "type": "message",
        "text": "we already received all marks",
        "user": "U02812J04H5",
        "ts": "1633848696.006800",
        "team": "T028CNVFETF",
        "user_team": "T028CNVFETF",
        "source_team": "T028CNVFETF",
        "user_profile": {
            "avatar_hash": "g9ff92d51e82",
            "image_72": "https:\/\/secure.gravatar.com\/avatar\/9ff92d51e820b2c762e345cf0c31cdb3.jpg?s=72&d=https%3A%2F%2Fa.slack-edge.com%2Fdf10d%2Fimg%2Favatars%2Fava_0020-72.png",
            "first_name": "",
            "real_name": "Moritz Hauptmann",
            "display_name": "Moritz Hauptmann",
            "team": "T028CNVFETF",
            "name": "s3851298",
            "is_restricted": false,
            "is_ultra_restricted": false
        },
        "edited": {
            "user": "U02812J04H5",
            "ts": "1633848730.000000"
        },
        "blocks": [
            {
                "type": "rich_text",
                "block_id": "f3rj",
                "elements": [
                    {
                        "type": "rich_text_section",
                        "elements": [
                            {
                                "type": "text",
                                "text": "we already received all marks"
                            }
                        ]
                    }
                ]
            }
        ]
    },
    {
        "client_msg_id": "4643c44b-04c0-485c-bdfb-29ce890ab226",
        "type": "message",
        "text": "Actually yeah that's true. Might just be worth doing the meeting tomorrow. Was there something urgent you needed to talk about Jack or was it just meeting for meeting sake?",
        "user": "U028UDDAWAD",
        "ts": "1633848738.007800",
        "team": "T028CNVFETF",
        "user_team": "T028CNVFETF",
        "source_team": "T028CNVFETF",
        "user_profile": {
            "avatar_hash": "gbc659f0070f",
            "image_72": "https:\/\/secure.gravatar.com\/avatar\/bc659f0070f49e4d9ea463fb700c9f95.jpg?s=72&d=https%3A%2F%2Fa.slack-edge.com%2Fdf10d%2Fimg%2Favatars%2Fava_0021-72.png",
            "first_name": "Jacob",
            "real_name": "Jacob McEwan",
            "display_name": "Jacob McEwan",
            "team": "T028CNVFETF",
            "name": "s3841062",
            "is_restricted": false,
            "is_ultra_restricted": false
        },
        "blocks": [
            {
                "type": "rich_text",
                "block_id": "wZ0lv",
                "elements": [
                    {
                        "type": "rich_text_section",
                        "elements": [
                            {
                                "type": "text",
                                "text": "Actually yeah that's true. Might just be worth doing the meeting tomorrow. Was there something urgent you needed to talk about Jack or was it just meeting for meeting sake?"
                            }
                        ]
                    }
                ]
            }
        ]
    },
    {
        "client_msg_id": "225ce416-1b5d-4796-8829-ccf3bbfbf904",
        "type": "message",
        "text": "but dont we need at least 2 meetings per week",
        "user": "U028FPSLFK4",
        "ts": "1633848762.008200",
        "team": "T028CNVFETF",
        "user_team": "T028CNVFETF",
        "source_team": "T028CNVFETF",
        "user_profile": {
            "avatar_hash": "g92faf8c7cb1",
            "image_72": "https:\/\/secure.gravatar.com\/avatar\/92faf8c7cb15b0d6ca7ed71eeba8f20b.jpg?s=72&d=https%3A%2F%2Fa.slack-edge.com%2Fdf10d%2Fimg%2Favatars%2Fava_0022-72.png",
            "first_name": "",
            "real_name": "Ming Dong",
            "display_name": "Ming Dong",
            "team": "T028CNVFETF",
            "name": "s3843573",
            "is_restricted": false,
            "is_ultra_restricted": false
        },
        "blocks": [
            {
                "type": "rich_text",
                "block_id": "1=a",
                "elements": [
                    {
                        "type": "rich_text_section",
                        "elements": [
                            {
                                "type": "text",
                                "text": "but dont we need at least 2 meetings per week"
                            }
                        ]
                    }
                ]
            }
        ]
    },
    {
        "client_msg_id": "775b12b7-5639-4404-ae2a-cc7eda6d1435",
        "type": "message",
        "text": "true..",
        "user": "U02812J04H5",
        "ts": "1633848785.008500",
        "team": "T028CNVFETF",
        "user_team": "T028CNVFETF",
        "source_team": "T028CNVFETF",
        "user_profile": {
            "avatar_hash": "g9ff92d51e82",
            "image_72": "https:\/\/secure.gravatar.com\/avatar\/9ff92d51e820b2c762e345cf0c31cdb3.jpg?s=72&d=https%3A%2F%2Fa.slack-edge.com%2Fdf10d%2Fimg%2Favatars%2Fava_0020-72.png",
            "first_name": "",
            "real_name": "Moritz Hauptmann",
            "display_name": "Moritz Hauptmann",
            "team": "T028CNVFETF",
            "name": "s3851298",
            "is_restricted": false,
            "is_ultra_restricted": false
        },
        "blocks": [
            {
                "type": "rich_text",
                "block_id": "PYc",
                "elements": [
                    {
                        "type": "rich_text_section",
                        "elements": [
                            {
                                "type": "text",
                                "text": "true.."
                            }
                        ]
                    }
                ]
            }
        ]
    },
    {
        "client_msg_id": "d6288dee-55a1-4341-bc5e-96567a9ea8ba",
        "type": "message",
        "text": "Will the meeting tomorrow and tuesday count? or have we not had enough this week?",
        "user": "U028UDDAWAD",
        "ts": "1633848811.008900",
        "team": "T028CNVFETF",
        "user_team": "T028CNVFETF",
        "source_team": "T028CNVFETF",
        "user_profile": {
            "avatar_hash": "gbc659f0070f",
            "image_72": "https:\/\/secure.gravatar.com\/avatar\/bc659f0070f49e4d9ea463fb700c9f95.jpg?s=72&d=https%3A%2F%2Fa.slack-edge.com%2Fdf10d%2Fimg%2Favatars%2Fava_0021-72.png",
            "first_name": "Jacob",
            "real_name": "Jacob McEwan",
            "display_name": "Jacob McEwan",
            "team": "T028CNVFETF",
            "name": "s3841062",
            "is_restricted": false,
            "is_ultra_restricted": false
        },
        "blocks": [
            {
                "type": "rich_text",
                "block_id": "=wWx",
                "elements": [
                    {
                        "type": "rich_text_section",
                        "elements": [
                            {
                                "type": "text",
                                "text": "Will the meeting tomorrow and tuesday count? or have we not had enough this week?"
                            }
                        ]
                    }
                ]
            }
        ]
    },
    {
        "client_msg_id": "b042112d-2d94-4e4a-b8f6-a872c8598c63",
        "type": "message",
        "text": "did we meet this tuesday?",
        "user": "U02812J04H5",
        "ts": "1633848832.009200",
        "team": "T028CNVFETF",
        "user_team": "T028CNVFETF",
        "source_team": "T028CNVFETF",
        "user_profile": {
            "avatar_hash": "g9ff92d51e82",
            "image_72": "https:\/\/secure.gravatar.com\/avatar\/9ff92d51e820b2c762e345cf0c31cdb3.jpg?s=72&d=https%3A%2F%2Fa.slack-edge.com%2Fdf10d%2Fimg%2Favatars%2Fava_0020-72.png",
            "first_name": "",
            "real_name": "Moritz Hauptmann",
            "display_name": "Moritz Hauptmann",
            "team": "T028CNVFETF",
            "name": "s3851298",
            "is_restricted": false,
            "is_ultra_restricted": false
        },
        "blocks": [
            {
                "type": "rich_text",
                "block_id": "0hD",
                "elements": [
                    {
                        "type": "rich_text_section",
                        "elements": [
                            {
                                "type": "text",
                                "text": "did we meet this tuesday?"
                            }
                        ]
                    }
                ]
            }
        ]
    },
    {
        "client_msg_id": "dd746c56-07a2-4ad8-9f74-56fa6fd87228",
        "type": "message",
        "text": "dont think so",
        "user": "U028FPSLFK4",
        "ts": "1633848840.009500",
        "team": "T028CNVFETF",
        "user_team": "T028CNVFETF",
        "source_team": "T028CNVFETF",
        "user_profile": {
            "avatar_hash": "g92faf8c7cb1",
            "image_72": "https:\/\/secure.gravatar.com\/avatar\/92faf8c7cb15b0d6ca7ed71eeba8f20b.jpg?s=72&d=https%3A%2F%2Fa.slack-edge.com%2Fdf10d%2Fimg%2Favatars%2Fava_0022-72.png",
            "first_name": "",
            "real_name": "Ming Dong",
            "display_name": "Ming Dong",
            "team": "T028CNVFETF",
            "name": "s3843573",
            "is_restricted": false,
            "is_ultra_restricted": false
        },
        "blocks": [
            {
                "type": "rich_text",
                "block_id": "4f6V",
                "elements": [
                    {
                        "type": "rich_text_section",
                        "elements": [
                            {
                                "type": "text",
                                "text": "dont think so"
                            }
                        ]
                    }
                ]
            }
        ]
    },
    {
        "client_msg_id": "9c4ccc91-2163-4b02-bfb8-edd5c686960e",
        "type": "message",
        "text": "mainly about the sprint, and starting the sprint",
        "user": "U028Q9GDXN3",
        "ts": "1633848887.010300",
        "team": "T028CNVFETF",
        "user_team": "T028CNVFETF",
        "source_team": "T028CNVFETF",
        "user_profile": {
            "avatar_hash": "a6bbad4a67bc",
            "image_72": "https:\/\/avatars.slack-edge.com\/2021-07-26\/2308025050517_a6bbad4a67bc3cebd1c6_72.png",
            "first_name": "",
            "real_name": "Jack Hollis-London",
            "display_name": "Jack Hollis-London",
            "team": "T028CNVFETF",
            "name": "s3585034",
            "is_restricted": false,
            "is_ultra_restricted": false
        },
        "blocks": [
            {
                "type": "rich_text",
                "block_id": "Pk3Lw",
                "elements": [
                    {
                        "type": "rich_text_section",
                        "elements": [
                            {
                                "type": "text",
                                "text": "mainly about the sprint, and starting the sprint"
                            }
                        ]
                    }
                ]
            }
        ]
    },
    {
        "client_msg_id": "92ee10bb-25f5-45f1-9e29-b67dbf5c1a02",
        "type": "message",
        "text": "Ok.",
        "user": "U028UDDAWAD",
        "ts": "1633848913.010600",
        "team": "T028CNVFETF",
        "user_team": "T028CNVFETF",
        "source_team": "T028CNVFETF",
        "user_profile": {
            "avatar_hash": "gbc659f0070f",
            "image_72": "https:\/\/secure.gravatar.com\/avatar\/bc659f0070f49e4d9ea463fb700c9f95.jpg?s=72&d=https%3A%2F%2Fa.slack-edge.com%2Fdf10d%2Fimg%2Favatars%2Fava_0021-72.png",
            "first_name": "Jacob",
            "real_name": "Jacob McEwan",
            "display_name": "Jacob McEwan",
            "team": "T028CNVFETF",
            "name": "s3841062",
            "is_restricted": false,
            "is_ultra_restricted": false
        },
        "blocks": [
            {
                "type": "rich_text",
                "block_id": "8ugcU",
                "elements": [
                    {
                        "type": "rich_text_section",
                        "elements": [
                            {
                                "type": "text",
                                "text": "Ok."
                            }
                        ]
                    }
                ]
            }
        ]
    },
    {
        "client_msg_id": "fc186096-3dfa-42e7-8ef5-44573f3140b0",
        "type": "message",
        "text": "lets just quickly meet?",
        "user": "U02812J04H5",
        "ts": "1633848918.010800",
        "team": "T028CNVFETF",
        "user_team": "T028CNVFETF",
        "source_team": "T028CNVFETF",
        "user_profile": {
            "avatar_hash": "g9ff92d51e82",
            "image_72": "https:\/\/secure.gravatar.com\/avatar\/9ff92d51e820b2c762e345cf0c31cdb3.jpg?s=72&d=https%3A%2F%2Fa.slack-edge.com%2Fdf10d%2Fimg%2Favatars%2Fava_0020-72.png",
            "first_name": "",
            "real_name": "Moritz Hauptmann",
            "display_name": "Moritz Hauptmann",
            "team": "T028CNVFETF",
            "name": "s3851298",
            "is_restricted": false,
            "is_ultra_restricted": false
        },
        "blocks": [
            {
                "type": "rich_text",
                "block_id": "ZeJh",
                "elements": [
                    {
                        "type": "rich_text_section",
                        "elements": [
                            {
                                "type": "text",
                                "text": "lets just quickly meet?"
                            }
                        ]
                    }
                ]
            }
        ]
    },
    {
        "client_msg_id": "2097db81-f454-4593-bc68-6a0cf32807f9",
        "type": "message",
        "text": "Yeah",
        "user": "U028UDDAWAD",
        "ts": "1633848923.011100",
        "team": "T028CNVFETF",
        "user_team": "T028CNVFETF",
        "source_team": "T028CNVFETF",
        "user_profile": {
            "avatar_hash": "gbc659f0070f",
            "image_72": "https:\/\/secure.gravatar.com\/avatar\/bc659f0070f49e4d9ea463fb700c9f95.jpg?s=72&d=https%3A%2F%2Fa.slack-edge.com%2Fdf10d%2Fimg%2Favatars%2Fava_0021-72.png",
            "first_name": "Jacob",
            "real_name": "Jacob McEwan",
            "display_name": "Jacob McEwan",
            "team": "T028CNVFETF",
            "name": "s3841062",
            "is_restricted": false,
            "is_ultra_restricted": false
        },
        "blocks": [
            {
                "type": "rich_text",
                "block_id": "i8CN",
                "elements": [
                    {
                        "type": "rich_text_section",
                        "elements": [
                            {
                                "type": "text",
                                "text": "Yeah"
                            }
                        ]
                    }
                ]
            }
        ]
    },
    {
        "client_msg_id": "5791370e-6731-4415-8a34-55d571e94436",
        "type": "message",
        "text": "now?",
        "user": "U02812J04H5",
        "ts": "1633848923.011200",
        "team": "T028CNVFETF",
        "user_team": "T028CNVFETF",
        "source_team": "T028CNVFETF",
        "user_profile": {
            "avatar_hash": "g9ff92d51e82",
            "image_72": "https:\/\/secure.gravatar.com\/avatar\/9ff92d51e820b2c762e345cf0c31cdb3.jpg?s=72&d=https%3A%2F%2Fa.slack-edge.com%2Fdf10d%2Fimg%2Favatars%2Fava_0020-72.png",
            "first_name": "",
            "real_name": "Moritz Hauptmann",
            "display_name": "Moritz Hauptmann",
            "team": "T028CNVFETF",
            "name": "s3851298",
            "is_restricted": false,
            "is_ultra_restricted": false
        },
        "blocks": [
            {
                "type": "rich_text",
                "block_id": "55g",
                "elements": [
                    {
                        "type": "rich_text_section",
                        "elements": [
                            {
                                "type": "text",
                                "text": "now?"
                            }
                        ]
                    }
                ]
            }
        ]
    },
    {
        "client_msg_id": "dda9f128-61d7-48b3-8e7f-545e366e6012",
        "type": "message",
        "text": "I'm good with that",
        "user": "U028UDDAWAD",
        "ts": "1633848935.011900",
        "team": "T028CNVFETF",
        "user_team": "T028CNVFETF",
        "source_team": "T028CNVFETF",
        "user_profile": {
            "avatar_hash": "gbc659f0070f",
            "image_72": "https:\/\/secure.gravatar.com\/avatar\/bc659f0070f49e4d9ea463fb700c9f95.jpg?s=72&d=https%3A%2F%2Fa.slack-edge.com%2Fdf10d%2Fimg%2Favatars%2Fava_0021-72.png",
            "first_name": "Jacob",
            "real_name": "Jacob McEwan",
            "display_name": "Jacob McEwan",
            "team": "T028CNVFETF",
            "name": "s3841062",
            "is_restricted": false,
            "is_ultra_restricted": false
        },
        "blocks": [
            {
                "type": "rich_text",
                "block_id": "fifSI",
                "elements": [
                    {
                        "type": "rich_text_section",
                        "elements": [
                            {
                                "type": "text",
                                "text": "I'm good with that"
                            }
                        ]
                    }
                ]
            }
        ]
    }
]