[
    {
        "client_msg_id": "95f20bb6-9fe7-410b-a939-9ebbdc3974fd",
        "type": "message",
        "text": "I FIGURED OUT HOW TO DO IT I FIGURED OUT HOW TO DO IT I FIGURED OUT HOW TO DO IT I FIGURED OUT HOW TO DO IT I FIGURED OUT HOW TO DO IT I FIGURED OUT HOW TO DO IT I FIGURED OUT HOW TO DO IT I FIGURED OUT HOW TO DO IT I FIGURED OUT HOW TO DO IT I FIGURED OUT HOW TO DO IT I FIGURED OUT HOW TO DO IT I FIGURED OUT HOW TO DO IT I FIGURED OUT HOW TO DO IT I FIGURED OUT HOW TO DO IT I FIGURED OUT HOW TO DO IT I FIGURED OUT HOW TO DO IT I FIGURED OUT HOW TO DO IT I FIGURED OUT HOW TO DO IT I FIGURED OUT HOW TO DO IT I FIGURED OUT HOW TO DO IT I FIGURED OUT HOW TO DO IT I FIGURED OUT HOW TO DO IT",
        "user": "U028Q9GDXN3",
        "ts": "1633129812.001800",
        "team": "T028CNVFETF",
        "user_team": "T028CNVFETF",
        "source_team": "T028CNVFETF",
        "user_profile": {
            "avatar_hash": "a6bbad4a67bc",
            "image_72": "https:\/\/avatars.slack-edge.com\/2021-07-26\/2308025050517_a6bbad4a67bc3cebd1c6_72.png",
            "first_name": "",
            "real_name": "Jack Hollis-London",
            "display_name": "Jack Hollis-London",
            "team": "T028CNVFETF",
            "name": "s3585034",
            "is_restricted": false,
            "is_ultra_restricted": false
        },
        "blocks": [
            {
                "type": "rich_text",
                "block_id": "\/4OXK",
                "elements": [
                    {
                        "type": "rich_text_section",
                        "elements": [
                            {
                                "type": "text",
                                "text": "I FIGURED OUT HOW TO DO IT I FIGURED OUT HOW TO DO IT I FIGURED OUT HOW TO DO IT I FIGURED OUT HOW TO DO IT I FIGURED OUT HOW TO DO IT I FIGURED OUT HOW TO DO IT I FIGURED OUT HOW TO DO IT I FIGURED OUT HOW TO DO IT I FIGURED OUT HOW TO DO IT I FIGURED OUT HOW TO DO IT I FIGURED OUT HOW TO DO IT I FIGURED OUT HOW TO DO IT I FIGURED OUT HOW TO DO IT I FIGURED OUT HOW TO DO IT I FIGURED OUT HOW TO DO IT I FIGURED OUT HOW TO DO IT I FIGURED OUT HOW TO DO IT I FIGURED OUT HOW TO DO IT I FIGURED OUT HOW TO DO IT I FIGURED OUT HOW TO DO IT I FIGURED OUT HOW TO DO IT I FIGURED OUT HOW TO DO IT"
                            }
                        ]
                    }
                ]
            }
        ],
        "thread_ts": "1632971775.019300",
        "parent_user_id": "U028UDDAWAD"
    },
    {
        "type": "message",
        "text": "",
        "files": [
            {
                "id": "F02FZTX6DEK",
                "created": 1633129833,
                "timestamp": 1633129833,
                "name": "image.png",
                "title": "image.png",
                "mimetype": "image\/png",
                "filetype": "png",
                "pretty_type": "PNG",
                "user": "U028Q9GDXN3",
                "editable": false,
                "size": 231401,
                "mode": "hosted",
                "is_external": false,
                "external_type": "",
                "is_public": true,
                "public_url_shared": false,
                "display_as_bot": false,
                "username": "",
                "url_private": "https:\/\/files.slack.com\/files-pri\/T028CNVFETF-F02FZTX6DEK\/image.png?t=xoxe-2284777524933-2639320681602-2636333542453-c87d2329fb29bd04b1bea169bb97cfd5",
                "url_private_download": "https:\/\/files.slack.com\/files-pri\/T028CNVFETF-F02FZTX6DEK\/download\/image.png?t=xoxe-2284777524933-2639320681602-2636333542453-c87d2329fb29bd04b1bea169bb97cfd5",
                "media_display_type": "unknown",
                "thumb_64": "https:\/\/files.slack.com\/files-tmb\/T028CNVFETF-F02FZTX6DEK-a90ffb5a53\/image_64.png?t=xoxe-2284777524933-2639320681602-2636333542453-c87d2329fb29bd04b1bea169bb97cfd5",
                "thumb_80": "https:\/\/files.slack.com\/files-tmb\/T028CNVFETF-F02FZTX6DEK-a90ffb5a53\/image_80.png?t=xoxe-2284777524933-2639320681602-2636333542453-c87d2329fb29bd04b1bea169bb97cfd5",
                "thumb_360": "https:\/\/files.slack.com\/files-tmb\/T028CNVFETF-F02FZTX6DEK-a90ffb5a53\/image_360.png?t=xoxe-2284777524933-2639320681602-2636333542453-c87d2329fb29bd04b1bea169bb97cfd5",
                "thumb_360_w": 360,
                "thumb_360_h": 172,
                "thumb_480": "https:\/\/files.slack.com\/files-tmb\/T028CNVFETF-F02FZTX6DEK-a90ffb5a53\/image_480.png?t=xoxe-2284777524933-2639320681602-2636333542453-c87d2329fb29bd04b1bea169bb97cfd5",
                "thumb_480_w": 480,
                "thumb_480_h": 229,
                "thumb_160": "https:\/\/files.slack.com\/files-tmb\/T028CNVFETF-F02FZTX6DEK-a90ffb5a53\/image_160.png?t=xoxe-2284777524933-2639320681602-2636333542453-c87d2329fb29bd04b1bea169bb97cfd5",
                "thumb_720": "https:\/\/files.slack.com\/files-tmb\/T028CNVFETF-F02FZTX6DEK-a90ffb5a53\/image_720.png?t=xoxe-2284777524933-2639320681602-2636333542453-c87d2329fb29bd04b1bea169bb97cfd5",
                "thumb_720_w": 720,
                "thumb_720_h": 344,
                "thumb_800": "https:\/\/files.slack.com\/files-tmb\/T028CNVFETF-F02FZTX6DEK-a90ffb5a53\/image_800.png?t=xoxe-2284777524933-2639320681602-2636333542453-c87d2329fb29bd04b1bea169bb97cfd5",
                "thumb_800_w": 800,
                "thumb_800_h": 382,
                "thumb_960": "https:\/\/files.slack.com\/files-tmb\/T028CNVFETF-F02FZTX6DEK-a90ffb5a53\/image_960.png?t=xoxe-2284777524933-2639320681602-2636333542453-c87d2329fb29bd04b1bea169bb97cfd5",
                "thumb_960_w": 960,
                "thumb_960_h": 459,
                "thumb_1024": "https:\/\/files.slack.com\/files-tmb\/T028CNVFETF-F02FZTX6DEK-a90ffb5a53\/image_1024.png?t=xoxe-2284777524933-2639320681602-2636333542453-c87d2329fb29bd04b1bea169bb97cfd5",
                "thumb_1024_w": 1024,
                "thumb_1024_h": 489,
                "original_w": 1969,
                "original_h": 941,
                "thumb_tiny": "AwAWADC\/sX+6KXYv92lPWigBPLT+7R5a\/wB2nc+tLg+tADPLX+7SGNRjCZ\/Gn4PrS8+tADe9LigdaKAAUtJS0AFJS0lAH\/\/Z",
                "permalink": "https:\/\/septassignmentproject.slack.com\/files\/U028Q9GDXN3\/F02FZTX6DEK\/image.png",
                "permalink_public": "https:\/\/slack-files.com\/T028CNVFETF-F02FZTX6DEK-4e0d115360",
                "is_starred": false,
                "has_rich_preview": false
            }
        ],
        "upload": false,
        "user": "U028Q9GDXN3",
        "display_as_bot": false,
        "ts": "1633129837.002000",
        "client_msg_id": "84af7e96-4b0f-4169-ad15-e81b24c5a798",
        "thread_ts": "1632971775.019300",
        "parent_user_id": "U028UDDAWAD"
    },
    {
        "type": "message",
        "text": "",
        "files": [
            {
                "id": "F02G7SJTKD4",
                "created": 1633129857,
                "timestamp": 1633129857,
                "name": "image.png",
                "title": "image.png",
                "mimetype": "image\/png",
                "filetype": "png",
                "pretty_type": "PNG",
                "user": "U028Q9GDXN3",
                "editable": false,
                "size": 255256,
                "mode": "hosted",
                "is_external": false,
                "external_type": "",
                "is_public": true,
                "public_url_shared": false,
                "display_as_bot": false,
                "username": "",
                "url_private": "https:\/\/files.slack.com\/files-pri\/T028CNVFETF-F02G7SJTKD4\/image.png?t=xoxe-2284777524933-2639320681602-2636333542453-c87d2329fb29bd04b1bea169bb97cfd5",
                "url_private_download": "https:\/\/files.slack.com\/files-pri\/T028CNVFETF-F02G7SJTKD4\/download\/image.png?t=xoxe-2284777524933-2639320681602-2636333542453-c87d2329fb29bd04b1bea169bb97cfd5",
                "media_display_type": "unknown",
                "thumb_64": "https:\/\/files.slack.com\/files-tmb\/T028CNVFETF-F02G7SJTKD4-ec45891d92\/image_64.png?t=xoxe-2284777524933-2639320681602-2636333542453-c87d2329fb29bd04b1bea169bb97cfd5",
                "thumb_80": "https:\/\/files.slack.com\/files-tmb\/T028CNVFETF-F02G7SJTKD4-ec45891d92\/image_80.png?t=xoxe-2284777524933-2639320681602-2636333542453-c87d2329fb29bd04b1bea169bb97cfd5",
                "thumb_360": "https:\/\/files.slack.com\/files-tmb\/T028CNVFETF-F02G7SJTKD4-ec45891d92\/image_360.png?t=xoxe-2284777524933-2639320681602-2636333542453-c87d2329fb29bd04b1bea169bb97cfd5",
                "thumb_360_w": 360,
                "thumb_360_h": 227,
                "thumb_480": "https:\/\/files.slack.com\/files-tmb\/T028CNVFETF-F02G7SJTKD4-ec45891d92\/image_480.png?t=xoxe-2284777524933-2639320681602-2636333542453-c87d2329fb29bd04b1bea169bb97cfd5",
                "thumb_480_w": 480,
                "thumb_480_h": 303,
                "thumb_160": "https:\/\/files.slack.com\/files-tmb\/T028CNVFETF-F02G7SJTKD4-ec45891d92\/image_160.png?t=xoxe-2284777524933-2639320681602-2636333542453-c87d2329fb29bd04b1bea169bb97cfd5",
                "thumb_720": "https:\/\/files.slack.com\/files-tmb\/T028CNVFETF-F02G7SJTKD4-ec45891d92\/image_720.png?t=xoxe-2284777524933-2639320681602-2636333542453-c87d2329fb29bd04b1bea169bb97cfd5",
                "thumb_720_w": 720,
                "thumb_720_h": 454,
                "thumb_800": "https:\/\/files.slack.com\/files-tmb\/T028CNVFETF-F02G7SJTKD4-ec45891d92\/image_800.png?t=xoxe-2284777524933-2639320681602-2636333542453-c87d2329fb29bd04b1bea169bb97cfd5",
                "thumb_800_w": 800,
                "thumb_800_h": 504,
                "thumb_960": "https:\/\/files.slack.com\/files-tmb\/T028CNVFETF-F02G7SJTKD4-ec45891d92\/image_960.png?t=xoxe-2284777524933-2639320681602-2636333542453-c87d2329fb29bd04b1bea169bb97cfd5",
                "thumb_960_w": 960,
                "thumb_960_h": 605,
                "thumb_1024": "https:\/\/files.slack.com\/files-tmb\/T028CNVFETF-F02G7SJTKD4-ec45891d92\/image_1024.png?t=xoxe-2284777524933-2639320681602-2636333542453-c87d2329fb29bd04b1bea169bb97cfd5",
                "thumb_1024_w": 1024,
                "thumb_1024_h": 646,
                "original_w": 1553,
                "original_h": 979,
                "thumb_tiny": "AwAeADCtmkJpRSHpQAbvpSbqSjmgA3UbjRg0mKAJO1NPNOzTTQAmPejHvRnmjNABj3o2+9GaM0Af\/9k=",
                "permalink": "https:\/\/septassignmentproject.slack.com\/files\/U028Q9GDXN3\/F02G7SJTKD4\/image.png",
                "permalink_public": "https:\/\/slack-files.com\/T028CNVFETF-F02G7SJTKD4-ac984180ee",
                "is_starred": false,
                "has_rich_preview": false
            }
        ],
        "upload": false,
        "user": "U028Q9GDXN3",
        "display_as_bot": false,
        "ts": "1633129860.002400",
        "client_msg_id": "6e7b0224-49ad-4ed9-a913-3a3b97223a27",
        "thread_ts": "1632971775.019300",
        "parent_user_id": "U028UDDAWAD"
    },
    {
        "client_msg_id": "39daf8c1-fbc7-47d3-a2c1-b404ba9b311c",
        "type": "message",
        "text": "<https:\/\/stackoverflow.com\/a\/67771005\/6298444>",
        "user": "U028Q9GDXN3",
        "ts": "1633129872.002800",
        "team": "T028CNVFETF",
        "user_team": "T028CNVFETF",
        "source_team": "T028CNVFETF",
        "user_profile": {
            "avatar_hash": "a6bbad4a67bc",
            "image_72": "https:\/\/avatars.slack-edge.com\/2021-07-26\/2308025050517_a6bbad4a67bc3cebd1c6_72.png",
            "first_name": "",
            "real_name": "Jack Hollis-London",
            "display_name": "Jack Hollis-London",
            "team": "T028CNVFETF",
            "name": "s3585034",
            "is_restricted": false,
            "is_ultra_restricted": false
        },
        "attachments": [
            {
                "service_name": "Stack Overflow",
                "title": "Expose all IDs when using Spring Data Rest",
                "title_link": "https:\/\/stackoverflow.com\/a\/67771005\/6298444",
                "text": "I'd like to expose all IDs using a Spring Rest interface. I know that per default an ID like this will not be exposed via the rest interface: @Id @GeneratedValue(strategy=GenerationType.",
                "fallback": "Stack Overflow: Expose all IDs when using Spring Data Rest",
                "thumb_url": "https:\/\/cdn.sstatic.net\/Sites\/stackoverflow\/Img\/apple-touch-icon@2.png?v=73d79a89bded",
                "from_url": "https:\/\/stackoverflow.com\/a\/67771005\/6298444",
                "thumb_width": 316,
                "thumb_height": 316,
                "service_icon": "https:\/\/cdn.sstatic.net\/Sites\/stackoverflow\/Img\/apple-touch-icon.png?v=c78bd457575a",
                "id": 1,
                "original_url": "https:\/\/stackoverflow.com\/a\/67771005\/6298444"
            }
        ],
        "blocks": [
            {
                "type": "rich_text",
                "block_id": "qcq",
                "elements": [
                    {
                        "type": "rich_text_section",
                        "elements": [
                            {
                                "type": "link",
                                "url": "https:\/\/stackoverflow.com\/a\/67771005\/6298444"
                            }
                        ]
                    }
                ]
            }
        ],
        "thread_ts": "1632971775.019300",
        "parent_user_id": "U028UDDAWAD"
    },
    {
        "client_msg_id": "be75e556-1593-45ac-ab74-760b484be16c",
        "type": "message",
        "text": "I hate spring data rest",
        "user": "U028Q9GDXN3",
        "ts": "1633129931.003100",
        "team": "T028CNVFETF",
        "user_team": "T028CNVFETF",
        "source_team": "T028CNVFETF",
        "user_profile": {
            "avatar_hash": "a6bbad4a67bc",
            "image_72": "https:\/\/avatars.slack-edge.com\/2021-07-26\/2308025050517_a6bbad4a67bc3cebd1c6_72.png",
            "first_name": "",
            "real_name": "Jack Hollis-London",
            "display_name": "Jack Hollis-London",
            "team": "T028CNVFETF",
            "name": "s3585034",
            "is_restricted": false,
            "is_ultra_restricted": false
        },
        "blocks": [
            {
                "type": "rich_text",
                "block_id": "p8Ahp",
                "elements": [
                    {
                        "type": "rich_text_section",
                        "elements": [
                            {
                                "type": "text",
                                "text": "I hate spring data rest"
                            }
                        ]
                    }
                ]
            }
        ],
        "thread_ts": "1632971775.019300",
        "parent_user_id": "U028UDDAWAD"
    },
    {
        "client_msg_id": "881828da-ff8a-4cce-a6b3-c575202a7bcd",
        "type": "message",
        "text": "it wouldn't let me use the old version of spring-data-rest for some reason so I found the non-deprecated version that no one except this one guy knows about",
        "user": "U028Q9GDXN3",
        "ts": "1633129982.003300",
        "team": "T028CNVFETF",
        "user_team": "T028CNVFETF",
        "source_team": "T028CNVFETF",
        "user_profile": {
            "avatar_hash": "a6bbad4a67bc",
            "image_72": "https:\/\/avatars.slack-edge.com\/2021-07-26\/2308025050517_a6bbad4a67bc3cebd1c6_72.png",
            "first_name": "",
            "real_name": "Jack Hollis-London",
            "display_name": "Jack Hollis-London",
            "team": "T028CNVFETF",
            "name": "s3585034",
            "is_restricted": false,
            "is_ultra_restricted": false
        },
        "blocks": [
            {
                "type": "rich_text",
                "block_id": "KhT",
                "elements": [
                    {
                        "type": "rich_text_section",
                        "elements": [
                            {
                                "type": "text",
                                "text": "it wouldn't let me use the old version of spring-data-rest for some reason so I found the non-deprecated version that no one except this one guy knows about"
                            }
                        ]
                    }
                ]
            }
        ],
        "thread_ts": "1632971775.019300",
        "parent_user_id": "U028UDDAWAD"
    },
    {
        "client_msg_id": "929c7e6f-dda2-4fab-b568-0365bfcbdafd",
        "type": "message",
        "text": "I am creating one User at the moment, but I think I can implement it in a loop.",
        "user": "U02812J04H5",
        "ts": "1633135075.003500",
        "team": "T028CNVFETF",
        "user_team": "T028CNVFETF",
        "source_team": "T028CNVFETF",
        "user_profile": {
            "avatar_hash": "g9ff92d51e82",
            "image_72": "https:\/\/secure.gravatar.com\/avatar\/9ff92d51e820b2c762e345cf0c31cdb3.jpg?s=72&d=https%3A%2F%2Fa.slack-edge.com%2Fdf10d%2Fimg%2Favatars%2Fava_0020-72.png",
            "first_name": "",
            "real_name": "Moritz Hauptmann",
            "display_name": "Moritz Hauptmann",
            "team": "T028CNVFETF",
            "name": "s3851298",
            "is_restricted": false,
            "is_ultra_restricted": false
        },
        "blocks": [
            {
                "type": "rich_text",
                "block_id": "wqi99",
                "elements": [
                    {
                        "type": "rich_text_section",
                        "elements": [
                            {
                                "type": "text",
                                "text": "I am creating one User at the moment, but I think I can implement it in a loop."
                            }
                        ]
                    }
                ]
            }
        ],
        "thread_ts": "1633064638.001000",
        "parent_user_id": "U028Q9GDXN3"
    },
    {
        "client_msg_id": "17dc0521-fcc5-4e21-9088-b4c3a3dc22b2",
        "type": "message",
        "text": "If you want you can have a look at my branch there is a user initilizer class in the model folder",
        "user": "U02812J04H5",
        "ts": "1633135116.003700",
        "team": "T028CNVFETF",
        "user_team": "T028CNVFETF",
        "source_team": "T028CNVFETF",
        "user_profile": {
            "avatar_hash": "g9ff92d51e82",
            "image_72": "https:\/\/secure.gravatar.com\/avatar\/9ff92d51e820b2c762e345cf0c31cdb3.jpg?s=72&d=https%3A%2F%2Fa.slack-edge.com%2Fdf10d%2Fimg%2Favatars%2Fava_0020-72.png",
            "first_name": "",
            "real_name": "Moritz Hauptmann",
            "display_name": "Moritz Hauptmann",
            "team": "T028CNVFETF",
            "name": "s3851298",
            "is_restricted": false,
            "is_ultra_restricted": false
        },
        "blocks": [
            {
                "type": "rich_text",
                "block_id": "TI+L",
                "elements": [
                    {
                        "type": "rich_text_section",
                        "elements": [
                            {
                                "type": "text",
                                "text": "If you want you can have a look at my branch there is a user initilizer class in the model folder"
                            }
                        ]
                    }
                ]
            }
        ],
        "thread_ts": "1633064638.001000",
        "parent_user_id": "U028Q9GDXN3"
    },
    {
        "client_msg_id": "5ee1fd6e-0143-44d8-bf8d-f00bce4531db",
        "type": "message",
        "text": "<@U028FPSLFK4> just approved merge request.. can be merged now..",
        "user": "U02812J04H5",
        "ts": "1633137689.004700",
        "team": "T028CNVFETF",
        "user_team": "T028CNVFETF",
        "source_team": "T028CNVFETF",
        "user_profile": {
            "avatar_hash": "g9ff92d51e82",
            "image_72": "https:\/\/secure.gravatar.com\/avatar\/9ff92d51e820b2c762e345cf0c31cdb3.jpg?s=72&d=https%3A%2F%2Fa.slack-edge.com%2Fdf10d%2Fimg%2Favatars%2Fava_0020-72.png",
            "first_name": "",
            "real_name": "Moritz Hauptmann",
            "display_name": "Moritz Hauptmann",
            "team": "T028CNVFETF",
            "name": "s3851298",
            "is_restricted": false,
            "is_ultra_restricted": false
        },
        "blocks": [
            {
                "type": "rich_text",
                "block_id": "0ysZ",
                "elements": [
                    {
                        "type": "rich_text_section",
                        "elements": [
                            {
                                "type": "user",
                                "user_id": "U028FPSLFK4"
                            },
                            {
                                "type": "text",
                                "text": " just approved merge request.. can be merged now.."
                            }
                        ]
                    }
                ]
            }
        ],
        "thread_ts": "1633137689.004700",
        "reply_count": 1,
        "reply_users_count": 1,
        "latest_reply": "1633138194.004800",
        "reply_users": [
            "U028FPSLFK4"
        ],
        "replies": [
            {
                "user": "U028FPSLFK4",
                "ts": "1633138194.004800"
            }
        ],
        "is_locked": false,
        "subscribed": false
    },
    {
        "client_msg_id": "7c296ef0-0bba-43c3-9186-908d4feee62d",
        "type": "message",
        "text": "aight, its now merged in",
        "user": "U028FPSLFK4",
        "ts": "1633138194.004800",
        "team": "T028CNVFETF",
        "user_team": "T028CNVFETF",
        "source_team": "T028CNVFETF",
        "user_profile": {
            "avatar_hash": "g92faf8c7cb1",
            "image_72": "https:\/\/secure.gravatar.com\/avatar\/92faf8c7cb15b0d6ca7ed71eeba8f20b.jpg?s=72&d=https%3A%2F%2Fa.slack-edge.com%2Fdf10d%2Fimg%2Favatars%2Fava_0022-72.png",
            "first_name": "",
            "real_name": "Ming Dong",
            "display_name": "Ming Dong",
            "team": "T028CNVFETF",
            "name": "s3843573",
            "is_restricted": false,
            "is_ultra_restricted": false
        },
        "blocks": [
            {
                "type": "rich_text",
                "block_id": "Fvp",
                "elements": [
                    {
                        "type": "rich_text_section",
                        "elements": [
                            {
                                "type": "text",
                                "text": "aight, its now merged in"
                            }
                        ]
                    }
                ]
            }
        ],
        "thread_ts": "1633137689.004700",
        "parent_user_id": "U02812J04H5"
    },
    {
        "client_msg_id": "284EEB60-3C14-4282-B314-84A8228E3F45",
        "type": "message",
        "text": "Yep found it",
        "user": "U028Q9GDXN3",
        "ts": "1633147961.005300",
        "team": "T028CNVFETF",
        "user_team": "T028CNVFETF",
        "source_team": "T028CNVFETF",
        "user_profile": {
            "avatar_hash": "a6bbad4a67bc",
            "image_72": "https:\/\/avatars.slack-edge.com\/2021-07-26\/2308025050517_a6bbad4a67bc3cebd1c6_72.png",
            "first_name": "",
            "real_name": "Jack Hollis-London",
            "display_name": "Jack Hollis-London",
            "team": "T028CNVFETF",
            "name": "s3585034",
            "is_restricted": false,
            "is_ultra_restricted": false
        },
        "blocks": [
            {
                "type": "rich_text",
                "block_id": "r8v3v",
                "elements": [
                    {
                        "type": "rich_text_section",
                        "elements": [
                            {
                                "type": "text",
                                "text": "Yep found it"
                            }
                        ]
                    }
                ]
            }
        ],
        "thread_ts": "1633064638.001000",
        "parent_user_id": "U028Q9GDXN3"
    },
    {
        "client_msg_id": "a2f4ce9a-ab49-457b-b61a-bae958cd25be",
        "type": "message",
        "text": "<!everyone> The sprint is coming to a close tomorrow. When do we want to meet to do the review and retro stuff?",
        "user": "U028UDDAWAD",
        "ts": "1633148104.006100",
        "team": "T028CNVFETF",
        "user_team": "T028CNVFETF",
        "source_team": "T028CNVFETF",
        "user_profile": {
            "avatar_hash": "gbc659f0070f",
            "image_72": "https:\/\/secure.gravatar.com\/avatar\/bc659f0070f49e4d9ea463fb700c9f95.jpg?s=72&d=https%3A%2F%2Fa.slack-edge.com%2Fdf10d%2Fimg%2Favatars%2Fava_0021-72.png",
            "first_name": "Jacob",
            "real_name": "Jacob McEwan",
            "display_name": "Jacob McEwan",
            "team": "T028CNVFETF",
            "name": "s3841062",
            "is_restricted": false,
            "is_ultra_restricted": false
        },
        "blocks": [
            {
                "type": "rich_text",
                "block_id": "ZNsQQ",
                "elements": [
                    {
                        "type": "rich_text_section",
                        "elements": [
                            {
                                "type": "broadcast",
                                "range": "everyone"
                            },
                            {
                                "type": "text",
                                "text": " The sprint is coming to a close tomorrow. When do we want to meet to do the review and retro stuff?"
                            }
                        ]
                    }
                ]
            }
        ],
        "thread_ts": "1633148104.006100",
        "reply_count": 18,
        "reply_users_count": 4,
        "latest_reply": "1633167166.010100",
        "reply_users": [
            "U028Q9GDXN3",
            "U028UDDAWAD",
            "U02812J04H5",
            "U028FPSLFK4"
        ],
        "replies": [
            {
                "user": "U028Q9GDXN3",
                "ts": "1633148393.006500"
            },
            {
                "user": "U028UDDAWAD",
                "ts": "1633148515.006700"
            },
            {
                "user": "U028Q9GDXN3",
                "ts": "1633150012.007000"
            },
            {
                "user": "U028UDDAWAD",
                "ts": "1633150381.007200"
            },
            {
                "user": "U028Q9GDXN3",
                "ts": "1633153057.007400"
            },
            {
                "user": "U028UDDAWAD",
                "ts": "1633153192.007600"
            },
            {
                "user": "U028Q9GDXN3",
                "ts": "1633153242.007800"
            },
            {
                "user": "U028Q9GDXN3",
                "ts": "1633156280.008000"
            },
            {
                "user": "U028Q9GDXN3",
                "ts": "1633158657.008200"
            },
            {
                "user": "U028Q9GDXN3",
                "ts": "1633158673.008400"
            },
            {
                "user": "U028Q9GDXN3",
                "ts": "1633158703.008600"
            },
            {
                "user": "U02812J04H5",
                "ts": "1633161371.008800"
            },
            {
                "user": "U028FPSLFK4",
                "ts": "1633165346.009000"
            },
            {
                "user": "U028Q9GDXN3",
                "ts": "1633166590.009200"
            },
            {
                "user": "U028FPSLFK4",
                "ts": "1633166634.009400"
            },
            {
                "user": "U028Q9GDXN3",
                "ts": "1633166651.009600"
            },
            {
                "user": "U02812J04H5",
                "ts": "1633167150.009900"
            },
            {
                "user": "U02812J04H5",
                "ts": "1633167166.010100"
            }
        ],
        "is_locked": false,
        "subscribed": true,
        "last_read": "1633167166.010100"
    },
    {
        "client_msg_id": "998574B8-A73D-43B5-9351-4DF93C4BA5BC",
        "type": "message",
        "text": "In an hour or so",
        "user": "U028Q9GDXN3",
        "ts": "1633148393.006500",
        "team": "T028CNVFETF",
        "user_team": "T028CNVFETF",
        "source_team": "T028CNVFETF",
        "user_profile": {
            "avatar_hash": "a6bbad4a67bc",
            "image_72": "https:\/\/avatars.slack-edge.com\/2021-07-26\/2308025050517_a6bbad4a67bc3cebd1c6_72.png",
            "first_name": "",
            "real_name": "Jack Hollis-London",
            "display_name": "Jack Hollis-London",
            "team": "T028CNVFETF",
            "name": "s3585034",
            "is_restricted": false,
            "is_ultra_restricted": false
        },
        "blocks": [
            {
                "type": "rich_text",
                "block_id": "yf93",
                "elements": [
                    {
                        "type": "rich_text_section",
                        "elements": [
                            {
                                "type": "text",
                                "text": "In an hour or so"
                            }
                        ]
                    }
                ]
            }
        ],
        "thread_ts": "1633148104.006100",
        "parent_user_id": "U028UDDAWAD"
    },
    {
        "client_msg_id": "ddb8dc28-d0b4-4c35-8c6f-bfd39fbe0659",
        "type": "message",
        "text": "I'm down for that",
        "user": "U028UDDAWAD",
        "ts": "1633148515.006700",
        "team": "T028CNVFETF",
        "user_team": "T028CNVFETF",
        "source_team": "T028CNVFETF",
        "user_profile": {
            "avatar_hash": "gbc659f0070f",
            "image_72": "https:\/\/secure.gravatar.com\/avatar\/bc659f0070f49e4d9ea463fb700c9f95.jpg?s=72&d=https%3A%2F%2Fa.slack-edge.com%2Fdf10d%2Fimg%2Favatars%2Fava_0021-72.png",
            "first_name": "Jacob",
            "real_name": "Jacob McEwan",
            "display_name": "Jacob McEwan",
            "team": "T028CNVFETF",
            "name": "s3841062",
            "is_restricted": false,
            "is_ultra_restricted": false
        },
        "blocks": [
            {
                "type": "rich_text",
                "block_id": "S25W+",
                "elements": [
                    {
                        "type": "rich_text_section",
                        "elements": [
                            {
                                "type": "text",
                                "text": "I'm down for that"
                            }
                        ]
                    }
                ]
            }
        ],
        "thread_ts": "1633148104.006100",
        "parent_user_id": "U028UDDAWAD"
    },
    {
        "client_msg_id": "89d69331-f94b-4a7b-832a-826427c58183",
        "type": "message",
        "text": "btw I fixed the Id thing in bookmicroservice",
        "user": "U028Q9GDXN3",
        "ts": "1633150012.007000",
        "team": "T028CNVFETF",
        "user_team": "T028CNVFETF",
        "source_team": "T028CNVFETF",
        "user_profile": {
            "avatar_hash": "a6bbad4a67bc",
            "image_72": "https:\/\/avatars.slack-edge.com\/2021-07-26\/2308025050517_a6bbad4a67bc3cebd1c6_72.png",
            "first_name": "",
            "real_name": "Jack Hollis-London",
            "display_name": "Jack Hollis-London",
            "team": "T028CNVFETF",
            "name": "s3585034",
            "is_restricted": false,
            "is_ultra_restricted": false
        },
        "blocks": [
            {
                "type": "rich_text",
                "block_id": "E1Jl",
                "elements": [
                    {
                        "type": "rich_text_section",
                        "elements": [
                            {
                                "type": "text",
                                "text": "btw I fixed the Id thing in bookmicroservice"
                            }
                        ]
                    }
                ]
            }
        ],
        "thread_ts": "1633148104.006100",
        "parent_user_id": "U028UDDAWAD"
    },
    {
        "client_msg_id": "b5bba3b2-3a29-49a8-975d-4a1c9a9e5bb8",
        "type": "message",
        "text": "I'll have a look during the meeting",
        "user": "U028UDDAWAD",
        "ts": "1633150381.007200",
        "team": "T028CNVFETF",
        "user_team": "T028CNVFETF",
        "source_team": "T028CNVFETF",
        "user_profile": {
            "avatar_hash": "gbc659f0070f",
            "image_72": "https:\/\/secure.gravatar.com\/avatar\/bc659f0070f49e4d9ea463fb700c9f95.jpg?s=72&d=https%3A%2F%2Fa.slack-edge.com%2Fdf10d%2Fimg%2Favatars%2Fava_0021-72.png",
            "first_name": "Jacob",
            "real_name": "Jacob McEwan",
            "display_name": "Jacob McEwan",
            "team": "T028CNVFETF",
            "name": "s3841062",
            "is_restricted": false,
            "is_ultra_restricted": false
        },
        "blocks": [
            {
                "type": "rich_text",
                "block_id": "=YifR",
                "elements": [
                    {
                        "type": "rich_text_section",
                        "elements": [
                            {
                                "type": "text",
                                "text": "I'll have a look during the meeting"
                            }
                        ]
                    }
                ]
            }
        ],
        "thread_ts": "1633148104.006100",
        "parent_user_id": "U028UDDAWAD"
    },
    {
        "client_msg_id": "ef3afc75-aef1-4031-99e3-5196e2052cbe",
        "type": "message",
        "text": "looks like it might just be as two",
        "user": "U028Q9GDXN3",
        "ts": "1633153057.007400",
        "team": "T028CNVFETF",
        "user_team": "T028CNVFETF",
        "source_team": "T028CNVFETF",
        "user_profile": {
            "avatar_hash": "a6bbad4a67bc",
            "image_72": "https:\/\/avatars.slack-edge.com\/2021-07-26\/2308025050517_a6bbad4a67bc3cebd1c6_72.png",
            "first_name": "",
            "real_name": "Jack Hollis-London",
            "display_name": "Jack Hollis-London",
            "team": "T028CNVFETF",
            "name": "s3585034",
            "is_restricted": false,
            "is_ultra_restricted": false
        },
        "blocks": [
            {
                "type": "rich_text",
                "block_id": "6pJ",
                "elements": [
                    {
                        "type": "rich_text_section",
                        "elements": [
                            {
                                "type": "text",
                                "text": "looks like it might just be as two"
                            }
                        ]
                    }
                ]
            }
        ],
        "thread_ts": "1633148104.006100",
        "parent_user_id": "U028UDDAWAD"
    },
    {
        "client_msg_id": "e2074ce5-bcee-47c5-8661-6c4227074c21",
        "type": "message",
        "text": "It's not worth being only two. Moritz and Ming if you see this, mention us. I'm free for the rest of the day",
        "user": "U028UDDAWAD",
        "ts": "1633153192.007600",
        "team": "T028CNVFETF",
        "user_team": "T028CNVFETF",
        "source_team": "T028CNVFETF",
        "user_profile": {
            "avatar_hash": "gbc659f0070f",
            "image_72": "https:\/\/secure.gravatar.com\/avatar\/bc659f0070f49e4d9ea463fb700c9f95.jpg?s=72&d=https%3A%2F%2Fa.slack-edge.com%2Fdf10d%2Fimg%2Favatars%2Fava_0021-72.png",
            "first_name": "Jacob",
            "real_name": "Jacob McEwan",
            "display_name": "Jacob McEwan",
            "team": "T028CNVFETF",
            "name": "s3841062",
            "is_restricted": false,
            "is_ultra_restricted": false
        },
        "blocks": [
            {
                "type": "rich_text",
                "block_id": "wKc",
                "elements": [
                    {
                        "type": "rich_text_section",
                        "elements": [
                            {
                                "type": "text",
                                "text": "It's not worth being only two. Moritz and Ming if you see this, mention us. I'm free for the rest of the day"
                            }
                        ]
                    }
                ]
            }
        ],
        "thread_ts": "1633148104.006100",
        "parent_user_id": "U028UDDAWAD"
    },
    {
        "client_msg_id": "14245d86-0ead-44c2-8b34-5783e45419ac",
        "type": "message",
        "text": "ok well im in teams",
        "user": "U028Q9GDXN3",
        "ts": "1633153242.007800",
        "team": "T028CNVFETF",
        "user_team": "T028CNVFETF",
        "source_team": "T028CNVFETF",
        "user_profile": {
            "avatar_hash": "a6bbad4a67bc",
            "image_72": "https:\/\/avatars.slack-edge.com\/2021-07-26\/2308025050517_a6bbad4a67bc3cebd1c6_72.png",
            "first_name": "",
            "real_name": "Jack Hollis-London",
            "display_name": "Jack Hollis-London",
            "team": "T028CNVFETF",
            "name": "s3585034",
            "is_restricted": false,
            "is_ultra_restricted": false
        },
        "blocks": [
            {
                "type": "rich_text",
                "block_id": "oduI",
                "elements": [
                    {
                        "type": "rich_text_section",
                        "elements": [
                            {
                                "type": "text",
                                "text": "ok well im in teams"
                            }
                        ]
                    }
                ]
            }
        ],
        "thread_ts": "1633148104.006100",
        "parent_user_id": "U028UDDAWAD"
    },
    {
        "client_msg_id": "b1a0e5e7-76d8-4921-8b85-6ebb9895f756",
        "type": "message",
        "text": "how are you implementing filtering and are you able to eager fetch a book for bookForSale?",
        "user": "U028Q9GDXN3",
        "ts": "1633156280.008000",
        "team": "T028CNVFETF",
        "user_team": "T028CNVFETF",
        "source_team": "T028CNVFETF",
        "user_profile": {
            "avatar_hash": "a6bbad4a67bc",
            "image_72": "https:\/\/avatars.slack-edge.com\/2021-07-26\/2308025050517_a6bbad4a67bc3cebd1c6_72.png",
            "first_name": "",
            "real_name": "Jack Hollis-London",
            "display_name": "Jack Hollis-London",
            "team": "T028CNVFETF",
            "name": "s3585034",
            "is_restricted": false,
            "is_ultra_restricted": false
        },
        "blocks": [
            {
                "type": "rich_text",
                "block_id": "GY3G",
                "elements": [
                    {
                        "type": "rich_text_section",
                        "elements": [
                            {
                                "type": "text",
                                "text": "how are you implementing filtering and are you able to eager fetch a book for bookForSale?"
                            }
                        ]
                    }
                ]
            }
        ],
        "thread_ts": "1633148104.006100",
        "parent_user_id": "U028UDDAWAD"
    }
]