[
    {
        "client_msg_id": "7cc5db1f-a0ef-4566-ba83-6df3faff21e3",
        "type": "message",
        "text": "did we write down the refactoring tasks somewhere?",
        "user": "U028Q9GDXN3",
        "ts": "1633253076.012200",
        "team": "T028CNVFETF",
        "user_team": "T028CNVFETF",
        "source_team": "T028CNVFETF",
        "user_profile": {
            "avatar_hash": "a6bbad4a67bc",
            "image_72": "https:\/\/avatars.slack-edge.com\/2021-07-26\/2308025050517_a6bbad4a67bc3cebd1c6_72.png",
            "first_name": "",
            "real_name": "Jack Hollis-London",
            "display_name": "Jack Hollis-London",
            "team": "T028CNVFETF",
            "name": "s3585034",
            "is_restricted": false,
            "is_ultra_restricted": false
        },
        "blocks": [
            {
                "type": "rich_text",
                "block_id": "X+o",
                "elements": [
                    {
                        "type": "rich_text_section",
                        "elements": [
                            {
                                "type": "text",
                                "text": "did we write down the refactoring tasks somewhere?"
                            }
                        ]
                    }
                ]
            }
        ],
        "thread_ts": "1633253076.012200",
        "reply_count": 8,
        "reply_users_count": 2,
        "latest_reply": "1633774238.038800",
        "reply_users": [
            "U028UDDAWAD",
            "U028Q9GDXN3"
        ],
        "replies": [
            {
                "user": "U028UDDAWAD",
                "ts": "1633253176.012300"
            },
            {
                "user": "U028Q9GDXN3",
                "ts": "1633253307.012500"
            },
            {
                "user": "U028Q9GDXN3",
                "ts": "1633315685.013800"
            },
            {
                "user": "U028Q9GDXN3",
                "ts": "1633395080.019200"
            },
            {
                "user": "U028Q9GDXN3",
                "ts": "1633395138.019400"
            },
            {
                "user": "U028Q9GDXN3",
                "ts": "1633589465.024400"
            },
            {
                "user": "U028Q9GDXN3",
                "ts": "1633745277.037400"
            },
            {
                "user": "U028Q9GDXN3",
                "ts": "1633774238.038800"
            }
        ],
        "is_locked": false,
        "subscribed": true,
        "last_read": "1633774238.038800"
    },
    {
        "client_msg_id": "2c77f851-17fe-49a1-b7a1-d2909b6a0cb8",
        "type": "message",
        "text": "No, but the two I remember were:\n• Rewriting the API to use Axios instances\n• Restructuring the test folders",
        "user": "U028UDDAWAD",
        "ts": "1633253176.012300",
        "team": "T028CNVFETF",
        "user_team": "T028CNVFETF",
        "source_team": "T028CNVFETF",
        "user_profile": {
            "avatar_hash": "gbc659f0070f",
            "image_72": "https:\/\/secure.gravatar.com\/avatar\/bc659f0070f49e4d9ea463fb700c9f95.jpg?s=72&d=https%3A%2F%2Fa.slack-edge.com%2Fdf10d%2Fimg%2Favatars%2Fava_0021-72.png",
            "first_name": "Jacob",
            "real_name": "Jacob McEwan",
            "display_name": "Jacob McEwan",
            "team": "T028CNVFETF",
            "name": "s3841062",
            "is_restricted": false,
            "is_ultra_restricted": false
        },
        "blocks": [
            {
                "type": "rich_text",
                "block_id": "dyCb",
                "elements": [
                    {
                        "type": "rich_text_section",
                        "elements": [
                            {
                                "type": "text",
                                "text": "No, but the two I remember were:\n"
                            }
                        ]
                    },
                    {
                        "type": "rich_text_list",
                        "elements": [
                            {
                                "type": "rich_text_section",
                                "elements": [
                                    {
                                        "type": "text",
                                        "text": "Rewriting the API to use Axios instances"
                                    }
                                ]
                            },
                            {
                                "type": "rich_text_section",
                                "elements": [
                                    {
                                        "type": "text",
                                        "text": "Restructuring the test folders"
                                    }
                                ]
                            }
                        ],
                        "style": "bullet",
                        "indent": 0,
                        "border": 0
                    }
                ]
            }
        ],
        "thread_ts": "1633253076.012200",
        "parent_user_id": "U028Q9GDXN3"
    },
    {
        "client_msg_id": "bed1a87f-5b0b-48e8-8d4d-6ac306ece746",
        "type": "message",
        "text": "alright heres another\n• adding security to books api to prevent creating books for non business users, deleting books etc",
        "user": "U028Q9GDXN3",
        "ts": "1633253307.012500",
        "team": "T028CNVFETF",
        "user_team": "T028CNVFETF",
        "source_team": "T028CNVFETF",
        "user_profile": {
            "avatar_hash": "a6bbad4a67bc",
            "image_72": "https:\/\/avatars.slack-edge.com\/2021-07-26\/2308025050517_a6bbad4a67bc3cebd1c6_72.png",
            "first_name": "",
            "real_name": "Jack Hollis-London",
            "display_name": "Jack Hollis-London",
            "team": "T028CNVFETF",
            "name": "s3585034",
            "is_restricted": false,
            "is_ultra_restricted": false
        },
        "blocks": [
            {
                "type": "rich_text",
                "block_id": "iRwwK",
                "elements": [
                    {
                        "type": "rich_text_section",
                        "elements": [
                            {
                                "type": "text",
                                "text": "alright heres another\n"
                            }
                        ]
                    },
                    {
                        "type": "rich_text_list",
                        "elements": [
                            {
                                "type": "rich_text_section",
                                "elements": [
                                    {
                                        "type": "text",
                                        "text": "adding security to books api to prevent creating books for non business users, deleting books etc"
                                    }
                                ]
                            }
                        ],
                        "style": "bullet",
                        "indent": 0,
                        "border": 0
                    }
                ]
            }
        ],
        "thread_ts": "1633253076.012200",
        "parent_user_id": "U028Q9GDXN3"
    },
    {
        "client_msg_id": "f7b62853-2d17-4263-9a85-60fd9ec9ae9a",
        "type": "message",
        "text": "<https:\/\/github.com\/Someoneamzing\/sept-group-assignment\/pull\/13>",
        "user": "U028Q9GDXN3",
        "ts": "1633315331.012800",
        "team": "T028CNVFETF",
        "user_team": "T028CNVFETF",
        "source_team": "T028CNVFETF",
        "user_profile": {
            "avatar_hash": "a6bbad4a67bc",
            "image_72": "https:\/\/avatars.slack-edge.com\/2021-07-26\/2308025050517_a6bbad4a67bc3cebd1c6_72.png",
            "first_name": "",
            "real_name": "Jack Hollis-London",
            "display_name": "Jack Hollis-London",
            "team": "T028CNVFETF",
            "name": "s3585034",
            "is_restricted": false,
            "is_ultra_restricted": false
        },
        "blocks": [
            {
                "type": "rich_text",
                "block_id": "3gN",
                "elements": [
                    {
                        "type": "rich_text_section",
                        "elements": [
                            {
                                "type": "link",
                                "url": "https:\/\/github.com\/Someoneamzing\/sept-group-assignment\/pull\/13"
                            }
                        ]
                    }
                ]
            }
        ]
    },
    {
        "client_msg_id": "e88d8acd-a8ec-4a90-8970-569b9a5fa3c7",
        "type": "message",
        "text": "the conventional-commits based changelog generation worked pretty well! (although less focus on specific files would be better)",
        "user": "U028Q9GDXN3",
        "ts": "1633315369.013700",
        "team": "T028CNVFETF",
        "user_team": "T028CNVFETF",
        "source_team": "T028CNVFETF",
        "user_profile": {
            "avatar_hash": "a6bbad4a67bc",
            "image_72": "https:\/\/avatars.slack-edge.com\/2021-07-26\/2308025050517_a6bbad4a67bc3cebd1c6_72.png",
            "first_name": "",
            "real_name": "Jack Hollis-London",
            "display_name": "Jack Hollis-London",
            "team": "T028CNVFETF",
            "name": "s3585034",
            "is_restricted": false,
            "is_ultra_restricted": false
        },
        "blocks": [
            {
                "type": "rich_text",
                "block_id": "kYWJ",
                "elements": [
                    {
                        "type": "rich_text_section",
                        "elements": [
                            {
                                "type": "text",
                                "text": "the conventional-commits based changelog generation worked pretty well! (although less focus on specific files would be better)"
                            }
                        ]
                    }
                ]
            }
        ]
    },
    {
        "client_msg_id": "44de3d6e-7efe-4419-adac-b68d48b9577d",
        "type": "message",
        "text": "• add diff detection to circleci config to prevent redundant builds\/deployments when no application files have changed. (try <https:\/\/gist.github.com\/naesheim\/18d0c0a58ee61f4674353a2f4cf71475> or <https:\/\/circleci.com\/docs\/2.0\/configuration-cookbook\/?section=examples-and-guides#execute-specific-workflows-or-steps-based-on-which-files-are-modified|https:\/\/circleci.com\/docs\/2.0\/configuration-cookbook\/?section=examples-and-guides#execute-specific-workflows-or-s[…]ased-on-which-files-are-modified>)",
        "user": "U028Q9GDXN3",
        "ts": "1633315685.013800",
        "team": "T028CNVFETF",
        "user_team": "T028CNVFETF",
        "source_team": "T028CNVFETF",
        "user_profile": {
            "avatar_hash": "a6bbad4a67bc",
            "image_72": "https:\/\/avatars.slack-edge.com\/2021-07-26\/2308025050517_a6bbad4a67bc3cebd1c6_72.png",
            "first_name": "",
            "real_name": "Jack Hollis-London",
            "display_name": "Jack Hollis-London",
            "team": "T028CNVFETF",
            "name": "s3585034",
            "is_restricted": false,
            "is_ultra_restricted": false
        },
        "attachments": [
            {
                "title": "CircleCI Configuration Cookbook - CircleCI",
                "title_link": "https:\/\/circleci.com\/docs\/2.0\/configuration-cookbook\/?section=examples-and-guides#execute-specific-workflows-or-steps-based-on-which-files-are-modified",
                "text": "Starting point for Configuration Cookbook",
                "fallback": "CircleCI Configuration Cookbook - CircleCI",
                "from_url": "https:\/\/circleci.com\/docs\/2.0\/configuration-cookbook\/?section=examples-and-guides#execute-specific-workflows-or-steps-based-on-which-files-are-modified",
                "service_icon": "https:\/\/circleci.com\/favicon.ico",
                "service_name": "circleci.com",
                "id": 1,
                "original_url": "https:\/\/circleci.com\/docs\/2.0\/configuration-cookbook\/?section=examples-and-guides#execute-specific-workflows-or-steps-based-on-which-files-are-modified"
            }
        ],
        "blocks": [
            {
                "type": "rich_text",
                "block_id": "Ouom",
                "elements": [
                    {
                        "type": "rich_text_list",
                        "elements": [
                            {
                                "type": "rich_text_section",
                                "elements": [
                                    {
                                        "type": "text",
                                        "text": "add diff detection to circleci config to prevent redundant builds\/deployments when no application files have changed. (try "
                                    },
                                    {
                                        "type": "link",
                                        "url": "https:\/\/gist.github.com\/naesheim\/18d0c0a58ee61f4674353a2f4cf71475"
                                    },
                                    {
                                        "type": "text",
                                        "text": " or "
                                    },
                                    {
                                        "type": "link",
                                        "url": "https:\/\/circleci.com\/docs\/2.0\/configuration-cookbook\/?section=examples-and-guides#execute-specific-workflows-or-steps-based-on-which-files-are-modified",
                                        "text": "https:\/\/circleci.com\/docs\/2.0\/configuration-cookbook\/?section=examples-and-guides#execute-specific-workflows-or-s[…]ased-on-which-files-are-modified"
                                    },
                                    {
                                        "type": "text",
                                        "text": ")"
                                    }
                                ]
                            }
                        ],
                        "style": "bullet",
                        "indent": 0,
                        "border": 0
                    }
                ]
            }
        ],
        "thread_ts": "1633253076.012200",
        "parent_user_id": "U028Q9GDXN3"
    },
    {
        "client_msg_id": "dd3b38ed-4588-47a4-8668-a1117de5e4a5",
        "type": "message",
        "text": "<!everyone> im gonna merge main into develop",
        "user": "U028Q9GDXN3",
        "ts": "1633327043.014400",
        "team": "T028CNVFETF",
        "user_team": "T028CNVFETF",
        "source_team": "T028CNVFETF",
        "user_profile": {
            "avatar_hash": "a6bbad4a67bc",
            "image_72": "https:\/\/avatars.slack-edge.com\/2021-07-26\/2308025050517_a6bbad4a67bc3cebd1c6_72.png",
            "first_name": "",
            "real_name": "Jack Hollis-London",
            "display_name": "Jack Hollis-London",
            "team": "T028CNVFETF",
            "name": "s3585034",
            "is_restricted": false,
            "is_ultra_restricted": false
        },
        "blocks": [
            {
                "type": "rich_text",
                "block_id": "3q=rC",
                "elements": [
                    {
                        "type": "rich_text_section",
                        "elements": [
                            {
                                "type": "broadcast",
                                "range": "everyone"
                            },
                            {
                                "type": "text",
                                "text": " im gonna merge main into develop"
                            }
                        ]
                    }
                ]
            }
        ]
    },
    {
        "client_msg_id": "9bb6928c-06bb-497b-b00f-172d1416d55f",
        "type": "message",
        "text": "everyone approve",
        "user": "U028Q9GDXN3",
        "ts": "1633327049.014600",
        "team": "T028CNVFETF",
        "user_team": "T028CNVFETF",
        "source_team": "T028CNVFETF",
        "user_profile": {
            "avatar_hash": "a6bbad4a67bc",
            "image_72": "https:\/\/avatars.slack-edge.com\/2021-07-26\/2308025050517_a6bbad4a67bc3cebd1c6_72.png",
            "first_name": "",
            "real_name": "Jack Hollis-London",
            "display_name": "Jack Hollis-London",
            "team": "T028CNVFETF",
            "name": "s3585034",
            "is_restricted": false,
            "is_ultra_restricted": false
        },
        "blocks": [
            {
                "type": "rich_text",
                "block_id": "CSi",
                "elements": [
                    {
                        "type": "rich_text_section",
                        "elements": [
                            {
                                "type": "text",
                                "text": "everyone approve"
                            }
                        ]
                    }
                ]
            }
        ],
        "reactions": [
            {
                "name": "+1",
                "users": [
                    "U028UDDAWAD",
                    "U028FPSLFK4"
                ],
                "count": 2
            }
        ]
    },
    {
        "client_msg_id": "5cf4d284-b418-45ea-9c64-be31a65cac20",
        "type": "message",
        "text": "alright lets hope it works first try",
        "user": "U028Q9GDXN3",
        "ts": "1633327447.015000",
        "team": "T028CNVFETF",
        "user_team": "T028CNVFETF",
        "source_team": "T028CNVFETF",
        "user_profile": {
            "avatar_hash": "a6bbad4a67bc",
            "image_72": "https:\/\/avatars.slack-edge.com\/2021-07-26\/2308025050517_a6bbad4a67bc3cebd1c6_72.png",
            "first_name": "",
            "real_name": "Jack Hollis-London",
            "display_name": "Jack Hollis-London",
            "team": "T028CNVFETF",
            "name": "s3585034",
            "is_restricted": false,
            "is_ultra_restricted": false
        },
        "blocks": [
            {
                "type": "rich_text",
                "block_id": "mQ5im",
                "elements": [
                    {
                        "type": "rich_text_section",
                        "elements": [
                            {
                                "type": "text",
                                "text": "alright lets hope it works first try"
                            }
                        ]
                    }
                ]
            }
        ],
        "thread_ts": "1633327447.015000",
        "reply_count": 2,
        "reply_users_count": 2,
        "latest_reply": "1633328854.015300",
        "reply_users": [
            "U028UDDAWAD",
            "U028Q9GDXN3"
        ],
        "replies": [
            {
                "user": "U028UDDAWAD",
                "ts": "1633328809.015100"
            },
            {
                "user": "U028Q9GDXN3",
                "ts": "1633328854.015300"
            }
        ],
        "is_locked": false,
        "subscribed": true,
        "last_read": "1633328854.015300"
    },
    {
        "client_msg_id": "a61aa4ec-44b4-4f3f-a60d-5fb653a7c8fb",
        "type": "message",
        "text": "Looks like it failed getting the previous run values?",
        "user": "U028UDDAWAD",
        "ts": "1633328809.015100",
        "team": "T028CNVFETF",
        "user_team": "T028CNVFETF",
        "source_team": "T028CNVFETF",
        "user_profile": {
            "avatar_hash": "gbc659f0070f",
            "image_72": "https:\/\/secure.gravatar.com\/avatar\/bc659f0070f49e4d9ea463fb700c9f95.jpg?s=72&d=https%3A%2F%2Fa.slack-edge.com%2Fdf10d%2Fimg%2Favatars%2Fava_0021-72.png",
            "first_name": "Jacob",
            "real_name": "Jacob McEwan",
            "display_name": "Jacob McEwan",
            "team": "T028CNVFETF",
            "name": "s3841062",
            "is_restricted": false,
            "is_ultra_restricted": false
        },
        "blocks": [
            {
                "type": "rich_text",
                "block_id": "f9l",
                "elements": [
                    {
                        "type": "rich_text_section",
                        "elements": [
                            {
                                "type": "text",
                                "text": "Looks like it failed getting the previous run values?"
                            }
                        ]
                    }
                ]
            }
        ],
        "thread_ts": "1633327447.015000",
        "parent_user_id": "U028Q9GDXN3"
    },
    {
        "client_msg_id": "6ffba6ea-7342-44a1-9b62-7176b156706e",
        "type": "message",
        "text": "theres a typo somewhere",
        "user": "U028Q9GDXN3",
        "ts": "1633328854.015300",
        "team": "T028CNVFETF",
        "user_team": "T028CNVFETF",
        "source_team": "T028CNVFETF",
        "user_profile": {
            "avatar_hash": "a6bbad4a67bc",
            "image_72": "https:\/\/avatars.slack-edge.com\/2021-07-26\/2308025050517_a6bbad4a67bc3cebd1c6_72.png",
            "first_name": "",
            "real_name": "Jack Hollis-London",
            "display_name": "Jack Hollis-London",
            "team": "T028CNVFETF",
            "name": "s3585034",
            "is_restricted": false,
            "is_ultra_restricted": false
        },
        "blocks": [
            {
                "type": "rich_text",
                "block_id": "V4C",
                "elements": [
                    {
                        "type": "rich_text_section",
                        "elements": [
                            {
                                "type": "text",
                                "text": "theres a typo somewhere"
                            }
                        ]
                    }
                ]
            }
        ],
        "thread_ts": "1633327447.015000",
        "parent_user_id": "U028Q9GDXN3"
    }
]