[
    {
        "client_msg_id": "d2849064-944e-46f3-a7c2-912574afef77",
        "type": "message",
        "text": "<!everyone> I've finished the logging and made a pull request. If there's anywhere you think I need to add more just let me know.",
        "user": "U028UDDAWAD",
        "ts": "1634887730.009100",
        "team": "T028CNVFETF",
        "user_team": "T028CNVFETF",
        "source_team": "T028CNVFETF",
        "user_profile": {
            "avatar_hash": "gbc659f0070f",
            "image_72": "https:\/\/secure.gravatar.com\/avatar\/bc659f0070f49e4d9ea463fb700c9f95.jpg?s=72&d=https%3A%2F%2Fa.slack-edge.com%2Fdf10d%2Fimg%2Favatars%2Fava_0021-72.png",
            "first_name": "Jacob",
            "real_name": "Jacob McEwan",
            "display_name": "Jacob McEwan",
            "team": "T028CNVFETF",
            "name": "s3841062",
            "is_restricted": false,
            "is_ultra_restricted": false
        },
        "blocks": [
            {
                "type": "rich_text",
                "block_id": "t3VH",
                "elements": [
                    {
                        "type": "rich_text_section",
                        "elements": [
                            {
                                "type": "broadcast",
                                "range": "everyone"
                            },
                            {
                                "type": "text",
                                "text": " I've finished the logging and made a pull request. If there's anywhere you think I need to add more just let me know."
                            }
                        ]
                    }
                ]
            }
        ],
        "reactions": [
            {
                "name": "white_check_mark",
                "users": [
                    "U028FPSLFK4"
                ],
                "count": 1
            }
        ]
    },
    {
        "client_msg_id": "37b202de-3554-45d4-9caa-9b696baa249f",
        "type": "message",
        "text": "im gonna merge it now",
        "user": "U028Q9GDXN3",
        "ts": "1634905057.009400",
        "team": "T028CNVFETF",
        "user_team": "T028CNVFETF",
        "source_team": "T028CNVFETF",
        "user_profile": {
            "avatar_hash": "a6bbad4a67bc",
            "image_72": "https:\/\/avatars.slack-edge.com\/2021-07-26\/2308025050517_a6bbad4a67bc3cebd1c6_72.png",
            "first_name": "",
            "real_name": "Jack Hollis-London",
            "display_name": "Jack Hollis-London",
            "team": "T028CNVFETF",
            "name": "s3585034",
            "is_restricted": false,
            "is_ultra_restricted": false
        },
        "blocks": [
            {
                "type": "rich_text",
                "block_id": "+57G",
                "elements": [
                    {
                        "type": "rich_text_section",
                        "elements": [
                            {
                                "type": "text",
                                "text": "im gonna merge it now"
                            }
                        ]
                    }
                ]
            }
        ],
        "thread_ts": "1634719082.053800",
        "parent_user_id": "U02812J04H5"
    },
    {
        "client_msg_id": "1714DB1E-3E7C-4B36-BEEC-B2D4649273D0",
        "type": "message",
        "text": "What time do we start? ",
        "user": "U028FPSLFK4",
        "ts": "1634943510.010400",
        "team": "T028CNVFETF",
        "user_team": "T028CNVFETF",
        "source_team": "T028CNVFETF",
        "user_profile": {
            "avatar_hash": "g92faf8c7cb1",
            "image_72": "https:\/\/secure.gravatar.com\/avatar\/92faf8c7cb15b0d6ca7ed71eeba8f20b.jpg?s=72&d=https%3A%2F%2Fa.slack-edge.com%2Fdf10d%2Fimg%2Favatars%2Fava_0022-72.png",
            "first_name": "",
            "real_name": "Ming Dong",
            "display_name": "Ming Dong",
            "team": "T028CNVFETF",
            "name": "s3843573",
            "is_restricted": false,
            "is_ultra_restricted": false
        },
        "blocks": [
            {
                "type": "rich_text",
                "block_id": "7HK",
                "elements": [
                    {
                        "type": "rich_text_section",
                        "elements": [
                            {
                                "type": "text",
                                "text": "What time do we start? "
                            }
                        ]
                    }
                ]
            }
        ]
    },
    {
        "client_msg_id": "56484782-415c-42bb-8f4a-5e434c42cdc4",
        "type": "message",
        "text": "I am free now and the whole day to work on it..",
        "user": "U02812J04H5",
        "ts": "1634943740.010500",
        "team": "T028CNVFETF",
        "user_team": "T028CNVFETF",
        "source_team": "T028CNVFETF",
        "user_profile": {
            "avatar_hash": "g9ff92d51e82",
            "image_72": "https:\/\/secure.gravatar.com\/avatar\/9ff92d51e820b2c762e345cf0c31cdb3.jpg?s=72&d=https%3A%2F%2Fa.slack-edge.com%2Fdf10d%2Fimg%2Favatars%2Fava_0020-72.png",
            "first_name": "",
            "real_name": "Moritz Hauptmann",
            "display_name": "Moritz Hauptmann",
            "team": "T028CNVFETF",
            "name": "s3851298",
            "is_restricted": false,
            "is_ultra_restricted": false
        },
        "blocks": [
            {
                "type": "rich_text",
                "block_id": "lRc",
                "elements": [
                    {
                        "type": "rich_text_section",
                        "elements": [
                            {
                                "type": "text",
                                "text": "I am free now and the whole day to work on it.."
                            }
                        ]
                    }
                ]
            }
        ]
    },
    {
        "client_msg_id": "a13cd889-1e70-4aaa-b18d-e70ab0f15cec",
        "type": "message",
        "text": "Same",
        "user": "U028UDDAWAD",
        "ts": "1634943784.010700",
        "team": "T028CNVFETF",
        "user_team": "T028CNVFETF",
        "source_team": "T028CNVFETF",
        "user_profile": {
            "avatar_hash": "gbc659f0070f",
            "image_72": "https:\/\/secure.gravatar.com\/avatar\/bc659f0070f49e4d9ea463fb700c9f95.jpg?s=72&d=https%3A%2F%2Fa.slack-edge.com%2Fdf10d%2Fimg%2Favatars%2Fava_0021-72.png",
            "first_name": "Jacob",
            "real_name": "Jacob McEwan",
            "display_name": "Jacob McEwan",
            "team": "T028CNVFETF",
            "name": "s3841062",
            "is_restricted": false,
            "is_ultra_restricted": false
        },
        "blocks": [
            {
                "type": "rich_text",
                "block_id": "Lkct7",
                "elements": [
                    {
                        "type": "rich_text_section",
                        "elements": [
                            {
                                "type": "text",
                                "text": "Same"
                            }
                        ]
                    }
                ]
            }
        ]
    },
    {
        "client_msg_id": "218C202E-6F26-48A6-BB9D-62B771B7F598",
        "type": "message",
        "text": "I will be on teams in 5 mins then ",
        "user": "U028FPSLFK4",
        "ts": "1634943822.011400",
        "team": "T028CNVFETF",
        "user_team": "T028CNVFETF",
        "source_team": "T028CNVFETF",
        "user_profile": {
            "avatar_hash": "g92faf8c7cb1",
            "image_72": "https:\/\/secure.gravatar.com\/avatar\/92faf8c7cb15b0d6ca7ed71eeba8f20b.jpg?s=72&d=https%3A%2F%2Fa.slack-edge.com%2Fdf10d%2Fimg%2Favatars%2Fava_0022-72.png",
            "first_name": "",
            "real_name": "Ming Dong",
            "display_name": "Ming Dong",
            "team": "T028CNVFETF",
            "name": "s3843573",
            "is_restricted": false,
            "is_ultra_restricted": false
        },
        "blocks": [
            {
                "type": "rich_text",
                "block_id": "9VG",
                "elements": [
                    {
                        "type": "rich_text_section",
                        "elements": [
                            {
                                "type": "text",
                                "text": "I will be on teams in 5 mins then "
                            }
                        ]
                    }
                ]
            }
        ],
        "reactions": [
            {
                "name": "+1",
                "users": [
                    "U028UDDAWAD"
                ],
                "count": 1
            }
        ]
    }
]