[
    {
        "client_msg_id": "b2b238c0-6280-4af7-8ba5-fcd77c5c3184",
        "type": "message",
        "text": "I was suppose to finish my feature a couple days ago",
        "user": "U028Q9GDXN3",
        "ts": "1634457562.026400",
        "team": "T028CNVFETF",
        "user_team": "T028CNVFETF",
        "source_team": "T028CNVFETF",
        "user_profile": {
            "avatar_hash": "a6bbad4a67bc",
            "image_72": "https:\/\/avatars.slack-edge.com\/2021-07-26\/2308025050517_a6bbad4a67bc3cebd1c6_72.png",
            "first_name": "",
            "real_name": "Jack Hollis-London",
            "display_name": "Jack Hollis-London",
            "team": "T028CNVFETF",
            "name": "s3585034",
            "is_restricted": false,
            "is_ultra_restricted": false
        },
        "blocks": [
            {
                "type": "rich_text",
                "block_id": "fFE",
                "elements": [
                    {
                        "type": "rich_text_section",
                        "elements": [
                            {
                                "type": "text",
                                "text": "I was suppose to finish my feature a couple days ago"
                            }
                        ]
                    }
                ]
            }
        ],
        "thread_ts": "1634452968.025100",
        "parent_user_id": "U028UDDAWAD"
    },
    {
        "client_msg_id": "e71693a4-d9f6-459f-9baf-220c11e7dfc7",
        "type": "message",
        "text": "Are you free to meet tonight?",
        "user": "U028UDDAWAD",
        "ts": "1634458276.026600",
        "team": "T028CNVFETF",
        "user_team": "T028CNVFETF",
        "source_team": "T028CNVFETF",
        "user_profile": {
            "avatar_hash": "gbc659f0070f",
            "image_72": "https:\/\/secure.gravatar.com\/avatar\/bc659f0070f49e4d9ea463fb700c9f95.jpg?s=72&d=https%3A%2F%2Fa.slack-edge.com%2Fdf10d%2Fimg%2Favatars%2Fava_0021-72.png",
            "first_name": "Jacob",
            "real_name": "Jacob McEwan",
            "display_name": "Jacob McEwan",
            "team": "T028CNVFETF",
            "name": "s3841062",
            "is_restricted": false,
            "is_ultra_restricted": false
        },
        "blocks": [
            {
                "type": "rich_text",
                "block_id": "AzNV",
                "elements": [
                    {
                        "type": "rich_text_section",
                        "elements": [
                            {
                                "type": "text",
                                "text": "Are you free to meet tonight?"
                            }
                        ]
                    }
                ]
            }
        ],
        "thread_ts": "1634452968.025100",
        "parent_user_id": "U028UDDAWAD"
    },
    {
        "client_msg_id": "729ef242-3550-48d5-ab4a-5a789be4ad6b",
        "type": "message",
        "text": "yeah",
        "user": "U028Q9GDXN3",
        "ts": "1634458288.026800",
        "team": "T028CNVFETF",
        "user_team": "T028CNVFETF",
        "source_team": "T028CNVFETF",
        "user_profile": {
            "avatar_hash": "a6bbad4a67bc",
            "image_72": "https:\/\/avatars.slack-edge.com\/2021-07-26\/2308025050517_a6bbad4a67bc3cebd1c6_72.png",
            "first_name": "",
            "real_name": "Jack Hollis-London",
            "display_name": "Jack Hollis-London",
            "team": "T028CNVFETF",
            "name": "s3585034",
            "is_restricted": false,
            "is_ultra_restricted": false
        },
        "blocks": [
            {
                "type": "rich_text",
                "block_id": "x3jQ",
                "elements": [
                    {
                        "type": "rich_text_section",
                        "elements": [
                            {
                                "type": "text",
                                "text": "yeah"
                            }
                        ]
                    }
                ]
            }
        ],
        "thread_ts": "1634452968.025100",
        "parent_user_id": "U028UDDAWAD"
    },
    {
        "client_msg_id": "fbb6f28f-72a3-46b6-9119-863805a1a6fc",
        "type": "message",
        "text": "Ok. I think we start at 8:00 PM unless we hear form Moritz beforehand",
        "user": "U028UDDAWAD",
        "ts": "1634458316.027000",
        "team": "T028CNVFETF",
        "user_team": "T028CNVFETF",
        "source_team": "T028CNVFETF",
        "user_profile": {
            "avatar_hash": "gbc659f0070f",
            "image_72": "https:\/\/secure.gravatar.com\/avatar\/bc659f0070f49e4d9ea463fb700c9f95.jpg?s=72&d=https%3A%2F%2Fa.slack-edge.com%2Fdf10d%2Fimg%2Favatars%2Fava_0021-72.png",
            "first_name": "Jacob",
            "real_name": "Jacob McEwan",
            "display_name": "Jacob McEwan",
            "team": "T028CNVFETF",
            "name": "s3841062",
            "is_restricted": false,
            "is_ultra_restricted": false
        },
        "blocks": [
            {
                "type": "rich_text",
                "block_id": "cqf",
                "elements": [
                    {
                        "type": "rich_text_section",
                        "elements": [
                            {
                                "type": "text",
                                "text": "Ok. I think we start at 8:00 PM unless we hear form Moritz beforehand"
                            }
                        ]
                    }
                ]
            }
        ],
        "thread_ts": "1634452968.025100",
        "parent_user_id": "U028UDDAWAD"
    },
    {
        "client_msg_id": "24a7ebb6-d129-4d5f-beed-fcdd8827a42c",
        "type": "message",
        "text": "start the meeting now?",
        "user": "U028FPSLFK4",
        "ts": "1634461281.027200",
        "team": "T028CNVFETF",
        "user_team": "T028CNVFETF",
        "source_team": "T028CNVFETF",
        "user_profile": {
            "avatar_hash": "g92faf8c7cb1",
            "image_72": "https:\/\/secure.gravatar.com\/avatar\/92faf8c7cb15b0d6ca7ed71eeba8f20b.jpg?s=72&d=https%3A%2F%2Fa.slack-edge.com%2Fdf10d%2Fimg%2Favatars%2Fava_0022-72.png",
            "first_name": "",
            "real_name": "Ming Dong",
            "display_name": "Ming Dong",
            "team": "T028CNVFETF",
            "name": "s3843573",
            "is_restricted": false,
            "is_ultra_restricted": false
        },
        "blocks": [
            {
                "type": "rich_text",
                "block_id": "ltKVr",
                "elements": [
                    {
                        "type": "rich_text_section",
                        "elements": [
                            {
                                "type": "text",
                                "text": "start the meeting now?"
                            }
                        ]
                    }
                ]
            }
        ],
        "thread_ts": "1634452968.025100",
        "parent_user_id": "U028UDDAWAD"
    },
    {
        "type": "message",
        "text": "",
        "files": [
            {
                "id": "F02HZ2HUU1K",
                "created": 1634504874,
                "timestamp": 1634504874,
                "name": "image.png",
                "title": "image.png",
                "mimetype": "image\/png",
                "filetype": "png",
                "pretty_type": "PNG",
                "user": "U028Q9GDXN3",
                "editable": false,
                "size": 94523,
                "mode": "hosted",
                "is_external": false,
                "external_type": "",
                "is_public": true,
                "public_url_shared": false,
                "display_as_bot": false,
                "username": "",
                "url_private": "https:\/\/files.slack.com\/files-pri\/T028CNVFETF-F02HZ2HUU1K\/image.png?t=xoxe-2284777524933-2639320681602-2636333542453-c87d2329fb29bd04b1bea169bb97cfd5",
                "url_private_download": "https:\/\/files.slack.com\/files-pri\/T028CNVFETF-F02HZ2HUU1K\/download\/image.png?t=xoxe-2284777524933-2639320681602-2636333542453-c87d2329fb29bd04b1bea169bb97cfd5",
                "media_display_type": "unknown",
                "thumb_64": "https:\/\/files.slack.com\/files-tmb\/T028CNVFETF-F02HZ2HUU1K-e06e75d522\/image_64.png?t=xoxe-2284777524933-2639320681602-2636333542453-c87d2329fb29bd04b1bea169bb97cfd5",
                "thumb_80": "https:\/\/files.slack.com\/files-tmb\/T028CNVFETF-F02HZ2HUU1K-e06e75d522\/image_80.png?t=xoxe-2284777524933-2639320681602-2636333542453-c87d2329fb29bd04b1bea169bb97cfd5",
                "thumb_360": "https:\/\/files.slack.com\/files-tmb\/T028CNVFETF-F02HZ2HUU1K-e06e75d522\/image_360.png?t=xoxe-2284777524933-2639320681602-2636333542453-c87d2329fb29bd04b1bea169bb97cfd5",
                "thumb_360_w": 360,
                "thumb_360_h": 226,
                "thumb_480": "https:\/\/files.slack.com\/files-tmb\/T028CNVFETF-F02HZ2HUU1K-e06e75d522\/image_480.png?t=xoxe-2284777524933-2639320681602-2636333542453-c87d2329fb29bd04b1bea169bb97cfd5",
                "thumb_480_w": 480,
                "thumb_480_h": 302,
                "thumb_160": "https:\/\/files.slack.com\/files-tmb\/T028CNVFETF-F02HZ2HUU1K-e06e75d522\/image_160.png?t=xoxe-2284777524933-2639320681602-2636333542453-c87d2329fb29bd04b1bea169bb97cfd5",
                "thumb_720": "https:\/\/files.slack.com\/files-tmb\/T028CNVFETF-F02HZ2HUU1K-e06e75d522\/image_720.png?t=xoxe-2284777524933-2639320681602-2636333542453-c87d2329fb29bd04b1bea169bb97cfd5",
                "thumb_720_w": 720,
                "thumb_720_h": 452,
                "thumb_800": "https:\/\/files.slack.com\/files-tmb\/T028CNVFETF-F02HZ2HUU1K-e06e75d522\/image_800.png?t=xoxe-2284777524933-2639320681602-2636333542453-c87d2329fb29bd04b1bea169bb97cfd5",
                "thumb_800_w": 800,
                "thumb_800_h": 503,
                "thumb_960": "https:\/\/files.slack.com\/files-tmb\/T028CNVFETF-F02HZ2HUU1K-e06e75d522\/image_960.png?t=xoxe-2284777524933-2639320681602-2636333542453-c87d2329fb29bd04b1bea169bb97cfd5",
                "thumb_960_w": 960,
                "thumb_960_h": 603,
                "thumb_1024": "https:\/\/files.slack.com\/files-tmb\/T028CNVFETF-F02HZ2HUU1K-e06e75d522\/image_1024.png?t=xoxe-2284777524933-2639320681602-2636333542453-c87d2329fb29bd04b1bea169bb97cfd5",
                "thumb_1024_w": 1024,
                "thumb_1024_h": 643,
                "original_w": 1646,
                "original_h": 1034,
                "thumb_tiny": "AwAeADA\/s+TsR+dH9nyeo\/OtJgGGD0pgiUHPP\/fRp3AoHTn9V\/Oj+z5PVfzrQKelNEK98\/8AfRouBR\/s+T1X86P7Ok9V\/OtIDAxRRcAoozRmkAUUZozQAUUZozQB\/9k=",
                "permalink": "https:\/\/septassignmentproject.slack.com\/files\/U028Q9GDXN3\/F02HZ2HUU1K\/image.png",
                "permalink_public": "https:\/\/slack-files.com\/T028CNVFETF-F02HZ2HUU1K-d20025e911",
                "is_starred": false,
                "has_rich_preview": false
            }
        ],
        "upload": false,
        "user": "U028Q9GDXN3",
        "display_as_bot": false,
        "ts": "1634504877.027500",
        "client_msg_id": "57988861-7b60-4cd6-9c39-5828e7c0033d"
    },
    {
        "client_msg_id": "4bbe6d8e-a2e9-40a6-ad0b-ca40f0b7a003",
        "type": "message",
        "text": "works well!",
        "user": "U028Q9GDXN3",
        "ts": "1634504879.027900",
        "team": "T028CNVFETF",
        "user_team": "T028CNVFETF",
        "source_team": "T028CNVFETF",
        "user_profile": {
            "avatar_hash": "a6bbad4a67bc",
            "image_72": "https:\/\/avatars.slack-edge.com\/2021-07-26\/2308025050517_a6bbad4a67bc3cebd1c6_72.png",
            "first_name": "",
            "real_name": "Jack Hollis-London",
            "display_name": "Jack Hollis-London",
            "team": "T028CNVFETF",
            "name": "s3585034",
            "is_restricted": false,
            "is_ultra_restricted": false
        },
        "blocks": [
            {
                "type": "rich_text",
                "block_id": "PNt",
                "elements": [
                    {
                        "type": "rich_text_section",
                        "elements": [
                            {
                                "type": "text",
                                "text": "works well!"
                            }
                        ]
                    }
                ]
            }
        ]
    },
    {
        "client_msg_id": "546b3079-8230-4e9b-b361-441ce39e7eb2",
        "type": "message",
        "text": "(although books in dep'd db don't have genres so there's the '' genre)",
        "user": "U028Q9GDXN3",
        "ts": "1634504932.028800",
        "team": "T028CNVFETF",
        "user_team": "T028CNVFETF",
        "source_team": "T028CNVFETF",
        "user_profile": {
            "avatar_hash": "a6bbad4a67bc",
            "image_72": "https:\/\/avatars.slack-edge.com\/2021-07-26\/2308025050517_a6bbad4a67bc3cebd1c6_72.png",
            "first_name": "",
            "real_name": "Jack Hollis-London",
            "display_name": "Jack Hollis-London",
            "team": "T028CNVFETF",
            "name": "s3585034",
            "is_restricted": false,
            "is_ultra_restricted": false
        },
        "edited": {
            "user": "U028Q9GDXN3",
            "ts": "1634504936.000000"
        },
        "blocks": [
            {
                "type": "rich_text",
                "block_id": "YfFyw",
                "elements": [
                    {
                        "type": "rich_text_section",
                        "elements": [
                            {
                                "type": "text",
                                "text": "(although books in dep'd db don't have genres so there's the '' genre)"
                            }
                        ]
                    }
                ]
            }
        ]
    },
    {
        "client_msg_id": "43fdb27b-74bd-49dc-b020-69576d21b6fa",
        "type": "message",
        "text": "<http:\/\/cicddevelopment.s3-website-ap-southeast-2.amazonaws.com\/> It's live :slightly_smiling_face:",
        "user": "U028Q9GDXN3",
        "ts": "1634505228.029300",
        "team": "T028CNVFETF",
        "user_team": "T028CNVFETF",
        "source_team": "T028CNVFETF",
        "user_profile": {
            "avatar_hash": "a6bbad4a67bc",
            "image_72": "https:\/\/avatars.slack-edge.com\/2021-07-26\/2308025050517_a6bbad4a67bc3cebd1c6_72.png",
            "first_name": "",
            "real_name": "Jack Hollis-London",
            "display_name": "Jack Hollis-London",
            "team": "T028CNVFETF",
            "name": "s3585034",
            "is_restricted": false,
            "is_ultra_restricted": false
        },
        "attachments": [
            {
                "title": "React App",
                "title_link": "http:\/\/cicddevelopment.s3-website-ap-southeast-2.amazonaws.com\/",
                "text": "Web site created using create-react-app",
                "fallback": "React App",
                "from_url": "http:\/\/cicddevelopment.s3-website-ap-southeast-2.amazonaws.com\/",
                "service_icon": "http:\/\/cicddevelopment.s3-website-ap-southeast-2.amazonaws.com\/logo192.png",
                "service_name": "cicddevelopment.s3-website-ap-southeast-2.amazonaws.com",
                "id": 1,
                "original_url": "http:\/\/cicddevelopment.s3-website-ap-southeast-2.amazonaws.com\/"
            }
        ],
        "blocks": [
            {
                "type": "rich_text",
                "block_id": "l+PBv",
                "elements": [
                    {
                        "type": "rich_text_section",
                        "elements": [
                            {
                                "type": "link",
                                "url": "http:\/\/cicddevelopment.s3-website-ap-southeast-2.amazonaws.com\/"
                            },
                            {
                                "type": "text",
                                "text": " It's live "
                            },
                            {
                                "type": "emoji",
                                "name": "slightly_smiling_face"
                            }
                        ]
                    }
                ]
            }
        ]
    },
    {
        "client_msg_id": "b3dcfc63-9741-486c-93bc-fec00780facb",
        "type": "message",
        "text": "(also we need to change the &lt;head\/&gt; in the index.html)",
        "user": "U028Q9GDXN3",
        "ts": "1634505297.030000",
        "team": "T028CNVFETF",
        "user_team": "T028CNVFETF",
        "source_team": "T028CNVFETF",
        "user_profile": {
            "avatar_hash": "a6bbad4a67bc",
            "image_72": "https:\/\/avatars.slack-edge.com\/2021-07-26\/2308025050517_a6bbad4a67bc3cebd1c6_72.png",
            "first_name": "",
            "real_name": "Jack Hollis-London",
            "display_name": "Jack Hollis-London",
            "team": "T028CNVFETF",
            "name": "s3585034",
            "is_restricted": false,
            "is_ultra_restricted": false
        },
        "edited": {
            "user": "U028Q9GDXN3",
            "ts": "1634505302.000000"
        },
        "blocks": [
            {
                "type": "rich_text",
                "block_id": "EqY+N",
                "elements": [
                    {
                        "type": "rich_text_section",
                        "elements": [
                            {
                                "type": "text",
                                "text": "(also we need to change the <head\/> in the index.html)"
                            }
                        ]
                    }
                ]
            }
        ]
    },
    {
        "client_msg_id": "30ed6d01-baa3-421b-9841-43ec08b793d4",
        "type": "message",
        "text": "<!everyone> sorry had my jab and don't feel to well, could we have a small meeting later today or tom?",
        "user": "U02812J04H5",
        "ts": "1634530813.032600",
        "team": "T028CNVFETF",
        "user_team": "T028CNVFETF",
        "source_team": "T028CNVFETF",
        "user_profile": {
            "avatar_hash": "g9ff92d51e82",
            "image_72": "https:\/\/secure.gravatar.com\/avatar\/9ff92d51e820b2c762e345cf0c31cdb3.jpg?s=72&d=https%3A%2F%2Fa.slack-edge.com%2Fdf10d%2Fimg%2Favatars%2Fava_0020-72.png",
            "first_name": "",
            "real_name": "Moritz Hauptmann",
            "display_name": "Moritz Hauptmann",
            "team": "T028CNVFETF",
            "name": "s3851298",
            "is_restricted": false,
            "is_ultra_restricted": false
        },
        "blocks": [
            {
                "type": "rich_text",
                "block_id": "nd9",
                "elements": [
                    {
                        "type": "rich_text_section",
                        "elements": [
                            {
                                "type": "broadcast",
                                "range": "everyone"
                            },
                            {
                                "type": "text",
                                "text": " sorry had my jab and don't feel to well, could we have a small meeting later today or tom?"
                            }
                        ]
                    }
                ]
            }
        ]
    },
    {
        "client_msg_id": "96e9f78f-505f-4699-8898-96fc993da4c1",
        "type": "message",
        "text": "Yeah, that's the plan. I might be too busy for the meeting but I've done as much as I could yesterday. I should be able to jump in for ~15 mins to finish stuff up if needed, just shout.",
        "user": "U028UDDAWAD",
        "ts": "1634531284.034000",
        "team": "T028CNVFETF",
        "user_team": "T028CNVFETF",
        "source_team": "T028CNVFETF",
        "user_profile": {
            "avatar_hash": "gbc659f0070f",
            "image_72": "https:\/\/secure.gravatar.com\/avatar\/bc659f0070f49e4d9ea463fb700c9f95.jpg?s=72&d=https%3A%2F%2Fa.slack-edge.com%2Fdf10d%2Fimg%2Favatars%2Fava_0021-72.png",
            "first_name": "Jacob",
            "real_name": "Jacob McEwan",
            "display_name": "Jacob McEwan",
            "team": "T028CNVFETF",
            "name": "s3841062",
            "is_restricted": false,
            "is_ultra_restricted": false
        },
        "blocks": [
            {
                "type": "rich_text",
                "block_id": "nuDAD",
                "elements": [
                    {
                        "type": "rich_text_section",
                        "elements": [
                            {
                                "type": "text",
                                "text": "Yeah, that's the plan. I might be too busy for the meeting but I've done as much as I could yesterday. I should be able to jump in for ~15 mins to finish stuff up if needed, just shout."
                            }
                        ]
                    }
                ]
            }
        ]
    }
]