[
    {
        "client_msg_id": "89416900-788d-4c6f-bafd-2722e23c819a",
        "type": "message",
        "text": "<https:\/\/github.com\/Someoneamzing\/sept-group-assignment\/pull\/15>",
        "user": "U02812J04H5",
        "ts": "1634718555.052100",
        "team": "T028CNVFETF",
        "user_team": "T028CNVFETF",
        "source_team": "T028CNVFETF",
        "user_profile": {
            "avatar_hash": "g9ff92d51e82",
            "image_72": "https:\/\/secure.gravatar.com\/avatar\/9ff92d51e820b2c762e345cf0c31cdb3.jpg?s=72&d=https%3A%2F%2Fa.slack-edge.com%2Fdf10d%2Fimg%2Favatars%2Fava_0020-72.png",
            "first_name": "",
            "real_name": "Moritz Hauptmann",
            "display_name": "Moritz Hauptmann",
            "team": "T028CNVFETF",
            "name": "s3851298",
            "is_restricted": false,
            "is_ultra_restricted": false
        },
        "blocks": [
            {
                "type": "rich_text",
                "block_id": "yKKx",
                "elements": [
                    {
                        "type": "rich_text_section",
                        "elements": [
                            {
                                "type": "link",
                                "url": "https:\/\/github.com\/Someoneamzing\/sept-group-assignment\/pull\/15"
                            }
                        ]
                    }
                ]
            }
        ]
    },
    {
        "client_msg_id": "c14f96d5-0a1a-4c5c-8afa-fdbaa9953090",
        "type": "message",
        "text": "<https:\/\/github.com\/Someoneamzing\/sept-group-assignment\/pull\/16>",
        "user": "U02812J04H5",
        "ts": "1634718568.052300",
        "team": "T028CNVFETF",
        "user_team": "T028CNVFETF",
        "source_team": "T028CNVFETF",
        "user_profile": {
            "avatar_hash": "g9ff92d51e82",
            "image_72": "https:\/\/secure.gravatar.com\/avatar\/9ff92d51e820b2c762e345cf0c31cdb3.jpg?s=72&d=https%3A%2F%2Fa.slack-edge.com%2Fdf10d%2Fimg%2Favatars%2Fava_0020-72.png",
            "first_name": "",
            "real_name": "Moritz Hauptmann",
            "display_name": "Moritz Hauptmann",
            "team": "T028CNVFETF",
            "name": "s3851298",
            "is_restricted": false,
            "is_ultra_restricted": false
        },
        "blocks": [
            {
                "type": "rich_text",
                "block_id": "SqPK",
                "elements": [
                    {
                        "type": "rich_text_section",
                        "elements": [
                            {
                                "type": "link",
                                "url": "https:\/\/github.com\/Someoneamzing\/sept-group-assignment\/pull\/16"
                            }
                        ]
                    }
                ]
            }
        ]
    },
    {
        "client_msg_id": "958436e8-d3f2-467d-91c0-486985d38ff1",
        "type": "message",
        "text": "<!everyone> could you please review my pull requests so we can merge?",
        "user": "U02812J04H5",
        "ts": "1634718600.052900",
        "team": "T028CNVFETF",
        "user_team": "T028CNVFETF",
        "source_team": "T028CNVFETF",
        "user_profile": {
            "avatar_hash": "g9ff92d51e82",
            "image_72": "https:\/\/secure.gravatar.com\/avatar\/9ff92d51e820b2c762e345cf0c31cdb3.jpg?s=72&d=https%3A%2F%2Fa.slack-edge.com%2Fdf10d%2Fimg%2Favatars%2Fava_0020-72.png",
            "first_name": "",
            "real_name": "Moritz Hauptmann",
            "display_name": "Moritz Hauptmann",
            "team": "T028CNVFETF",
            "name": "s3851298",
            "is_restricted": false,
            "is_ultra_restricted": false
        },
        "blocks": [
            {
                "type": "rich_text",
                "block_id": "oW6rR",
                "elements": [
                    {
                        "type": "rich_text_section",
                        "elements": [
                            {
                                "type": "broadcast",
                                "range": "everyone"
                            },
                            {
                                "type": "text",
                                "text": " could you please review my pull requests so we can merge?"
                            }
                        ]
                    }
                ]
            }
        ],
        "thread_ts": "1634718600.052900",
        "reply_count": 2,
        "reply_users_count": 2,
        "latest_reply": "1634790093.000100",
        "reply_users": [
            "U028Q9GDXN3",
            "U02812J04H5"
        ],
        "replies": [
            {
                "user": "U028Q9GDXN3",
                "ts": "1634766642.062100"
            },
            {
                "user": "U02812J04H5",
                "ts": "1634790093.000100"
            }
        ],
        "is_locked": false,
        "subscribed": false,
        "reactions": [
            {
                "name": "white_check_mark",
                "users": [
                    "U028UDDAWAD",
                    "U028FPSLFK4"
                ],
                "count": 2
            },
            {
                "name": "speech_balloon",
                "users": [
                    "U028Q9GDXN3"
                ],
                "count": 1
            }
        ]
    },
    {
        "client_msg_id": "ef442250-4589-4fa9-9d85-168015ea42c4",
        "type": "message",
        "text": "Do you want me to merge or until when should we wait for jack?",
        "user": "U02812J04H5",
        "ts": "1634719082.053800",
        "team": "T028CNVFETF",
        "user_team": "T028CNVFETF",
        "source_team": "T028CNVFETF",
        "user_profile": {
            "avatar_hash": "g9ff92d51e82",
            "image_72": "https:\/\/secure.gravatar.com\/avatar\/9ff92d51e820b2c762e345cf0c31cdb3.jpg?s=72&d=https%3A%2F%2Fa.slack-edge.com%2Fdf10d%2Fimg%2Favatars%2Fava_0020-72.png",
            "first_name": "",
            "real_name": "Moritz Hauptmann",
            "display_name": "Moritz Hauptmann",
            "team": "T028CNVFETF",
            "name": "s3851298",
            "is_restricted": false,
            "is_ultra_restricted": false
        },
        "blocks": [
            {
                "type": "rich_text",
                "block_id": "qHAkR",
                "elements": [
                    {
                        "type": "rich_text_section",
                        "elements": [
                            {
                                "type": "text",
                                "text": "Do you want me to merge or until when should we wait for jack?"
                            }
                        ]
                    }
                ]
            }
        ],
        "thread_ts": "1634719082.053800",
        "reply_count": 39,
        "reply_users_count": 3,
        "latest_reply": "1634905057.009400",
        "reply_users": [
            "U028UDDAWAD",
            "U028Q9GDXN3",
            "U02812J04H5"
        ],
        "replies": [
            {
                "user": "U028UDDAWAD",
                "ts": "1634719165.054300"
            },
            {
                "user": "U028Q9GDXN3",
                "ts": "1634719234.054500"
            },
            {
                "user": "U028Q9GDXN3",
                "ts": "1634719249.054700"
            },
            {
                "user": "U028Q9GDXN3",
                "ts": "1634719303.054900"
            },
            {
                "user": "U028Q9GDXN3",
                "ts": "1634719308.055100"
            },
            {
                "user": "U02812J04H5",
                "ts": "1634719343.055300"
            },
            {
                "user": "U028Q9GDXN3",
                "ts": "1634719351.055500"
            },
            {
                "user": "U028Q9GDXN3",
                "ts": "1634719358.055700"
            },
            {
                "user": "U028Q9GDXN3",
                "ts": "1634719374.055900"
            },
            {
                "user": "U028Q9GDXN3",
                "ts": "1634719400.056100"
            },
            {
                "user": "U028Q9GDXN3",
                "ts": "1634719419.056300"
            },
            {
                "user": "U02812J04H5",
                "ts": "1634719442.056600"
            },
            {
                "user": "U028Q9GDXN3",
                "ts": "1634719555.056800"
            },
            {
                "user": "U02812J04H5",
                "ts": "1634719631.057000"
            },
            {
                "user": "U028Q9GDXN3",
                "ts": "1634719674.057200"
            },
            {
                "user": "U028Q9GDXN3",
                "ts": "1634719747.057400"
            },
            {
                "user": "U02812J04H5",
                "ts": "1634719753.057600"
            },
            {
                "user": "U028Q9GDXN3",
                "ts": "1634719778.057800"
            },
            {
                "user": "U02812J04H5",
                "ts": "1634719823.058000"
            },
            {
                "user": "U028Q9GDXN3",
                "ts": "1634719870.058200"
            },
            {
                "user": "U02812J04H5",
                "ts": "1634720068.058400"
            },
            {
                "user": "U02812J04H5",
                "ts": "1634720079.058600"
            },
            {
                "user": "U02812J04H5",
                "ts": "1634720095.058800"
            },
            {
                "user": "U028Q9GDXN3",
                "ts": "1634720167.059000"
            },
            {
                "user": "U02812J04H5",
                "ts": "1634720183.059200"
            },
            {
                "user": "U02812J04H5",
                "ts": "1634720193.059400"
            },
            {
                "user": "U028Q9GDXN3",
                "ts": "1634720270.059600"
            },
            {
                "user": "U02812J04H5",
                "ts": "1634720344.059800"
            },
            {
                "user": "U028Q9GDXN3",
                "ts": "1634720404.060000"
            },
            {
                "user": "U02812J04H5",
                "ts": "1634720517.060200"
            },
            {
                "user": "U028Q9GDXN3",
                "ts": "1634720567.060400"
            },
            {
                "user": "U02812J04H5",
                "ts": "1634720748.060600"
            },
            {
                "user": "U028Q9GDXN3",
                "ts": "1634720787.060800"
            },
            {
                "user": "U02812J04H5",
                "ts": "1634720830.061000"
            },
            {
                "user": "U02812J04H5",
                "ts": "1634720848.061200"
            },
            {
                "user": "U02812J04H5",
                "ts": "1634720884.061400"
            },
            {
                "user": "U028Q9GDXN3",
                "ts": "1634720896.061600"
            },
            {
                "user": "U028Q9GDXN3",
                "ts": "1634720903.061800"
            },
            {
                "user": "U028Q9GDXN3",
                "ts": "1634905057.009400"
            }
        ],
        "is_locked": false,
        "subscribed": true,
        "last_read": "1634720903.061800"
    },
    {
        "client_msg_id": "814276d9-86db-465a-ac48-46a2a227afbc",
        "type": "message",
        "text": "Let's wait for Jack until 8:30pm. He's online so might respond",
        "user": "U028UDDAWAD",
        "ts": "1634719165.054300",
        "team": "T028CNVFETF",
        "user_team": "T028CNVFETF",
        "source_team": "T028CNVFETF",
        "user_profile": {
            "avatar_hash": "gbc659f0070f",
            "image_72": "https:\/\/secure.gravatar.com\/avatar\/bc659f0070f49e4d9ea463fb700c9f95.jpg?s=72&d=https%3A%2F%2Fa.slack-edge.com%2Fdf10d%2Fimg%2Favatars%2Fava_0021-72.png",
            "first_name": "Jacob",
            "real_name": "Jacob McEwan",
            "display_name": "Jacob McEwan",
            "team": "T028CNVFETF",
            "name": "s3841062",
            "is_restricted": false,
            "is_ultra_restricted": false
        },
        "blocks": [
            {
                "type": "rich_text",
                "block_id": "XA+5",
                "elements": [
                    {
                        "type": "rich_text_section",
                        "elements": [
                            {
                                "type": "text",
                                "text": "Let's wait for Jack until 8:30pm. He's online so might respond"
                            }
                        ]
                    }
                ]
            }
        ],
        "thread_ts": "1634719082.053800",
        "parent_user_id": "U02812J04H5"
    },
    {
        "client_msg_id": "7ca8b234-ae50-416a-a7ef-372fc9c473d4",
        "type": "message",
        "text": "hi",
        "user": "U028Q9GDXN3",
        "ts": "1634719234.054500",
        "team": "T028CNVFETF",
        "user_team": "T028CNVFETF",
        "source_team": "T028CNVFETF",
        "user_profile": {
            "avatar_hash": "a6bbad4a67bc",
            "image_72": "https:\/\/avatars.slack-edge.com\/2021-07-26\/2308025050517_a6bbad4a67bc3cebd1c6_72.png",
            "first_name": "",
            "real_name": "Jack Hollis-London",
            "display_name": "Jack Hollis-London",
            "team": "T028CNVFETF",
            "name": "s3585034",
            "is_restricted": false,
            "is_ultra_restricted": false
        },
        "blocks": [
            {
                "type": "rich_text",
                "block_id": "2VQ",
                "elements": [
                    {
                        "type": "rich_text_section",
                        "elements": [
                            {
                                "type": "text",
                                "text": "hi"
                            }
                        ]
                    }
                ]
            }
        ],
        "thread_ts": "1634719082.053800",
        "parent_user_id": "U02812J04H5"
    },
    {
        "client_msg_id": "5b377489-f5b3-4a32-8e9f-51e661a57f3b",
        "type": "message",
        "text": "two reviews should be enough to merge I guess",
        "user": "U028Q9GDXN3",
        "ts": "1634719249.054700",
        "team": "T028CNVFETF",
        "user_team": "T028CNVFETF",
        "source_team": "T028CNVFETF",
        "user_profile": {
            "avatar_hash": "a6bbad4a67bc",
            "image_72": "https:\/\/avatars.slack-edge.com\/2021-07-26\/2308025050517_a6bbad4a67bc3cebd1c6_72.png",
            "first_name": "",
            "real_name": "Jack Hollis-London",
            "display_name": "Jack Hollis-London",
            "team": "T028CNVFETF",
            "name": "s3585034",
            "is_restricted": false,
            "is_ultra_restricted": false
        },
        "blocks": [
            {
                "type": "rich_text",
                "block_id": "YRW",
                "elements": [
                    {
                        "type": "rich_text_section",
                        "elements": [
                            {
                                "type": "text",
                                "text": "two reviews should be enough to merge I guess"
                            }
                        ]
                    }
                ]
            }
        ],
        "thread_ts": "1634719082.053800",
        "parent_user_id": "U02812J04H5"
    },
    {
        "client_msg_id": "bb52d86c-0024-4b40-be5c-6bd1000f309b",
        "type": "message",
        "text": "actually no you're removing the \"\/api\/version\" endpoint again",
        "user": "U028Q9GDXN3",
        "ts": "1634719303.054900",
        "team": "T028CNVFETF",
        "user_team": "T028CNVFETF",
        "source_team": "T028CNVFETF",
        "user_profile": {
            "avatar_hash": "a6bbad4a67bc",
            "image_72": "https:\/\/avatars.slack-edge.com\/2021-07-26\/2308025050517_a6bbad4a67bc3cebd1c6_72.png",
            "first_name": "",
            "real_name": "Jack Hollis-London",
            "display_name": "Jack Hollis-London",
            "team": "T028CNVFETF",
            "name": "s3585034",
            "is_restricted": false,
            "is_ultra_restricted": false
        },
        "blocks": [
            {
                "type": "rich_text",
                "block_id": "JVW0",
                "elements": [
                    {
                        "type": "rich_text_section",
                        "elements": [
                            {
                                "type": "text",
                                "text": "actually no you're removing the \"\/api\/version\" endpoint again"
                            }
                        ]
                    }
                ]
            }
        ],
        "thread_ts": "1634719082.053800",
        "parent_user_id": "U02812J04H5"
    },
    {
        "client_msg_id": "3cd93a77-9ff6-4fee-a66b-471b33aa4b5a",
        "type": "message",
        "text": "can't do that",
        "user": "U028Q9GDXN3",
        "ts": "1634719308.055100",
        "team": "T028CNVFETF",
        "user_team": "T028CNVFETF",
        "source_team": "T028CNVFETF",
        "user_profile": {
            "avatar_hash": "a6bbad4a67bc",
            "image_72": "https:\/\/avatars.slack-edge.com\/2021-07-26\/2308025050517_a6bbad4a67bc3cebd1c6_72.png",
            "first_name": "",
            "real_name": "Jack Hollis-London",
            "display_name": "Jack Hollis-London",
            "team": "T028CNVFETF",
            "name": "s3585034",
            "is_restricted": false,
            "is_ultra_restricted": false
        },
        "blocks": [
            {
                "type": "rich_text",
                "block_id": "E9g=Y",
                "elements": [
                    {
                        "type": "rich_text_section",
                        "elements": [
                            {
                                "type": "text",
                                "text": "can't do that"
                            }
                        ]
                    }
                ]
            }
        ],
        "thread_ts": "1634719082.053800",
        "parent_user_id": "U02812J04H5"
    },
    {
        "client_msg_id": "c1c0a58f-9422-4b23-929a-b81fe130ad13",
        "type": "message",
        "text": "wait i though that was in develop like that",
        "user": "U02812J04H5",
        "ts": "1634719343.055300",
        "team": "T028CNVFETF",
        "user_team": "T028CNVFETF",
        "source_team": "T028CNVFETF",
        "user_profile": {
            "avatar_hash": "g9ff92d51e82",
            "image_72": "https:\/\/secure.gravatar.com\/avatar\/9ff92d51e820b2c762e345cf0c31cdb3.jpg?s=72&d=https%3A%2F%2Fa.slack-edge.com%2Fdf10d%2Fimg%2Favatars%2Fava_0020-72.png",
            "first_name": "",
            "real_name": "Moritz Hauptmann",
            "display_name": "Moritz Hauptmann",
            "team": "T028CNVFETF",
            "name": "s3851298",
            "is_restricted": false,
            "is_ultra_restricted": false
        },
        "blocks": [
            {
                "type": "rich_text",
                "block_id": "f+P",
                "elements": [
                    {
                        "type": "rich_text_section",
                        "elements": [
                            {
                                "type": "text",
                                "text": "wait i though that was in develop like that"
                            }
                        ]
                    }
                ]
            }
        ],
        "thread_ts": "1634719082.053800",
        "parent_user_id": "U02812J04H5"
    },
    {
        "client_msg_id": "6c16d9eb-5be5-4459-8d78-613ebd669fea",
        "type": "message",
        "text": "nope",
        "user": "U028Q9GDXN3",
        "ts": "1634719351.055500",
        "team": "T028CNVFETF",
        "user_team": "T028CNVFETF",
        "source_team": "T028CNVFETF",
        "user_profile": {
            "avatar_hash": "a6bbad4a67bc",
            "image_72": "https:\/\/avatars.slack-edge.com\/2021-07-26\/2308025050517_a6bbad4a67bc3cebd1c6_72.png",
            "first_name": "",
            "real_name": "Jack Hollis-London",
            "display_name": "Jack Hollis-London",
            "team": "T028CNVFETF",
            "name": "s3585034",
            "is_restricted": false,
            "is_ultra_restricted": false
        },
        "blocks": [
            {
                "type": "rich_text",
                "block_id": "cZbyv",
                "elements": [
                    {
                        "type": "rich_text_section",
                        "elements": [
                            {
                                "type": "text",
                                "text": "nope"
                            }
                        ]
                    }
                ]
            }
        ],
        "thread_ts": "1634719082.053800",
        "parent_user_id": "U02812J04H5"
    },
    {
        "client_msg_id": "774d7240-f04b-4057-b456-fe28bdb6abf9",
        "type": "message",
        "text": "its for the healthcheck",
        "user": "U028Q9GDXN3",
        "ts": "1634719358.055700",
        "team": "T028CNVFETF",
        "user_team": "T028CNVFETF",
        "source_team": "T028CNVFETF",
        "user_profile": {
            "avatar_hash": "a6bbad4a67bc",
            "image_72": "https:\/\/avatars.slack-edge.com\/2021-07-26\/2308025050517_a6bbad4a67bc3cebd1c6_72.png",
            "first_name": "",
            "real_name": "Jack Hollis-London",
            "display_name": "Jack Hollis-London",
            "team": "T028CNVFETF",
            "name": "s3585034",
            "is_restricted": false,
            "is_ultra_restricted": false
        },
        "blocks": [
            {
                "type": "rich_text",
                "block_id": "ohuM",
                "elements": [
                    {
                        "type": "rich_text_section",
                        "elements": [
                            {
                                "type": "text",
                                "text": "its for the healthcheck"
                            }
                        ]
                    }
                ]
            }
        ],
        "thread_ts": "1634719082.053800",
        "parent_user_id": "U02812J04H5"
    },
    {
        "client_msg_id": "4efc6f7a-dd95-4ebf-a8a7-a0e1aa4ab2c7",
        "type": "message",
        "text": "well not exactly for the healthcheck but it's used by it",
        "user": "U028Q9GDXN3",
        "ts": "1634719374.055900",
        "team": "T028CNVFETF",
        "user_team": "T028CNVFETF",
        "source_team": "T028CNVFETF",
        "user_profile": {
            "avatar_hash": "a6bbad4a67bc",
            "image_72": "https:\/\/avatars.slack-edge.com\/2021-07-26\/2308025050517_a6bbad4a67bc3cebd1c6_72.png",
            "first_name": "",
            "real_name": "Jack Hollis-London",
            "display_name": "Jack Hollis-London",
            "team": "T028CNVFETF",
            "name": "s3585034",
            "is_restricted": false,
            "is_ultra_restricted": false
        },
        "blocks": [
            {
                "type": "rich_text",
                "block_id": "x359",
                "elements": [
                    {
                        "type": "rich_text_section",
                        "elements": [
                            {
                                "type": "text",
                                "text": "well not exactly for the healthcheck but it's used by it"
                            }
                        ]
                    }
                ]
            }
        ],
        "thread_ts": "1634719082.053800",
        "parent_user_id": "U02812J04H5"
    },
    {
        "client_msg_id": "64beb89f-9fa7-4e53-a897-b10e96ac8235",
        "type": "message",
        "text": "wait hold up it's using the outdated version of the version endpoint",
        "user": "U028Q9GDXN3",
        "ts": "1634719400.056100",
        "team": "T028CNVFETF",
        "user_team": "T028CNVFETF",
        "source_team": "T028CNVFETF",
        "user_profile": {
            "avatar_hash": "a6bbad4a67bc",
            "image_72": "https:\/\/avatars.slack-edge.com\/2021-07-26\/2308025050517_a6bbad4a67bc3cebd1c6_72.png",
            "first_name": "",
            "real_name": "Jack Hollis-London",
            "display_name": "Jack Hollis-London",
            "team": "T028CNVFETF",
            "name": "s3585034",
            "is_restricted": false,
            "is_ultra_restricted": false
        },
        "edited": {
            "user": "U028Q9GDXN3",
            "ts": "1634719438.000000"
        },
        "blocks": [
            {
                "type": "rich_text",
                "block_id": "HbDyy",
                "elements": [
                    {
                        "type": "rich_text_section",
                        "elements": [
                            {
                                "type": "text",
                                "text": "wait hold up it's using the outdated version of the version endpoint"
                            }
                        ]
                    }
                ]
            }
        ],
        "thread_ts": "1634719082.053800",
        "parent_user_id": "U02812J04H5"
    },
    {
        "client_msg_id": "eb5372ad-b87c-4027-b2cb-a9671ca728b4",
        "type": "message",
        "text": "1 sec",
        "user": "U028Q9GDXN3",
        "ts": "1634719419.056300",
        "team": "T028CNVFETF",
        "user_team": "T028CNVFETF",
        "source_team": "T028CNVFETF",
        "user_profile": {
            "avatar_hash": "a6bbad4a67bc",
            "image_72": "https:\/\/avatars.slack-edge.com\/2021-07-26\/2308025050517_a6bbad4a67bc3cebd1c6_72.png",
            "first_name": "",
            "real_name": "Jack Hollis-London",
            "display_name": "Jack Hollis-London",
            "team": "T028CNVFETF",
            "name": "s3585034",
            "is_restricted": false,
            "is_ultra_restricted": false
        },
        "blocks": [
            {
                "type": "rich_text",
                "block_id": "Pz0",
                "elements": [
                    {
                        "type": "rich_text_section",
                        "elements": [
                            {
                                "type": "text",
                                "text": "1 sec"
                            }
                        ]
                    }
                ]
            }
        ],
        "thread_ts": "1634719082.053800",
        "parent_user_id": "U02812J04H5"
    },
    {
        "client_msg_id": "c4e4d667-a925-49a6-864d-bfbb30a696ce",
        "type": "message",
        "text": "ok",
        "user": "U02812J04H5",
        "ts": "1634719442.056600",
        "team": "T028CNVFETF",
        "user_team": "T028CNVFETF",
        "source_team": "T028CNVFETF",
        "user_profile": {
            "avatar_hash": "g9ff92d51e82",
            "image_72": "https:\/\/secure.gravatar.com\/avatar\/9ff92d51e820b2c762e345cf0c31cdb3.jpg?s=72&d=https%3A%2F%2Fa.slack-edge.com%2Fdf10d%2Fimg%2Favatars%2Fava_0020-72.png",
            "first_name": "",
            "real_name": "Moritz Hauptmann",
            "display_name": "Moritz Hauptmann",
            "team": "T028CNVFETF",
            "name": "s3851298",
            "is_restricted": false,
            "is_ultra_restricted": false
        },
        "blocks": [
            {
                "type": "rich_text",
                "block_id": "cV1Zr",
                "elements": [
                    {
                        "type": "rich_text_section",
                        "elements": [
                            {
                                "type": "text",
                                "text": "ok"
                            }
                        ]
                    }
                ]
            }
        ],
        "thread_ts": "1634719082.053800",
        "parent_user_id": "U02812J04H5"
    },
    {
        "client_msg_id": "0f9027ed-383d-4cca-b4e2-627201fd0514",
        "type": "message",
        "text": "okay GitHub was hiding the rest of the file because it likes to do that so I couldn't see the new \"version\" endpoint is there\nthats all good then",
        "user": "U028Q9GDXN3",
        "ts": "1634719555.056800",
        "team": "T028CNVFETF",
        "user_team": "T028CNVFETF",
        "source_team": "T028CNVFETF",
        "user_profile": {
            "avatar_hash": "a6bbad4a67bc",
            "image_72": "https:\/\/avatars.slack-edge.com\/2021-07-26\/2308025050517_a6bbad4a67bc3cebd1c6_72.png",
            "first_name": "",
            "real_name": "Jack Hollis-London",
            "display_name": "Jack Hollis-London",
            "team": "T028CNVFETF",
            "name": "s3585034",
            "is_restricted": false,
            "is_ultra_restricted": false
        },
        "blocks": [
            {
                "type": "rich_text",
                "block_id": "SDOwd",
                "elements": [
                    {
                        "type": "rich_text_section",
                        "elements": [
                            {
                                "type": "text",
                                "text": "okay GitHub was hiding the rest of the file because it likes to do that so I couldn't see the new \"version\" endpoint is there\nthats all good then"
                            }
                        ]
                    }
                ]
            }
        ],
        "thread_ts": "1634719082.053800",
        "parent_user_id": "U02812J04H5"
    },
    {
        "client_msg_id": "f81c812e-82a0-422d-8fee-1b893f7d799e",
        "type": "message",
        "text": "okay i will merge once you approved it..",
        "user": "U02812J04H5",
        "ts": "1634719631.057000",
        "team": "T028CNVFETF",
        "user_team": "T028CNVFETF",
        "source_team": "T028CNVFETF",
        "user_profile": {
            "avatar_hash": "g9ff92d51e82",
            "image_72": "https:\/\/secure.gravatar.com\/avatar\/9ff92d51e820b2c762e345cf0c31cdb3.jpg?s=72&d=https%3A%2F%2Fa.slack-edge.com%2Fdf10d%2Fimg%2Favatars%2Fava_0020-72.png",
            "first_name": "",
            "real_name": "Moritz Hauptmann",
            "display_name": "Moritz Hauptmann",
            "team": "T028CNVFETF",
            "name": "s3851298",
            "is_restricted": false,
            "is_ultra_restricted": false
        },
        "blocks": [
            {
                "type": "rich_text",
                "block_id": "BK\/",
                "elements": [
                    {
                        "type": "rich_text_section",
                        "elements": [
                            {
                                "type": "text",
                                "text": "okay i will merge once you approved it.."
                            }
                        ]
                    }
                ]
            }
        ],
        "thread_ts": "1634719082.053800",
        "parent_user_id": "U02812J04H5"
    },
    {
        "client_msg_id": "9a16d1b8-bb94-407e-a8be-cbffde48a4b3",
        "type": "message",
        "text": "what is public Set&lt;String&gt; getAuthoritiesSet() for?",
        "user": "U028Q9GDXN3",
        "ts": "1634719674.057200",
        "team": "T028CNVFETF",
        "user_team": "T028CNVFETF",
        "source_team": "T028CNVFETF",
        "user_profile": {
            "avatar_hash": "a6bbad4a67bc",
            "image_72": "https:\/\/avatars.slack-edge.com\/2021-07-26\/2308025050517_a6bbad4a67bc3cebd1c6_72.png",
            "first_name": "",
            "real_name": "Jack Hollis-London",
            "display_name": "Jack Hollis-London",
            "team": "T028CNVFETF",
            "name": "s3585034",
            "is_restricted": false,
            "is_ultra_restricted": false
        },
        "blocks": [
            {
                "type": "rich_text",
                "block_id": "7i55",
                "elements": [
                    {
                        "type": "rich_text_section",
                        "elements": [
                            {
                                "type": "text",
                                "text": "what is public Set<String> getAuthoritiesSet() for?"
                            }
                        ]
                    }
                ]
            }
        ],
        "thread_ts": "1634719082.053800",
        "parent_user_id": "U02812J04H5"
    },
    {
        "client_msg_id": "d7e04d93-e156-4769-8dc1-2151052bdcfe",
        "type": "message",
        "text": "and setAuthoritiesByCollection",
        "user": "U028Q9GDXN3",
        "ts": "1634719747.057400",
        "team": "T028CNVFETF",
        "user_team": "T028CNVFETF",
        "source_team": "T028CNVFETF",
        "user_profile": {
            "avatar_hash": "a6bbad4a67bc",
            "image_72": "https:\/\/avatars.slack-edge.com\/2021-07-26\/2308025050517_a6bbad4a67bc3cebd1c6_72.png",
            "first_name": "",
            "real_name": "Jack Hollis-London",
            "display_name": "Jack Hollis-London",
            "team": "T028CNVFETF",
            "name": "s3585034",
            "is_restricted": false,
            "is_ultra_restricted": false
        },
        "blocks": [
            {
                "type": "rich_text",
                "block_id": "sF==",
                "elements": [
                    {
                        "type": "rich_text_section",
                        "elements": [
                            {
                                "type": "text",
                                "text": "and setAuthoritiesByCollection"
                            }
                        ]
                    }
                ]
            }
        ],
        "thread_ts": "1634719082.053800",
        "parent_user_id": "U02812J04H5"
    },
    {
        "client_msg_id": "c86db80e-d429-41dc-ab05-dcb83d301cba",
        "type": "message",
        "text": "its because the authorities set function requires a set... and the other get is giving a collection",
        "user": "U02812J04H5",
        "ts": "1634719753.057600",
        "team": "T028CNVFETF",
        "user_team": "T028CNVFETF",
        "source_team": "T028CNVFETF",
        "user_profile": {
            "avatar_hash": "g9ff92d51e82",
            "image_72": "https:\/\/secure.gravatar.com\/avatar\/9ff92d51e820b2c762e345cf0c31cdb3.jpg?s=72&d=https%3A%2F%2Fa.slack-edge.com%2Fdf10d%2Fimg%2Favatars%2Fava_0020-72.png",
            "first_name": "",
            "real_name": "Moritz Hauptmann",
            "display_name": "Moritz Hauptmann",
            "team": "T028CNVFETF",
            "name": "s3851298",
            "is_restricted": false,
            "is_ultra_restricted": false
        },
        "blocks": [
            {
                "type": "rich_text",
                "block_id": "H2YF",
                "elements": [
                    {
                        "type": "rich_text_section",
                        "elements": [
                            {
                                "type": "text",
                                "text": "its because the authorities set function requires a set... and the other get is giving a collection"
                            }
                        ]
                    }
                ]
            }
        ],
        "thread_ts": "1634719082.053800",
        "parent_user_id": "U02812J04H5"
    },
    {
        "client_msg_id": "4e8c55a9-f529-4526-9ccc-f57101ffb51c",
        "type": "message",
        "text": "apparently it's not being used anywhere",
        "user": "U028Q9GDXN3",
        "ts": "1634719778.057800",
        "team": "T028CNVFETF",
        "user_team": "T028CNVFETF",
        "source_team": "T028CNVFETF",
        "user_profile": {
            "avatar_hash": "a6bbad4a67bc",
            "image_72": "https:\/\/avatars.slack-edge.com\/2021-07-26\/2308025050517_a6bbad4a67bc3cebd1c6_72.png",
            "first_name": "",
            "real_name": "Jack Hollis-London",
            "display_name": "Jack Hollis-London",
            "team": "T028CNVFETF",
            "name": "s3585034",
            "is_restricted": false,
            "is_ultra_restricted": false
        },
        "blocks": [
            {
                "type": "rich_text",
                "block_id": "Qz\/i",
                "elements": [
                    {
                        "type": "rich_text_section",
                        "elements": [
                            {
                                "type": "text",
                                "text": "apparently it's not being used anywhere"
                            }
                        ]
                    }
                ]
            }
        ],
        "thread_ts": "1634719082.053800",
        "parent_user_id": "U02812J04H5"
    },
    {
        "client_msg_id": "3ffecbe6-635b-4d05-a179-daa6bb544bec",
        "type": "message",
        "text": "let me check i used it before, but might have not needed it anymore..",
        "user": "U02812J04H5",
        "ts": "1634719823.058000",
        "team": "T028CNVFETF",
        "user_team": "T028CNVFETF",
        "source_team": "T028CNVFETF",
        "user_profile": {
            "avatar_hash": "g9ff92d51e82",
            "image_72": "https:\/\/secure.gravatar.com\/avatar\/9ff92d51e820b2c762e345cf0c31cdb3.jpg?s=72&d=https%3A%2F%2Fa.slack-edge.com%2Fdf10d%2Fimg%2Favatars%2Fava_0020-72.png",
            "first_name": "",
            "real_name": "Moritz Hauptmann",
            "display_name": "Moritz Hauptmann",
            "team": "T028CNVFETF",
            "name": "s3851298",
            "is_restricted": false,
            "is_ultra_restricted": false
        },
        "blocks": [
            {
                "type": "rich_text",
                "block_id": "hKTQt",
                "elements": [
                    {
                        "type": "rich_text_section",
                        "elements": [
                            {
                                "type": "text",
                                "text": "let me check i used it before, but might have not needed it anymore.."
                            }
                        ]
                    }
                ]
            }
        ],
        "thread_ts": "1634719082.053800",
        "parent_user_id": "U02812J04H5"
    },
    {
        "client_msg_id": "c11e38b9-7505-4f72-a6c2-5d29a69845fe",
        "type": "message",
        "text": "they turned the file search on github.dev into a microservice so it's indexing might be off idk",
        "user": "U028Q9GDXN3",
        "ts": "1634719870.058200",
        "team": "T028CNVFETF",
        "user_team": "T028CNVFETF",
        "source_team": "T028CNVFETF",
        "user_profile": {
            "avatar_hash": "a6bbad4a67bc",
            "image_72": "https:\/\/avatars.slack-edge.com\/2021-07-26\/2308025050517_a6bbad4a67bc3cebd1c6_72.png",
            "first_name": "",
            "real_name": "Jack Hollis-London",
            "display_name": "Jack Hollis-London",
            "team": "T028CNVFETF",
            "name": "s3585034",
            "is_restricted": false,
            "is_ultra_restricted": false
        },
        "blocks": [
            {
                "type": "rich_text",
                "block_id": "wvwsq",
                "elements": [
                    {
                        "type": "rich_text_section",
                        "elements": [
                            {
                                "type": "text",
                                "text": "they turned the file search on github.dev into a microservice so it's indexing might be off idk"
                            }
                        ]
                    }
                ]
            }
        ],
        "thread_ts": "1634719082.053800",
        "parent_user_id": "U02812J04H5"
    },
    {
        "client_msg_id": "0f060eca-8fa8-4fcc-8a30-07cc463128b6",
        "type": "message",
        "text": "```getAuthoritiesSet```\nis used twice..",
        "user": "U02812J04H5",
        "ts": "1634720068.058400",
        "team": "T028CNVFETF",
        "user_team": "T028CNVFETF",
        "source_team": "T028CNVFETF",
        "user_profile": {
            "avatar_hash": "g9ff92d51e82",
            "image_72": "https:\/\/secure.gravatar.com\/avatar\/9ff92d51e820b2c762e345cf0c31cdb3.jpg?s=72&d=https%3A%2F%2Fa.slack-edge.com%2Fdf10d%2Fimg%2Favatars%2Fava_0020-72.png",
            "first_name": "",
            "real_name": "Moritz Hauptmann",
            "display_name": "Moritz Hauptmann",
            "team": "T028CNVFETF",
            "name": "s3851298",
            "is_restricted": false,
            "is_ultra_restricted": false
        },
        "blocks": [
            {
                "type": "rich_text",
                "block_id": "df1w",
                "elements": [
                    {
                        "type": "rich_text_preformatted",
                        "elements": [
                            {
                                "type": "text",
                                "text": "getAuthoritiesSet"
                            }
                        ]
                    },
                    {
                        "type": "rich_text_section",
                        "elements": [
                            {
                                "type": "text",
                                "text": "is used twice.."
                            }
                        ]
                    }
                ]
            }
        ],
        "thread_ts": "1634719082.053800",
        "parent_user_id": "U02812J04H5"
    },
    {
        "client_msg_id": "7b40fecd-3bcb-4cea-98cb-65486e2c0a75",
        "type": "message",
        "text": "for example userservice",
        "user": "U02812J04H5",
        "ts": "1634720079.058600",
        "team": "T028CNVFETF",
        "user_team": "T028CNVFETF",
        "source_team": "T028CNVFETF",
        "user_profile": {
            "avatar_hash": "g9ff92d51e82",
            "image_72": "https:\/\/secure.gravatar.com\/avatar\/9ff92d51e820b2c762e345cf0c31cdb3.jpg?s=72&d=https%3A%2F%2Fa.slack-edge.com%2Fdf10d%2Fimg%2Favatars%2Fava_0020-72.png",
            "first_name": "",
            "real_name": "Moritz Hauptmann",
            "display_name": "Moritz Hauptmann",
            "team": "T028CNVFETF",
            "name": "s3851298",
            "is_restricted": false,
            "is_ultra_restricted": false
        },
        "blocks": [
            {
                "type": "rich_text",
                "block_id": "427",
                "elements": [
                    {
                        "type": "rich_text_section",
                        "elements": [
                            {
                                "type": "text",
                                "text": "for example userservice"
                            }
                        ]
                    }
                ]
            }
        ],
        "thread_ts": "1634719082.053800",
        "parent_user_id": "U02812J04H5"
    },
    {
        "client_msg_id": "ddf039ab-0924-45bf-973d-074434b70b37",
        "type": "message",
        "text": "updateUser()",
        "user": "U02812J04H5",
        "ts": "1634720095.058800",
        "team": "T028CNVFETF",
        "user_team": "T028CNVFETF",
        "source_team": "T028CNVFETF",
        "user_profile": {
            "avatar_hash": "g9ff92d51e82",
            "image_72": "https:\/\/secure.gravatar.com\/avatar\/9ff92d51e820b2c762e345cf0c31cdb3.jpg?s=72&d=https%3A%2F%2Fa.slack-edge.com%2Fdf10d%2Fimg%2Favatars%2Fava_0020-72.png",
            "first_name": "",
            "real_name": "Moritz Hauptmann",
            "display_name": "Moritz Hauptmann",
            "team": "T028CNVFETF",
            "name": "s3851298",
            "is_restricted": false,
            "is_ultra_restricted": false
        },
        "blocks": [
            {
                "type": "rich_text",
                "block_id": "jqAF",
                "elements": [
                    {
                        "type": "rich_text_section",
                        "elements": [
                            {
                                "type": "text",
                                "text": "updateUser()"
                            }
                        ]
                    }
                ]
            }
        ],
        "thread_ts": "1634719082.053800",
        "parent_user_id": "U02812J04H5"
    },
    {
        "client_msg_id": "7365b6fe-77da-413a-ba9c-acd5f17a8de2",
        "type": "message",
        "text": "awesome, cant trust this github.dev search which is unfortunate",
        "user": "U028Q9GDXN3",
        "ts": "1634720167.059000",
        "team": "T028CNVFETF",
        "user_team": "T028CNVFETF",
        "source_team": "T028CNVFETF",
        "user_profile": {
            "avatar_hash": "a6bbad4a67bc",
            "image_72": "https:\/\/avatars.slack-edge.com\/2021-07-26\/2308025050517_a6bbad4a67bc3cebd1c6_72.png",
            "first_name": "",
            "real_name": "Jack Hollis-London",
            "display_name": "Jack Hollis-London",
            "team": "T028CNVFETF",
            "name": "s3585034",
            "is_restricted": false,
            "is_ultra_restricted": false
        },
        "blocks": [
            {
                "type": "rich_text",
                "block_id": "11zyK",
                "elements": [
                    {
                        "type": "rich_text_section",
                        "elements": [
                            {
                                "type": "text",
                                "text": "awesome, cant trust this github.dev search which is unfortunate"
                            }
                        ]
                    }
                ]
            }
        ],
        "thread_ts": "1634719082.053800",
        "parent_user_id": "U02812J04H5"
    },
    {
        "client_msg_id": "7e6c6ddc-925d-472a-8606-b677c90f9f0e",
        "type": "message",
        "text": "setAuthoriesByCollection is not been used..",
        "user": "U02812J04H5",
        "ts": "1634720183.059200",
        "team": "T028CNVFETF",
        "user_team": "T028CNVFETF",
        "source_team": "T028CNVFETF",
        "user_profile": {
            "avatar_hash": "g9ff92d51e82",
            "image_72": "https:\/\/secure.gravatar.com\/avatar\/9ff92d51e820b2c762e345cf0c31cdb3.jpg?s=72&d=https%3A%2F%2Fa.slack-edge.com%2Fdf10d%2Fimg%2Favatars%2Fava_0020-72.png",
            "first_name": "",
            "real_name": "Moritz Hauptmann",
            "display_name": "Moritz Hauptmann",
            "team": "T028CNVFETF",
            "name": "s3851298",
            "is_restricted": false,
            "is_ultra_restricted": false
        },
        "blocks": [
            {
                "type": "rich_text",
                "block_id": "fwpB",
                "elements": [
                    {
                        "type": "rich_text_section",
                        "elements": [
                            {
                                "type": "text",
                                "text": "setAuthoriesByCollection is not been used.."
                            }
                        ]
                    }
                ]
            }
        ],
        "thread_ts": "1634719082.053800",
        "parent_user_id": "U02812J04H5"
    },
    {
        "client_msg_id": "74ac1367-3d3a-4876-ad82-0a0e4d968769",
        "type": "message",
        "text": "i think",
        "user": "U02812J04H5",
        "ts": "1634720193.059400",
        "team": "T028CNVFETF",
        "user_team": "T028CNVFETF",
        "source_team": "T028CNVFETF",
        "user_profile": {
            "avatar_hash": "g9ff92d51e82",
            "image_72": "https:\/\/secure.gravatar.com\/avatar\/9ff92d51e820b2c762e345cf0c31cdb3.jpg?s=72&d=https%3A%2F%2Fa.slack-edge.com%2Fdf10d%2Fimg%2Favatars%2Fava_0020-72.png",
            "first_name": "",
            "real_name": "Moritz Hauptmann",
            "display_name": "Moritz Hauptmann",
            "team": "T028CNVFETF",
            "name": "s3851298",
            "is_restricted": false,
            "is_ultra_restricted": false
        },
        "blocks": [
            {
                "type": "rich_text",
                "block_id": "MoxV",
                "elements": [
                    {
                        "type": "rich_text_section",
                        "elements": [
                            {
                                "type": "text",
                                "text": "i think"
                            }
                        ]
                    }
                ]
            }
        ],
        "thread_ts": "1634719082.053800",
        "parent_user_id": "U02812J04H5"
    },
    {
        "client_msg_id": "21809d5e-09e8-46ab-8e2f-299beda0cb0d",
        "type": "message",
        "text": "its an api now",
        "user": "U028Q9GDXN3",
        "ts": "1634720270.059600",
        "team": "T028CNVFETF",
        "user_team": "T028CNVFETF",
        "source_team": "T028CNVFETF",
        "user_profile": {
            "avatar_hash": "a6bbad4a67bc",
            "image_72": "https:\/\/avatars.slack-edge.com\/2021-07-26\/2308025050517_a6bbad4a67bc3cebd1c6_72.png",
            "first_name": "",
            "real_name": "Jack Hollis-London",
            "display_name": "Jack Hollis-London",
            "team": "T028CNVFETF",
            "name": "s3585034",
            "is_restricted": false,
            "is_ultra_restricted": false
        },
        "blocks": [
            {
                "type": "rich_text",
                "block_id": "tw6ju",
                "elements": [
                    {
                        "type": "rich_text_section",
                        "elements": [
                            {
                                "type": "text",
                                "text": "its an api now"
                            }
                        ]
                    }
                ]
            }
        ],
        "thread_ts": "1634719082.053800",
        "parent_user_id": "U02812J04H5"
    },
    {
        "client_msg_id": "8f2870db-9c91-4542-aea0-185fbf603feb",
        "type": "message",
        "text": "although if we would have gone further with the project we should use setAuthoriesByCollection()",
        "user": "U02812J04H5",
        "ts": "1634720344.059800",
        "team": "T028CNVFETF",
        "user_team": "T028CNVFETF",
        "source_team": "T028CNVFETF",
        "user_profile": {
            "avatar_hash": "g9ff92d51e82",
            "image_72": "https:\/\/secure.gravatar.com\/avatar\/9ff92d51e820b2c762e345cf0c31cdb3.jpg?s=72&d=https%3A%2F%2Fa.slack-edge.com%2Fdf10d%2Fimg%2Favatars%2Fava_0020-72.png",
            "first_name": "",
            "real_name": "Moritz Hauptmann",
            "display_name": "Moritz Hauptmann",
            "team": "T028CNVFETF",
            "name": "s3851298",
            "is_restricted": false,
            "is_ultra_restricted": false
        },
        "blocks": [
            {
                "type": "rich_text",
                "block_id": "w4Cb",
                "elements": [
                    {
                        "type": "rich_text_section",
                        "elements": [
                            {
                                "type": "text",
                                "text": "although if we would have gone further with the project we should use setAuthoriesByCollection()"
                            }
                        ]
                    }
                ]
            }
        ],
        "thread_ts": "1634719082.053800",
        "parent_user_id": "U02812J04H5"
    },
    {
        "client_msg_id": "05abbd80-3f91-4619-a258-19d6d5063ab1",
        "type": "message",
        "text": "Im sure there would be a usecase",
        "user": "U028Q9GDXN3",
        "ts": "1634720404.060000",
        "team": "T028CNVFETF",
        "user_team": "T028CNVFETF",
        "source_team": "T028CNVFETF",
        "user_profile": {
            "avatar_hash": "a6bbad4a67bc",
            "image_72": "https:\/\/avatars.slack-edge.com\/2021-07-26\/2308025050517_a6bbad4a67bc3cebd1c6_72.png",
            "first_name": "",
            "real_name": "Jack Hollis-London",
            "display_name": "Jack Hollis-London",
            "team": "T028CNVFETF",
            "name": "s3585034",
            "is_restricted": false,
            "is_ultra_restricted": false
        },
        "blocks": [
            {
                "type": "rich_text",
                "block_id": "WOu6",
                "elements": [
                    {
                        "type": "rich_text_section",
                        "elements": [
                            {
                                "type": "text",
                                "text": "Im sure there would be a usecase"
                            }
                        ]
                    }
                ]
            }
        ],
        "thread_ts": "1634719082.053800",
        "parent_user_id": "U02812J04H5"
    },
    {
        "client_msg_id": "fa6762b3-bcb3-44a0-a19e-1ba6ba994156",
        "type": "message",
        "text": "_i mean if you want to update the user with an collection, which is how you get the user from the api then you would need it.._",
        "user": "U02812J04H5",
        "ts": "1634720517.060200",
        "team": "T028CNVFETF",
        "user_team": "T028CNVFETF",
        "source_team": "T028CNVFETF",
        "user_profile": {
            "avatar_hash": "g9ff92d51e82",
            "image_72": "https:\/\/secure.gravatar.com\/avatar\/9ff92d51e820b2c762e345cf0c31cdb3.jpg?s=72&d=https%3A%2F%2Fa.slack-edge.com%2Fdf10d%2Fimg%2Favatars%2Fava_0020-72.png",
            "first_name": "",
            "real_name": "Moritz Hauptmann",
            "display_name": "Moritz Hauptmann",
            "team": "T028CNVFETF",
            "name": "s3851298",
            "is_restricted": false,
            "is_ultra_restricted": false
        },
        "blocks": [
            {
                "type": "rich_text",
                "block_id": "uYU1q",
                "elements": [
                    {
                        "type": "rich_text_section",
                        "elements": [
                            {
                                "type": "text",
                                "text": "i mean if you want to update the user with an collection, which is how you get the user from the api then you would need it..",
                                "style": {
                                    "italic": true
                                }
                            }
                        ]
                    }
                ]
            }
        ],
        "thread_ts": "1634719082.053800",
        "parent_user_id": "U02812J04H5"
    },
    {
        "client_msg_id": "2bef8adb-ec1f-4e82-9d15-99cd8ac0b6a1",
        "type": "message",
        "text": "if you dont want to use setAuthorities",
        "user": "U028Q9GDXN3",
        "ts": "1634720567.060400",
        "team": "T028CNVFETF",
        "user_team": "T028CNVFETF",
        "source_team": "T028CNVFETF",
        "user_profile": {
            "avatar_hash": "a6bbad4a67bc",
            "image_72": "https:\/\/avatars.slack-edge.com\/2021-07-26\/2308025050517_a6bbad4a67bc3cebd1c6_72.png",
            "first_name": "",
            "real_name": "Jack Hollis-London",
            "display_name": "Jack Hollis-London",
            "team": "T028CNVFETF",
            "name": "s3585034",
            "is_restricted": false,
            "is_ultra_restricted": false
        },
        "blocks": [
            {
                "type": "rich_text",
                "block_id": "SnOt",
                "elements": [
                    {
                        "type": "rich_text_section",
                        "elements": [
                            {
                                "type": "text",
                                "text": "if you dont want to use setAuthorities"
                            }
                        ]
                    }
                ]
            }
        ],
        "thread_ts": "1634719082.053800",
        "parent_user_id": "U02812J04H5"
    },
    {
        "client_msg_id": "8083e61e-2154-418e-bc51-65fe15d1bb37",
        "type": "message",
        "text": "i guess its just that i think theoretical it would be better to go with the collection, because that is given by the interface, but we started using a set..",
        "user": "U02812J04H5",
        "ts": "1634720748.060600",
        "team": "T028CNVFETF",
        "user_team": "T028CNVFETF",
        "source_team": "T028CNVFETF",
        "user_profile": {
            "avatar_hash": "g9ff92d51e82",
            "image_72": "https:\/\/secure.gravatar.com\/avatar\/9ff92d51e820b2c762e345cf0c31cdb3.jpg?s=72&d=https%3A%2F%2Fa.slack-edge.com%2Fdf10d%2Fimg%2Favatars%2Fava_0020-72.png",
            "first_name": "",
            "real_name": "Moritz Hauptmann",
            "display_name": "Moritz Hauptmann",
            "team": "T028CNVFETF",
            "name": "s3851298",
            "is_restricted": false,
            "is_ultra_restricted": false
        },
        "blocks": [
            {
                "type": "rich_text",
                "block_id": "s+Jt5",
                "elements": [
                    {
                        "type": "rich_text_section",
                        "elements": [
                            {
                                "type": "text",
                                "text": "i guess its just that i think theoretical it would be better to go with the collection, because that is given by the interface, but we started using a set.."
                            }
                        ]
                    }
                ]
            }
        ],
        "thread_ts": "1634719082.053800",
        "parent_user_id": "U02812J04H5"
    },
    {
        "client_msg_id": "dd3cceb7-12b7-46eb-8427-46c6f5084378",
        "type": "message",
        "text": "using a set prevents repeats of the same string in the authorities",
        "user": "U028Q9GDXN3",
        "ts": "1634720787.060800",
        "team": "T028CNVFETF",
        "user_team": "T028CNVFETF",
        "source_team": "T028CNVFETF",
        "user_profile": {
            "avatar_hash": "a6bbad4a67bc",
            "image_72": "https:\/\/avatars.slack-edge.com\/2021-07-26\/2308025050517_a6bbad4a67bc3cebd1c6_72.png",
            "first_name": "",
            "real_name": "Jack Hollis-London",
            "display_name": "Jack Hollis-London",
            "team": "T028CNVFETF",
            "name": "s3585034",
            "is_restricted": false,
            "is_ultra_restricted": false
        },
        "blocks": [
            {
                "type": "rich_text",
                "block_id": "=jonL",
                "elements": [
                    {
                        "type": "rich_text_section",
                        "elements": [
                            {
                                "type": "text",
                                "text": "using a set prevents repeats of the same string in the authorities"
                            }
                        ]
                    }
                ]
            }
        ],
        "thread_ts": "1634719082.053800",
        "parent_user_id": "U02812J04H5"
    },
    {
        "client_msg_id": "0ee1948f-cfa0-4697-843a-f756ec6a625a",
        "type": "message",
        "text": "true..",
        "user": "U02812J04H5",
        "ts": "1634720830.061000",
        "team": "T028CNVFETF",
        "user_team": "T028CNVFETF",
        "source_team": "T028CNVFETF",
        "user_profile": {
            "avatar_hash": "g9ff92d51e82",
            "image_72": "https:\/\/secure.gravatar.com\/avatar\/9ff92d51e820b2c762e345cf0c31cdb3.jpg?s=72&d=https%3A%2F%2Fa.slack-edge.com%2Fdf10d%2Fimg%2Favatars%2Fava_0020-72.png",
            "first_name": "",
            "real_name": "Moritz Hauptmann",
            "display_name": "Moritz Hauptmann",
            "team": "T028CNVFETF",
            "name": "s3851298",
            "is_restricted": false,
            "is_ultra_restricted": false
        },
        "blocks": [
            {
                "type": "rich_text",
                "block_id": "zI0",
                "elements": [
                    {
                        "type": "rich_text_section",
                        "elements": [
                            {
                                "type": "text",
                                "text": "true.."
                            }
                        ]
                    }
                ]
            }
        ],
        "thread_ts": "1634719082.053800",
        "parent_user_id": "U02812J04H5"
    },
    {
        "client_msg_id": "eca13b59-b4cf-4e33-9b6d-18582a31d256",
        "type": "message",
        "text": "it would need validation in the setter i guess",
        "user": "U02812J04H5",
        "ts": "1634720848.061200",
        "team": "T028CNVFETF",
        "user_team": "T028CNVFETF",
        "source_team": "T028CNVFETF",
        "user_profile": {
            "avatar_hash": "g9ff92d51e82",
            "image_72": "https:\/\/secure.gravatar.com\/avatar\/9ff92d51e820b2c762e345cf0c31cdb3.jpg?s=72&d=https%3A%2F%2Fa.slack-edge.com%2Fdf10d%2Fimg%2Favatars%2Fava_0020-72.png",
            "first_name": "",
            "real_name": "Moritz Hauptmann",
            "display_name": "Moritz Hauptmann",
            "team": "T028CNVFETF",
            "name": "s3851298",
            "is_restricted": false,
            "is_ultra_restricted": false
        },
        "blocks": [
            {
                "type": "rich_text",
                "block_id": "HmQ7",
                "elements": [
                    {
                        "type": "rich_text_section",
                        "elements": [
                            {
                                "type": "text",
                                "text": "it would need validation in the setter i guess"
                            }
                        ]
                    }
                ]
            }
        ],
        "thread_ts": "1634719082.053800",
        "parent_user_id": "U02812J04H5"
    },
    {
        "client_msg_id": "e180c86d-9801-42cc-8c5d-a92755155a2c",
        "type": "message",
        "text": "do you want me to remove the set collection?",
        "user": "U02812J04H5",
        "ts": "1634720884.061400",
        "team": "T028CNVFETF",
        "user_team": "T028CNVFETF",
        "source_team": "T028CNVFETF",
        "user_profile": {
            "avatar_hash": "g9ff92d51e82",
            "image_72": "https:\/\/secure.gravatar.com\/avatar\/9ff92d51e820b2c762e345cf0c31cdb3.jpg?s=72&d=https%3A%2F%2Fa.slack-edge.com%2Fdf10d%2Fimg%2Favatars%2Fava_0020-72.png",
            "first_name": "",
            "real_name": "Moritz Hauptmann",
            "display_name": "Moritz Hauptmann",
            "team": "T028CNVFETF",
            "name": "s3851298",
            "is_restricted": false,
            "is_ultra_restricted": false
        },
        "blocks": [
            {
                "type": "rich_text",
                "block_id": "l9xpG",
                "elements": [
                    {
                        "type": "rich_text_section",
                        "elements": [
                            {
                                "type": "text",
                                "text": "do you want me to remove the set collection?"
                            }
                        ]
                    }
                ]
            }
        ],
        "thread_ts": "1634719082.053800",
        "parent_user_id": "U02812J04H5"
    },
    {
        "client_msg_id": "9acd0147-7772-404f-8d75-f4ae6003e596",
        "type": "message",
        "text": "it doesn't matter",
        "user": "U028Q9GDXN3",
        "ts": "1634720896.061600",
        "team": "T028CNVFETF",
        "user_team": "T028CNVFETF",
        "source_team": "T028CNVFETF",
        "user_profile": {
            "avatar_hash": "a6bbad4a67bc",
            "image_72": "https:\/\/avatars.slack-edge.com\/2021-07-26\/2308025050517_a6bbad4a67bc3cebd1c6_72.png",
            "first_name": "",
            "real_name": "Jack Hollis-London",
            "display_name": "Jack Hollis-London",
            "team": "T028CNVFETF",
            "name": "s3585034",
            "is_restricted": false,
            "is_ultra_restricted": false
        },
        "blocks": [
            {
                "type": "rich_text",
                "block_id": "RuCnM",
                "elements": [
                    {
                        "type": "rich_text_section",
                        "elements": [
                            {
                                "type": "text",
                                "text": "it doesn't matter"
                            }
                        ]
                    }
                ]
            }
        ],
        "thread_ts": "1634719082.053800",
        "parent_user_id": "U02812J04H5"
    },
    {
        "client_msg_id": "b33956fa-32a9-447f-b469-5c45b569e7ed",
        "type": "message",
        "text": "right now",
        "user": "U028Q9GDXN3",
        "ts": "1634720903.061800",
        "team": "T028CNVFETF",
        "user_team": "T028CNVFETF",
        "source_team": "T028CNVFETF",
        "user_profile": {
            "avatar_hash": "a6bbad4a67bc",
            "image_72": "https:\/\/avatars.slack-edge.com\/2021-07-26\/2308025050517_a6bbad4a67bc3cebd1c6_72.png",
            "first_name": "",
            "real_name": "Jack Hollis-London",
            "display_name": "Jack Hollis-London",
            "team": "T028CNVFETF",
            "name": "s3585034",
            "is_restricted": false,
            "is_ultra_restricted": false
        },
        "blocks": [
            {
                "type": "rich_text",
                "block_id": "90Jwg",
                "elements": [
                    {
                        "type": "rich_text_section",
                        "elements": [
                            {
                                "type": "text",
                                "text": "right now"
                            }
                        ]
                    }
                ]
            }
        ],
        "thread_ts": "1634719082.053800",
        "parent_user_id": "U02812J04H5"
    },
    {
        "client_msg_id": "ff87b3d5-a6fb-4afd-8ef8-f28b360dffc7",
        "type": "message",
        "text": "I've requested changes",
        "user": "U028Q9GDXN3",
        "ts": "1634766642.062100",
        "team": "T028CNVFETF",
        "user_team": "T028CNVFETF",
        "source_team": "T028CNVFETF",
        "user_profile": {
            "avatar_hash": "a6bbad4a67bc",
            "image_72": "https:\/\/avatars.slack-edge.com\/2021-07-26\/2308025050517_a6bbad4a67bc3cebd1c6_72.png",
            "first_name": "",
            "real_name": "Jack Hollis-London",
            "display_name": "Jack Hollis-London",
            "team": "T028CNVFETF",
            "name": "s3585034",
            "is_restricted": false,
            "is_ultra_restricted": false
        },
        "blocks": [
            {
                "type": "rich_text",
                "block_id": "PJCa",
                "elements": [
                    {
                        "type": "rich_text_section",
                        "elements": [
                            {
                                "type": "text",
                                "text": "I've requested changes"
                            }
                        ]
                    }
                ]
            }
        ],
        "thread_ts": "1634718600.052900",
        "parent_user_id": "U02812J04H5"
    },
    {
        "client_msg_id": "588ca474-4644-4e93-bb45-97b3baef5594",
        "type": "message",
        "text": "oh I was going to add my list of refactoring ideas I had but I guess you already found it :smile:",
        "user": "U028Q9GDXN3",
        "ts": "1634766759.062300",
        "team": "T028CNVFETF",
        "user_team": "T028CNVFETF",
        "source_team": "T028CNVFETF",
        "user_profile": {
            "avatar_hash": "a6bbad4a67bc",
            "image_72": "https:\/\/avatars.slack-edge.com\/2021-07-26\/2308025050517_a6bbad4a67bc3cebd1c6_72.png",
            "first_name": "",
            "real_name": "Jack Hollis-London",
            "display_name": "Jack Hollis-London",
            "team": "T028CNVFETF",
            "name": "s3585034",
            "is_restricted": false,
            "is_ultra_restricted": false
        },
        "blocks": [
            {
                "type": "rich_text",
                "block_id": "T4=H\/",
                "elements": [
                    {
                        "type": "rich_text_section",
                        "elements": [
                            {
                                "type": "text",
                                "text": "oh I was going to add my list of refactoring ideas I had but I guess you already found it "
                            },
                            {
                                "type": "emoji",
                                "name": "smile"
                            }
                        ]
                    }
                ]
            }
        ],
        "thread_ts": "1634620209.042800",
        "parent_user_id": "U02812J04H5"
    },
    {
        "client_msg_id": "e606f67f-414e-4bf1-bde1-32181a71f326",
        "type": "message",
        "text": "I'll do Refactor Book forms to look better, refactor the add book form to be better.(Jack)",
        "user": "U028Q9GDXN3",
        "ts": "1634766821.062500",
        "team": "T028CNVFETF",
        "user_team": "T028CNVFETF",
        "source_team": "T028CNVFETF",
        "user_profile": {
            "avatar_hash": "a6bbad4a67bc",
            "image_72": "https:\/\/avatars.slack-edge.com\/2021-07-26\/2308025050517_a6bbad4a67bc3cebd1c6_72.png",
            "first_name": "",
            "real_name": "Jack Hollis-London",
            "display_name": "Jack Hollis-London",
            "team": "T028CNVFETF",
            "name": "s3585034",
            "is_restricted": false,
            "is_ultra_restricted": false
        },
        "blocks": [
            {
                "type": "rich_text",
                "block_id": "zdA+",
                "elements": [
                    {
                        "type": "rich_text_section",
                        "elements": [
                            {
                                "type": "text",
                                "text": "I'll do Refactor Book forms to look better, refactor the add book form to be better.(Jack)"
                            }
                        ]
                    }
                ]
            }
        ],
        "thread_ts": "1634620209.042800",
        "parent_user_id": "U02812J04H5"
    },
    {
        "client_msg_id": "3bafe1bb-20d4-433f-882a-c5571f4bff0b",
        "type": "message",
        "text": "should these be JIRA tasks?",
        "user": "U028Q9GDXN3",
        "ts": "1634766842.062700",
        "team": "T028CNVFETF",
        "user_team": "T028CNVFETF",
        "source_team": "T028CNVFETF",
        "user_profile": {
            "avatar_hash": "a6bbad4a67bc",
            "image_72": "https:\/\/avatars.slack-edge.com\/2021-07-26\/2308025050517_a6bbad4a67bc3cebd1c6_72.png",
            "first_name": "",
            "real_name": "Jack Hollis-London",
            "display_name": "Jack Hollis-London",
            "team": "T028CNVFETF",
            "name": "s3585034",
            "is_restricted": false,
            "is_ultra_restricted": false
        },
        "blocks": [
            {
                "type": "rich_text",
                "block_id": "3jWAH",
                "elements": [
                    {
                        "type": "rich_text_section",
                        "elements": [
                            {
                                "type": "text",
                                "text": "should these be JIRA tasks?"
                            }
                        ]
                    }
                ]
            }
        ],
        "thread_ts": "1634620209.042800",
        "parent_user_id": "U02812J04H5"
    },
    {
        "client_msg_id": "5121ebc0-f81a-408d-9535-69039b85f9a2",
        "type": "message",
        "text": "<@U028Q9GDXN3> can you please review my comments on the pull request and explain further what you want me to change?",
        "user": "U02812J04H5",
        "ts": "1634790093.000100",
        "team": "T028CNVFETF",
        "user_team": "T028CNVFETF",
        "source_team": "T028CNVFETF",
        "user_profile": {
            "avatar_hash": "g9ff92d51e82",
            "image_72": "https:\/\/secure.gravatar.com\/avatar\/9ff92d51e820b2c762e345cf0c31cdb3.jpg?s=72&d=https%3A%2F%2Fa.slack-edge.com%2Fdf10d%2Fimg%2Favatars%2Fava_0020-72.png",
            "first_name": "",
            "real_name": "Moritz Hauptmann",
            "display_name": "Moritz Hauptmann",
            "team": "T028CNVFETF",
            "name": "s3851298",
            "is_restricted": false,
            "is_ultra_restricted": false
        },
        "blocks": [
            {
                "type": "rich_text",
                "block_id": "Ugg",
                "elements": [
                    {
                        "type": "rich_text_section",
                        "elements": [
                            {
                                "type": "user",
                                "user_id": "U028Q9GDXN3"
                            },
                            {
                                "type": "text",
                                "text": " can you please review my comments on the pull request and explain further what you want me to change?"
                            }
                        ]
                    }
                ]
            }
        ],
        "thread_ts": "1634718600.052900",
        "parent_user_id": "U02812J04H5"
    },
    {
        "client_msg_id": "5c0236b0-4aff-4533-ba7f-1da55e73ea6e",
        "type": "message",
        "text": "@everyone should we move the refactoring to jira as well?",
        "user": "U02812J04H5",
        "ts": "1634790231.000300",
        "team": "T028CNVFETF",
        "user_team": "T028CNVFETF",
        "source_team": "T028CNVFETF",
        "user_profile": {
            "avatar_hash": "g9ff92d51e82",
            "image_72": "https:\/\/secure.gravatar.com\/avatar\/9ff92d51e820b2c762e345cf0c31cdb3.jpg?s=72&d=https%3A%2F%2Fa.slack-edge.com%2Fdf10d%2Fimg%2Favatars%2Fava_0020-72.png",
            "first_name": "",
            "real_name": "Moritz Hauptmann",
            "display_name": "Moritz Hauptmann",
            "team": "T028CNVFETF",
            "name": "s3851298",
            "is_restricted": false,
            "is_ultra_restricted": false
        },
        "blocks": [
            {
                "type": "rich_text",
                "block_id": "uuF5r",
                "elements": [
                    {
                        "type": "rich_text_section",
                        "elements": [
                            {
                                "type": "text",
                                "text": "@everyone should we move the refactoring to jira as well?"
                            }
                        ]
                    }
                ]
            }
        ],
        "thread_ts": "1634620209.042800",
        "parent_user_id": "U02812J04H5"
    }
]