[
    {
        "client_msg_id": "a1131229-5a5d-4729-8a8b-ea01b811169c",
        "type": "message",
        "text": "ok I added a field that just gets the book foreign key in java instead of magic annotations it just `public Long getBookKey() { return this.getBook().getId(); }` '",
        "user": "U028Q9GDXN3",
        "ts": "1633158657.008200",
        "team": "T028CNVFETF",
        "user_team": "T028CNVFETF",
        "source_team": "T028CNVFETF",
        "user_profile": {
            "avatar_hash": "a6bbad4a67bc",
            "image_72": "https:\/\/avatars.slack-edge.com\/2021-07-26\/2308025050517_a6bbad4a67bc3cebd1c6_72.png",
            "first_name": "",
            "real_name": "Jack Hollis-London",
            "display_name": "Jack Hollis-London",
            "team": "T028CNVFETF",
            "name": "s3585034",
            "is_restricted": false,
            "is_ultra_restricted": false
        },
        "blocks": [
            {
                "type": "rich_text",
                "block_id": "vy0yh",
                "elements": [
                    {
                        "type": "rich_text_section",
                        "elements": [
                            {
                                "type": "text",
                                "text": "ok I added a field that just gets the book foreign key in java instead of magic annotations it just "
                            },
                            {
                                "type": "text",
                                "text": "public Long getBookKey() { return this.getBook().getId(); }",
                                "style": {
                                    "code": true
                                }
                            },
                            {
                                "type": "text",
                                "text": " '"
                            }
                        ]
                    }
                ]
            }
        ],
        "thread_ts": "1633148104.006100",
        "parent_user_id": "U028UDDAWAD"
    },
    {
        "client_msg_id": "8ea0c56f-2a82-4284-ac03-f2bc26a60127",
        "type": "message",
        "text": "not sure how useful this is once searching and paging and sorting etc is implemented by you",
        "user": "U028Q9GDXN3",
        "ts": "1633158673.008400",
        "team": "T028CNVFETF",
        "user_team": "T028CNVFETF",
        "source_team": "T028CNVFETF",
        "user_profile": {
            "avatar_hash": "a6bbad4a67bc",
            "image_72": "https:\/\/avatars.slack-edge.com\/2021-07-26\/2308025050517_a6bbad4a67bc3cebd1c6_72.png",
            "first_name": "",
            "real_name": "Jack Hollis-London",
            "display_name": "Jack Hollis-London",
            "team": "T028CNVFETF",
            "name": "s3585034",
            "is_restricted": false,
            "is_ultra_restricted": false
        },
        "blocks": [
            {
                "type": "rich_text",
                "block_id": "GDGT",
                "elements": [
                    {
                        "type": "rich_text_section",
                        "elements": [
                            {
                                "type": "text",
                                "text": "not sure how useful this is once searching and paging and sorting etc is implemented by you"
                            }
                        ]
                    }
                ]
            }
        ],
        "thread_ts": "1633148104.006100",
        "parent_user_id": "U028UDDAWAD"
    },
    {
        "client_msg_id": "a2d3aa14-ff79-4d3b-bb59-77c42f70d064",
        "type": "message",
        "text": "then that appears as `bookKey` in the json response for bookForSale",
        "user": "U028Q9GDXN3",
        "ts": "1633158703.008600",
        "team": "T028CNVFETF",
        "user_team": "T028CNVFETF",
        "source_team": "T028CNVFETF",
        "user_profile": {
            "avatar_hash": "a6bbad4a67bc",
            "image_72": "https:\/\/avatars.slack-edge.com\/2021-07-26\/2308025050517_a6bbad4a67bc3cebd1c6_72.png",
            "first_name": "",
            "real_name": "Jack Hollis-London",
            "display_name": "Jack Hollis-London",
            "team": "T028CNVFETF",
            "name": "s3585034",
            "is_restricted": false,
            "is_ultra_restricted": false
        },
        "blocks": [
            {
                "type": "rich_text",
                "block_id": "Mj8",
                "elements": [
                    {
                        "type": "rich_text_section",
                        "elements": [
                            {
                                "type": "text",
                                "text": "then that appears as "
                            },
                            {
                                "type": "text",
                                "text": "bookKey",
                                "style": {
                                    "code": true
                                }
                            },
                            {
                                "type": "text",
                                "text": " in the json response for bookForSale"
                            }
                        ]
                    }
                ]
            }
        ],
        "thread_ts": "1633148104.006100",
        "parent_user_id": "U028UDDAWAD"
    },
    {
        "client_msg_id": "f68be3a7-8f45-4cfb-aa23-34a7285065bd",
        "type": "message",
        "text": "still need the day tom to finish my user story.. have been quite busy with work the last few days..",
        "user": "U02812J04H5",
        "ts": "1633161371.008800",
        "team": "T028CNVFETF",
        "user_team": "T028CNVFETF",
        "source_team": "T028CNVFETF",
        "user_profile": {
            "avatar_hash": "g9ff92d51e82",
            "image_72": "https:\/\/secure.gravatar.com\/avatar\/9ff92d51e820b2c762e345cf0c31cdb3.jpg?s=72&d=https%3A%2F%2Fa.slack-edge.com%2Fdf10d%2Fimg%2Favatars%2Fava_0020-72.png",
            "first_name": "",
            "real_name": "Moritz Hauptmann",
            "display_name": "Moritz Hauptmann",
            "team": "T028CNVFETF",
            "name": "s3851298",
            "is_restricted": false,
            "is_ultra_restricted": false
        },
        "blocks": [
            {
                "type": "rich_text",
                "block_id": "XOo",
                "elements": [
                    {
                        "type": "rich_text_section",
                        "elements": [
                            {
                                "type": "text",
                                "text": "still need the day tom to finish my user story.. have been quite busy with work the last few days.."
                            }
                        ]
                    }
                ]
            }
        ],
        "thread_ts": "1633148104.006100",
        "parent_user_id": "U028UDDAWAD"
    },
    {
        "client_msg_id": "2821329e-7208-4c22-afe4-3b9f14cedd23",
        "type": "message",
        "text": "sorry, im not sure why i didnt get notifications on my phone, anyway im fine with anytime for the meeting.",
        "user": "U028FPSLFK4",
        "ts": "1633165346.009000",
        "team": "T028CNVFETF",
        "user_team": "T028CNVFETF",
        "source_team": "T028CNVFETF",
        "user_profile": {
            "avatar_hash": "g92faf8c7cb1",
            "image_72": "https:\/\/secure.gravatar.com\/avatar\/92faf8c7cb15b0d6ca7ed71eeba8f20b.jpg?s=72&d=https%3A%2F%2Fa.slack-edge.com%2Fdf10d%2Fimg%2Favatars%2Fava_0022-72.png",
            "first_name": "",
            "real_name": "Ming Dong",
            "display_name": "Ming Dong",
            "team": "T028CNVFETF",
            "name": "s3843573",
            "is_restricted": false,
            "is_ultra_restricted": false
        },
        "blocks": [
            {
                "type": "rich_text",
                "block_id": "xFK1r",
                "elements": [
                    {
                        "type": "rich_text_section",
                        "elements": [
                            {
                                "type": "text",
                                "text": "sorry, im not sure why i didnt get notifications on my phone, anyway im fine with anytime for the meeting."
                            }
                        ]
                    }
                ]
            }
        ],
        "thread_ts": "1633148104.006100",
        "parent_user_id": "U028UDDAWAD"
    },
    {
        "client_msg_id": "0a50d936-4b01-473d-a2c7-ee8a2bd0cfa1",
        "type": "message",
        "text": "ok are we all ready?",
        "user": "U028Q9GDXN3",
        "ts": "1633166590.009200",
        "team": "T028CNVFETF",
        "user_team": "T028CNVFETF",
        "source_team": "T028CNVFETF",
        "user_profile": {
            "avatar_hash": "a6bbad4a67bc",
            "image_72": "https:\/\/avatars.slack-edge.com\/2021-07-26\/2308025050517_a6bbad4a67bc3cebd1c6_72.png",
            "first_name": "",
            "real_name": "Jack Hollis-London",
            "display_name": "Jack Hollis-London",
            "team": "T028CNVFETF",
            "name": "s3585034",
            "is_restricted": false,
            "is_ultra_restricted": false
        },
        "blocks": [
            {
                "type": "rich_text",
                "block_id": "kCr",
                "elements": [
                    {
                        "type": "rich_text_section",
                        "elements": [
                            {
                                "type": "text",
                                "text": "ok are we all ready?"
                            }
                        ]
                    }
                ]
            }
        ],
        "thread_ts": "1633148104.006100",
        "parent_user_id": "U028UDDAWAD"
    },
    {
        "client_msg_id": "df726f65-76e2-452d-93ad-e55336c2b159",
        "type": "message",
        "text": "im ready",
        "user": "U028FPSLFK4",
        "ts": "1633166634.009400",
        "team": "T028CNVFETF",
        "user_team": "T028CNVFETF",
        "source_team": "T028CNVFETF",
        "user_profile": {
            "avatar_hash": "g92faf8c7cb1",
            "image_72": "https:\/\/secure.gravatar.com\/avatar\/92faf8c7cb15b0d6ca7ed71eeba8f20b.jpg?s=72&d=https%3A%2F%2Fa.slack-edge.com%2Fdf10d%2Fimg%2Favatars%2Fava_0022-72.png",
            "first_name": "",
            "real_name": "Ming Dong",
            "display_name": "Ming Dong",
            "team": "T028CNVFETF",
            "name": "s3843573",
            "is_restricted": false,
            "is_ultra_restricted": false
        },
        "blocks": [
            {
                "type": "rich_text",
                "block_id": "V8OcQ",
                "elements": [
                    {
                        "type": "rich_text_section",
                        "elements": [
                            {
                                "type": "text",
                                "text": "im ready"
                            }
                        ]
                    }
                ]
            }
        ],
        "thread_ts": "1633148104.006100",
        "parent_user_id": "U028UDDAWAD"
    },
    {
        "client_msg_id": "6da9ae11-8e97-4f3e-9da4-2419816f86cc",
        "type": "message",
        "text": "alright teams?",
        "user": "U028Q9GDXN3",
        "ts": "1633166651.009600",
        "team": "T028CNVFETF",
        "user_team": "T028CNVFETF",
        "source_team": "T028CNVFETF",
        "user_profile": {
            "avatar_hash": "a6bbad4a67bc",
            "image_72": "https:\/\/avatars.slack-edge.com\/2021-07-26\/2308025050517_a6bbad4a67bc3cebd1c6_72.png",
            "first_name": "",
            "real_name": "Jack Hollis-London",
            "display_name": "Jack Hollis-London",
            "team": "T028CNVFETF",
            "name": "s3585034",
            "is_restricted": false,
            "is_ultra_restricted": false
        },
        "edited": {
            "user": "U028Q9GDXN3",
            "ts": "1633166662.000000"
        },
        "blocks": [
            {
                "type": "rich_text",
                "block_id": "mS5",
                "elements": [
                    {
                        "type": "rich_text_section",
                        "elements": [
                            {
                                "type": "text",
                                "text": "alright teams?"
                            }
                        ]
                    }
                ]
            }
        ],
        "thread_ts": "1633148104.006100",
        "parent_user_id": "U028UDDAWAD"
    },
    {
        "client_msg_id": "03cf8887-3216-4618-ba96-7d75c0882c68",
        "type": "message",
        "text": "sorry cant do it today",
        "user": "U02812J04H5",
        "ts": "1633167150.009900",
        "team": "T028CNVFETF",
        "user_team": "T028CNVFETF",
        "source_team": "T028CNVFETF",
        "user_profile": {
            "avatar_hash": "g9ff92d51e82",
            "image_72": "https:\/\/secure.gravatar.com\/avatar\/9ff92d51e820b2c762e345cf0c31cdb3.jpg?s=72&d=https%3A%2F%2Fa.slack-edge.com%2Fdf10d%2Fimg%2Favatars%2Fava_0020-72.png",
            "first_name": "",
            "real_name": "Moritz Hauptmann",
            "display_name": "Moritz Hauptmann",
            "team": "T028CNVFETF",
            "name": "s3851298",
            "is_restricted": false,
            "is_ultra_restricted": false
        },
        "blocks": [
            {
                "type": "rich_text",
                "block_id": "u4wY",
                "elements": [
                    {
                        "type": "rich_text_section",
                        "elements": [
                            {
                                "type": "text",
                                "text": "sorry cant do it today"
                            }
                        ]
                    }
                ]
            }
        ],
        "thread_ts": "1633148104.006100",
        "parent_user_id": "U028UDDAWAD"
    },
    {
        "client_msg_id": "75bf4b3b-14a1-4361-9905-a15a334824a9",
        "type": "message",
        "text": "can do tom afternoon maybe?",
        "user": "U02812J04H5",
        "ts": "1633167166.010100",
        "team": "T028CNVFETF",
        "user_team": "T028CNVFETF",
        "source_team": "T028CNVFETF",
        "user_profile": {
            "avatar_hash": "g9ff92d51e82",
            "image_72": "https:\/\/secure.gravatar.com\/avatar\/9ff92d51e820b2c762e345cf0c31cdb3.jpg?s=72&d=https%3A%2F%2Fa.slack-edge.com%2Fdf10d%2Fimg%2Favatars%2Fava_0020-72.png",
            "first_name": "",
            "real_name": "Moritz Hauptmann",
            "display_name": "Moritz Hauptmann",
            "team": "T028CNVFETF",
            "name": "s3851298",
            "is_restricted": false,
            "is_ultra_restricted": false
        },
        "blocks": [
            {
                "type": "rich_text",
                "block_id": "5ACiQ",
                "elements": [
                    {
                        "type": "rich_text_section",
                        "elements": [
                            {
                                "type": "text",
                                "text": "can do tom afternoon maybe?"
                            }
                        ]
                    }
                ]
            }
        ],
        "thread_ts": "1633148104.006100",
        "parent_user_id": "U028UDDAWAD"
    },
    {
        "client_msg_id": "fb3fd1c2-0123-4314-8f2b-334b35c4072d",
        "type": "message",
        "text": "What time did <!everyone> want to meet?",
        "user": "U028UDDAWAD",
        "ts": "1633228454.010600",
        "team": "T028CNVFETF",
        "user_team": "T028CNVFETF",
        "source_team": "T028CNVFETF",
        "user_profile": {
            "avatar_hash": "gbc659f0070f",
            "image_72": "https:\/\/secure.gravatar.com\/avatar\/bc659f0070f49e4d9ea463fb700c9f95.jpg?s=72&d=https%3A%2F%2Fa.slack-edge.com%2Fdf10d%2Fimg%2Favatars%2Fava_0021-72.png",
            "first_name": "Jacob",
            "real_name": "Jacob McEwan",
            "display_name": "Jacob McEwan",
            "team": "T028CNVFETF",
            "name": "s3841062",
            "is_restricted": false,
            "is_ultra_restricted": false
        },
        "blocks": [
            {
                "type": "rich_text",
                "block_id": "vTO",
                "elements": [
                    {
                        "type": "rich_text_section",
                        "elements": [
                            {
                                "type": "text",
                                "text": "What time did "
                            },
                            {
                                "type": "broadcast",
                                "range": "everyone"
                            },
                            {
                                "type": "text",
                                "text": " want to meet?"
                            }
                        ]
                    }
                ]
            }
        ],
        "thread_ts": "1633228454.010600",
        "reply_count": 5,
        "reply_users_count": 3,
        "latest_reply": "1633241876.011700",
        "reply_users": [
            "U02812J04H5",
            "U028UDDAWAD",
            "U028FPSLFK4"
        ],
        "replies": [
            {
                "user": "U02812J04H5",
                "ts": "1633230484.010800"
            },
            {
                "user": "U028UDDAWAD",
                "ts": "1633231851.011000"
            },
            {
                "user": "U028FPSLFK4",
                "ts": "1633232620.011300"
            },
            {
                "user": "U028UDDAWAD",
                "ts": "1633240870.011500"
            },
            {
                "user": "U028UDDAWAD",
                "ts": "1633241876.011700"
            }
        ],
        "is_locked": false,
        "subscribed": true,
        "last_read": "1633241876.011700"
    },
    {
        "client_msg_id": "ef581e1b-cc18-44e7-8f96-020bbbe8eddf",
        "type": "message",
        "text": "how about 5pm?",
        "user": "U02812J04H5",
        "ts": "1633230484.010800",
        "team": "T028CNVFETF",
        "user_team": "T028CNVFETF",
        "source_team": "T028CNVFETF",
        "user_profile": {
            "avatar_hash": "g9ff92d51e82",
            "image_72": "https:\/\/secure.gravatar.com\/avatar\/9ff92d51e820b2c762e345cf0c31cdb3.jpg?s=72&d=https%3A%2F%2Fa.slack-edge.com%2Fdf10d%2Fimg%2Favatars%2Fava_0020-72.png",
            "first_name": "",
            "real_name": "Moritz Hauptmann",
            "display_name": "Moritz Hauptmann",
            "team": "T028CNVFETF",
            "name": "s3851298",
            "is_restricted": false,
            "is_ultra_restricted": false
        },
        "blocks": [
            {
                "type": "rich_text",
                "block_id": "frK9",
                "elements": [
                    {
                        "type": "rich_text_section",
                        "elements": [
                            {
                                "type": "text",
                                "text": "how about 5pm?"
                            }
                        ]
                    }
                ]
            }
        ],
        "thread_ts": "1633228454.010600",
        "parent_user_id": "U028UDDAWAD"
    },
    {
        "client_msg_id": "86f0aec5-4ba7-4bf2-89a5-c7fdbfde8753",
        "type": "message",
        "text": "I'm happy with that",
        "user": "U028UDDAWAD",
        "ts": "1633231851.011000",
        "team": "T028CNVFETF",
        "user_team": "T028CNVFETF",
        "source_team": "T028CNVFETF",
        "user_profile": {
            "avatar_hash": "gbc659f0070f",
            "image_72": "https:\/\/secure.gravatar.com\/avatar\/bc659f0070f49e4d9ea463fb700c9f95.jpg?s=72&d=https%3A%2F%2Fa.slack-edge.com%2Fdf10d%2Fimg%2Favatars%2Fava_0021-72.png",
            "first_name": "Jacob",
            "real_name": "Jacob McEwan",
            "display_name": "Jacob McEwan",
            "team": "T028CNVFETF",
            "name": "s3841062",
            "is_restricted": false,
            "is_ultra_restricted": false
        },
        "blocks": [
            {
                "type": "rich_text",
                "block_id": "dMTp",
                "elements": [
                    {
                        "type": "rich_text_section",
                        "elements": [
                            {
                                "type": "text",
                                "text": "I'm happy with that"
                            }
                        ]
                    }
                ]
            }
        ],
        "thread_ts": "1633228454.010600",
        "parent_user_id": "U028UDDAWAD"
    },
    {
        "client_msg_id": "FB98C663-558F-45C7-8D19-D27F1F7C4207",
        "type": "message",
        "text": "Okay ",
        "user": "U028FPSLFK4",
        "ts": "1633232620.011300",
        "team": "T028CNVFETF",
        "user_team": "T028CNVFETF",
        "source_team": "T028CNVFETF",
        "user_profile": {
            "avatar_hash": "g92faf8c7cb1",
            "image_72": "https:\/\/secure.gravatar.com\/avatar\/92faf8c7cb15b0d6ca7ed71eeba8f20b.jpg?s=72&d=https%3A%2F%2Fa.slack-edge.com%2Fdf10d%2Fimg%2Favatars%2Fava_0022-72.png",
            "first_name": "",
            "real_name": "Ming Dong",
            "display_name": "Ming Dong",
            "team": "T028CNVFETF",
            "name": "s3843573",
            "is_restricted": false,
            "is_ultra_restricted": false
        },
        "blocks": [
            {
                "type": "rich_text",
                "block_id": "+NpL=",
                "elements": [
                    {
                        "type": "rich_text_section",
                        "elements": [
                            {
                                "type": "text",
                                "text": "Okay "
                            }
                        ]
                    }
                ]
            }
        ],
        "thread_ts": "1633228454.010600",
        "parent_user_id": "U028UDDAWAD"
    },
    {
        "client_msg_id": "70089622-02da-4c71-a55a-77a11746f1d2",
        "type": "message",
        "text": "We all good for the meeting?",
        "user": "U028UDDAWAD",
        "ts": "1633240870.011500",
        "team": "T028CNVFETF",
        "user_team": "T028CNVFETF",
        "source_team": "T028CNVFETF",
        "user_profile": {
            "avatar_hash": "gbc659f0070f",
            "image_72": "https:\/\/secure.gravatar.com\/avatar\/bc659f0070f49e4d9ea463fb700c9f95.jpg?s=72&d=https%3A%2F%2Fa.slack-edge.com%2Fdf10d%2Fimg%2Favatars%2Fava_0021-72.png",
            "first_name": "Jacob",
            "real_name": "Jacob McEwan",
            "display_name": "Jacob McEwan",
            "team": "T028CNVFETF",
            "name": "s3841062",
            "is_restricted": false,
            "is_ultra_restricted": false
        },
        "blocks": [
            {
                "type": "rich_text",
                "block_id": "VESoB",
                "elements": [
                    {
                        "type": "rich_text_section",
                        "elements": [
                            {
                                "type": "text",
                                "text": "We all good for the meeting?"
                            }
                        ]
                    }
                ]
            }
        ],
        "thread_ts": "1633228454.010600",
        "parent_user_id": "U028UDDAWAD"
    },
    {
        "client_msg_id": "1188ac45-adeb-4aed-9e9c-b60aea45fa55",
        "type": "message",
        "text": "<@U028Q9GDXN3>",
        "user": "U028UDDAWAD",
        "ts": "1633241876.011700",
        "team": "T028CNVFETF",
        "user_team": "T028CNVFETF",
        "source_team": "T028CNVFETF",
        "user_profile": {
            "avatar_hash": "gbc659f0070f",
            "image_72": "https:\/\/secure.gravatar.com\/avatar\/bc659f0070f49e4d9ea463fb700c9f95.jpg?s=72&d=https%3A%2F%2Fa.slack-edge.com%2Fdf10d%2Fimg%2Favatars%2Fava_0021-72.png",
            "first_name": "Jacob",
            "real_name": "Jacob McEwan",
            "display_name": "Jacob McEwan",
            "team": "T028CNVFETF",
            "name": "s3841062",
            "is_restricted": false,
            "is_ultra_restricted": false
        },
        "blocks": [
            {
                "type": "rich_text",
                "block_id": "3Plzb",
                "elements": [
                    {
                        "type": "rich_text_section",
                        "elements": [
                            {
                                "type": "user",
                                "user_id": "U028Q9GDXN3"
                            }
                        ]
                    }
                ]
            }
        ],
        "thread_ts": "1633228454.010600",
        "parent_user_id": "U028UDDAWAD"
    }
]