[
    {
        "client_msg_id": "18af7622-9e6c-4379-bb26-42b9541968f7",
        "type": "message",
        "text": "I've run into an issue. The links between resources aren't all in the same format, so getting an id for an associated resource isn't possible, so recoil can't fetch it in a standard way (with state etc.). For example a book would have a self\/book link of \"<http:\/\/localhost:8081\/api\/books\/2>\" but the bookForSale that links to it would have the link: \"localhost:8081\/api\/bookForSales\/1\/book\". Note the bookForSale doesn't have the numeric id of the book. Does anyone know of a way around this or a way to configure Spring Data REST so it uses the numeric links instead?",
        "user": "U028UDDAWAD",
        "ts": "1632902545.013400",
        "team": "T028CNVFETF",
        "user_team": "T028CNVFETF",
        "source_team": "T028CNVFETF",
        "user_profile": {
            "avatar_hash": "gbc659f0070f",
            "image_72": "https:\/\/secure.gravatar.com\/avatar\/bc659f0070f49e4d9ea463fb700c9f95.jpg?s=72&d=https%3A%2F%2Fa.slack-edge.com%2Fdf10d%2Fimg%2Favatars%2Fava_0021-72.png",
            "first_name": "Jacob",
            "real_name": "Jacob McEwan",
            "display_name": "Jacob McEwan",
            "team": "T028CNVFETF",
            "name": "s3841062",
            "is_restricted": false,
            "is_ultra_restricted": false
        },
        "blocks": [
            {
                "type": "rich_text",
                "block_id": "ho4H",
                "elements": [
                    {
                        "type": "rich_text_section",
                        "elements": [
                            {
                                "type": "text",
                                "text": "I've run into an issue. The links between resources aren't all in the same format, so getting an id for an associated resource isn't possible, so recoil can't fetch it in a standard way (with state etc.). For example a book would have a self\/book link of \""
                            },
                            {
                                "type": "link",
                                "url": "http:\/\/localhost:8081\/api\/books\/2"
                            },
                            {
                                "type": "text",
                                "text": "\" but the bookForSale that links to it would have the link: \"localhost:8081\/api\/bookForSales\/1\/book\". Note the bookForSale doesn't have the numeric id of the book. Does anyone know of a way around this or a way to configure Spring Data REST so it uses the numeric links instead?"
                            }
                        ]
                    }
                ]
            }
        ],
        "thread_ts": "1632902545.013400",
        "reply_count": 7,
        "reply_users_count": 2,
        "latest_reply": "1632903343.014700",
        "reply_users": [
            "U028Q9GDXN3",
            "U028UDDAWAD"
        ],
        "replies": [
            {
                "user": "U028Q9GDXN3",
                "ts": "1632902698.013500"
            },
            {
                "user": "U028Q9GDXN3",
                "ts": "1632902719.013700"
            },
            {
                "user": "U028Q9GDXN3",
                "ts": "1632903078.013900"
            },
            {
                "user": "U028UDDAWAD",
                "ts": "1632903292.014100"
            },
            {
                "user": "U028Q9GDXN3",
                "ts": "1632903322.014300"
            },
            {
                "user": "U028Q9GDXN3",
                "ts": "1632903338.014500"
            },
            {
                "user": "U028Q9GDXN3",
                "ts": "1632903343.014700"
            }
        ],
        "is_locked": false,
        "subscribed": true,
        "last_read": "1632903343.014700"
    },
    {
        "client_msg_id": "b50e9905-2304-4b5c-a9c7-0e76d5c9e356",
        "type": "message",
        "text": "make it so the book id is a JSON field but only for when it returns? I've done that for a field on the user before",
        "user": "U028Q9GDXN3",
        "ts": "1632902698.013500",
        "team": "T028CNVFETF",
        "user_team": "T028CNVFETF",
        "source_team": "T028CNVFETF",
        "user_profile": {
            "avatar_hash": "a6bbad4a67bc",
            "image_72": "https:\/\/avatars.slack-edge.com\/2021-07-26\/2308025050517_a6bbad4a67bc3cebd1c6_72.png",
            "first_name": "",
            "real_name": "Jack Hollis-London",
            "display_name": "Jack Hollis-London",
            "team": "T028CNVFETF",
            "name": "s3585034",
            "is_restricted": false,
            "is_ultra_restricted": false
        },
        "blocks": [
            {
                "type": "rich_text",
                "block_id": "LdMh",
                "elements": [
                    {
                        "type": "rich_text_section",
                        "elements": [
                            {
                                "type": "text",
                                "text": "make it so the book id is a JSON field but only for when it returns? I've done that for a field on the user before"
                            }
                        ]
                    }
                ]
            }
        ],
        "thread_ts": "1632902545.013400",
        "parent_user_id": "U028UDDAWAD"
    },
    {
        "client_msg_id": "9b2ca813-4094-4186-84c4-9df73c43ee58",
        "type": "message",
        "text": "theres a @JSON annotation",
        "user": "U028Q9GDXN3",
        "ts": "1632902719.013700",
        "team": "T028CNVFETF",
        "user_team": "T028CNVFETF",
        "source_team": "T028CNVFETF",
        "user_profile": {
            "avatar_hash": "a6bbad4a67bc",
            "image_72": "https:\/\/avatars.slack-edge.com\/2021-07-26\/2308025050517_a6bbad4a67bc3cebd1c6_72.png",
            "first_name": "",
            "real_name": "Jack Hollis-London",
            "display_name": "Jack Hollis-London",
            "team": "T028CNVFETF",
            "name": "s3585034",
            "is_restricted": false,
            "is_ultra_restricted": false
        },
        "blocks": [
            {
                "type": "rich_text",
                "block_id": "CDHT8",
                "elements": [
                    {
                        "type": "rich_text_section",
                        "elements": [
                            {
                                "type": "text",
                                "text": "theres a @JSON annotation"
                            }
                        ]
                    }
                ]
            }
        ],
        "thread_ts": "1632902545.013400",
        "parent_user_id": "U028UDDAWAD"
    },
    {
        "client_msg_id": "c60926a1-bf94-457b-b3fb-df1080203828",
        "type": "message",
        "text": "and possibly other things",
        "user": "U028Q9GDXN3",
        "ts": "1632903078.013900",
        "team": "T028CNVFETF",
        "user_team": "T028CNVFETF",
        "source_team": "T028CNVFETF",
        "user_profile": {
            "avatar_hash": "a6bbad4a67bc",
            "image_72": "https:\/\/avatars.slack-edge.com\/2021-07-26\/2308025050517_a6bbad4a67bc3cebd1c6_72.png",
            "first_name": "",
            "real_name": "Jack Hollis-London",
            "display_name": "Jack Hollis-London",
            "team": "T028CNVFETF",
            "name": "s3585034",
            "is_restricted": false,
            "is_ultra_restricted": false
        },
        "blocks": [
            {
                "type": "rich_text",
                "block_id": "gFR2d",
                "elements": [
                    {
                        "type": "rich_text_section",
                        "elements": [
                            {
                                "type": "text",
                                "text": "and possibly other things"
                            }
                        ]
                    }
                ]
            }
        ],
        "thread_ts": "1632902545.013400",
        "parent_user_id": "U028UDDAWAD"
    },
    {
        "client_msg_id": "8b3272e1-cc5e-4410-b994-4bb762728e7e",
        "type": "message",
        "text": "Does the annotation go on the field?",
        "user": "U028UDDAWAD",
        "ts": "1632903292.014100",
        "team": "T028CNVFETF",
        "user_team": "T028CNVFETF",
        "source_team": "T028CNVFETF",
        "user_profile": {
            "avatar_hash": "gbc659f0070f",
            "image_72": "https:\/\/secure.gravatar.com\/avatar\/bc659f0070f49e4d9ea463fb700c9f95.jpg?s=72&d=https%3A%2F%2Fa.slack-edge.com%2Fdf10d%2Fimg%2Favatars%2Fava_0021-72.png",
            "first_name": "Jacob",
            "real_name": "Jacob McEwan",
            "display_name": "Jacob McEwan",
            "team": "T028CNVFETF",
            "name": "s3841062",
            "is_restricted": false,
            "is_ultra_restricted": false
        },
        "blocks": [
            {
                "type": "rich_text",
                "block_id": "CiN",
                "elements": [
                    {
                        "type": "rich_text_section",
                        "elements": [
                            {
                                "type": "text",
                                "text": "Does the annotation go on the field?"
                            }
                        ]
                    }
                ]
            }
        ],
        "thread_ts": "1632902545.013400",
        "parent_user_id": "U028UDDAWAD"
    },
    {
        "client_msg_id": "f9cb6afe-13db-4de0-9afa-d44170440dcf",
        "type": "message",
        "text": "iirc yes",
        "user": "U028Q9GDXN3",
        "ts": "1632903322.014300",
        "team": "T028CNVFETF",
        "user_team": "T028CNVFETF",
        "source_team": "T028CNVFETF",
        "user_profile": {
            "avatar_hash": "a6bbad4a67bc",
            "image_72": "https:\/\/avatars.slack-edge.com\/2021-07-26\/2308025050517_a6bbad4a67bc3cebd1c6_72.png",
            "first_name": "",
            "real_name": "Jack Hollis-London",
            "display_name": "Jack Hollis-London",
            "team": "T028CNVFETF",
            "name": "s3585034",
            "is_restricted": false,
            "is_ultra_restricted": false
        },
        "blocks": [
            {
                "type": "rich_text",
                "block_id": "LsYBo",
                "elements": [
                    {
                        "type": "rich_text_section",
                        "elements": [
                            {
                                "type": "text",
                                "text": "iirc yes"
                            }
                        ]
                    }
                ]
            }
        ],
        "thread_ts": "1632902545.013400",
        "parent_user_id": "U028UDDAWAD"
    },
    {
        "client_msg_id": "3048899d-a9bf-4a1c-85b9-42a53281fcf4",
        "type": "message",
        "text": "if I recall correctly",
        "user": "U028Q9GDXN3",
        "ts": "1632903338.014500",
        "team": "T028CNVFETF",
        "user_team": "T028CNVFETF",
        "source_team": "T028CNVFETF",
        "user_profile": {
            "avatar_hash": "a6bbad4a67bc",
            "image_72": "https:\/\/avatars.slack-edge.com\/2021-07-26\/2308025050517_a6bbad4a67bc3cebd1c6_72.png",
            "first_name": "",
            "real_name": "Jack Hollis-London",
            "display_name": "Jack Hollis-London",
            "team": "T028CNVFETF",
            "name": "s3585034",
            "is_restricted": false,
            "is_ultra_restricted": false
        },
        "blocks": [
            {
                "type": "rich_text",
                "block_id": "F10m",
                "elements": [
                    {
                        "type": "rich_text_section",
                        "elements": [
                            {
                                "type": "text",
                                "text": "if I recall correctly"
                            }
                        ]
                    }
                ]
            }
        ],
        "thread_ts": "1632902545.013400",
        "parent_user_id": "U028UDDAWAD"
    },
    {
        "client_msg_id": "10471774-84a8-4e4b-bce9-26781783596d",
        "type": "message",
        "text": "don't take my word for this though",
        "user": "U028Q9GDXN3",
        "ts": "1632903343.014700",
        "team": "T028CNVFETF",
        "user_team": "T028CNVFETF",
        "source_team": "T028CNVFETF",
        "user_profile": {
            "avatar_hash": "a6bbad4a67bc",
            "image_72": "https:\/\/avatars.slack-edge.com\/2021-07-26\/2308025050517_a6bbad4a67bc3cebd1c6_72.png",
            "first_name": "",
            "real_name": "Jack Hollis-London",
            "display_name": "Jack Hollis-London",
            "team": "T028CNVFETF",
            "name": "s3585034",
            "is_restricted": false,
            "is_ultra_restricted": false
        },
        "edited": {
            "user": "U028Q9GDXN3",
            "ts": "1632903414.000000"
        },
        "blocks": [
            {
                "type": "rich_text",
                "block_id": "2X=k",
                "elements": [
                    {
                        "type": "rich_text_section",
                        "elements": [
                            {
                                "type": "text",
                                "text": "don't take my word for this though"
                            }
                        ]
                    }
                ]
            }
        ],
        "thread_ts": "1632902545.013400",
        "parent_user_id": "U028UDDAWAD"
    },
    {
        "client_msg_id": "c1f96fba-c20d-4f89-aadc-fead6baf809b",
        "type": "message",
        "text": "mapping the APIs to an API gateway is annothing",
        "user": "U028Q9GDXN3",
        "ts": "1632936228.015100",
        "team": "T028CNVFETF",
        "user_team": "T028CNVFETF",
        "source_team": "T028CNVFETF",
        "user_profile": {
            "avatar_hash": "a6bbad4a67bc",
            "image_72": "https:\/\/avatars.slack-edge.com\/2021-07-26\/2308025050517_a6bbad4a67bc3cebd1c6_72.png",
            "first_name": "",
            "real_name": "Jack Hollis-London",
            "display_name": "Jack Hollis-London",
            "team": "T028CNVFETF",
            "name": "s3585034",
            "is_restricted": false,
            "is_ultra_restricted": false
        },
        "blocks": [
            {
                "type": "rich_text",
                "block_id": "q09",
                "elements": [
                    {
                        "type": "rich_text_section",
                        "elements": [
                            {
                                "type": "text",
                                "text": "mapping the APIs to an API gateway is annothing"
                            }
                        ]
                    }
                ]
            }
        ],
        "thread_ts": "1632724523.004800",
        "parent_user_id": "U028Q9GDXN3"
    },
    {
        "client_msg_id": "d468dfba-46e1-4f03-b896-93f136aa4bc0",
        "type": "message",
        "text": "we'll hardcode each of the API endpoints using environment variables",
        "user": "U028Q9GDXN3",
        "ts": "1632936303.015300",
        "team": "T028CNVFETF",
        "user_team": "T028CNVFETF",
        "source_team": "T028CNVFETF",
        "user_profile": {
            "avatar_hash": "a6bbad4a67bc",
            "image_72": "https:\/\/avatars.slack-edge.com\/2021-07-26\/2308025050517_a6bbad4a67bc3cebd1c6_72.png",
            "first_name": "",
            "real_name": "Jack Hollis-London",
            "display_name": "Jack Hollis-London",
            "team": "T028CNVFETF",
            "name": "s3585034",
            "is_restricted": false,
            "is_ultra_restricted": false
        },
        "blocks": [
            {
                "type": "rich_text",
                "block_id": "bn8\/W",
                "elements": [
                    {
                        "type": "rich_text_section",
                        "elements": [
                            {
                                "type": "text",
                                "text": "we'll hardcode each of the API endpoints using environment variables"
                            }
                        ]
                    }
                ]
            }
        ],
        "thread_ts": "1632724523.004800",
        "parent_user_id": "U028Q9GDXN3"
    },
    {
        "client_msg_id": "6b947525-1dd2-4661-a2e7-87a6fcd52566",
        "type": "message",
        "text": "local development they can point to localhost",
        "user": "U028Q9GDXN3",
        "ts": "1632936319.015500",
        "team": "T028CNVFETF",
        "user_team": "T028CNVFETF",
        "source_team": "T028CNVFETF",
        "user_profile": {
            "avatar_hash": "a6bbad4a67bc",
            "image_72": "https:\/\/avatars.slack-edge.com\/2021-07-26\/2308025050517_a6bbad4a67bc3cebd1c6_72.png",
            "first_name": "",
            "real_name": "Jack Hollis-London",
            "display_name": "Jack Hollis-London",
            "team": "T028CNVFETF",
            "name": "s3585034",
            "is_restricted": false,
            "is_ultra_restricted": false
        },
        "blocks": [
            {
                "type": "rich_text",
                "block_id": "r22",
                "elements": [
                    {
                        "type": "rich_text_section",
                        "elements": [
                            {
                                "type": "text",
                                "text": "local development they can point to localhost"
                            }
                        ]
                    }
                ]
            }
        ],
        "thread_ts": "1632724523.004800",
        "parent_user_id": "U028Q9GDXN3"
    },
    {
        "client_msg_id": "d2ca09ba-0187-49d9-975f-ca668a177a25",
        "type": "message",
        "text": "in develop branch they point to the develop load balancer versions of each API",
        "user": "U028Q9GDXN3",
        "ts": "1632936335.015700",
        "team": "T028CNVFETF",
        "user_team": "T028CNVFETF",
        "source_team": "T028CNVFETF",
        "user_profile": {
            "avatar_hash": "a6bbad4a67bc",
            "image_72": "https:\/\/avatars.slack-edge.com\/2021-07-26\/2308025050517_a6bbad4a67bc3cebd1c6_72.png",
            "first_name": "",
            "real_name": "Jack Hollis-London",
            "display_name": "Jack Hollis-London",
            "team": "T028CNVFETF",
            "name": "s3585034",
            "is_restricted": false,
            "is_ultra_restricted": false
        },
        "blocks": [
            {
                "type": "rich_text",
                "block_id": "ZCHuT",
                "elements": [
                    {
                        "type": "rich_text_section",
                        "elements": [
                            {
                                "type": "text",
                                "text": "in develop branch they point to the develop load balancer versions of each API"
                            }
                        ]
                    }
                ]
            }
        ],
        "thread_ts": "1632724523.004800",
        "parent_user_id": "U028Q9GDXN3"
    },
    {
        "client_msg_id": "a12d3f77-27a3-49c4-a22c-ab7787476543",
        "type": "message",
        "text": "in main they point tot the main load balancer versions of each api",
        "user": "U028Q9GDXN3",
        "ts": "1632936356.015900",
        "team": "T028CNVFETF",
        "user_team": "T028CNVFETF",
        "source_team": "T028CNVFETF",
        "user_profile": {
            "avatar_hash": "a6bbad4a67bc",
            "image_72": "https:\/\/avatars.slack-edge.com\/2021-07-26\/2308025050517_a6bbad4a67bc3cebd1c6_72.png",
            "first_name": "",
            "real_name": "Jack Hollis-London",
            "display_name": "Jack Hollis-London",
            "team": "T028CNVFETF",
            "name": "s3585034",
            "is_restricted": false,
            "is_ultra_restricted": false
        },
        "blocks": [
            {
                "type": "rich_text",
                "block_id": "a5u",
                "elements": [
                    {
                        "type": "rich_text_section",
                        "elements": [
                            {
                                "type": "text",
                                "text": "in main they point tot the main load balancer versions of each api"
                            }
                        ]
                    }
                ]
            }
        ],
        "thread_ts": "1632724523.004800",
        "parent_user_id": "U028Q9GDXN3"
    },
    {
        "client_msg_id": "840f3534-2b43-4430-9c8e-bb5dee0bf197",
        "type": "message",
        "text": "so on CIRCLECI thats 1 .env for each api for each stage, so six in total, (login, book, order) x main, develop",
        "user": "U028Q9GDXN3",
        "ts": "1632936415.016100",
        "team": "T028CNVFETF",
        "user_team": "T028CNVFETF",
        "source_team": "T028CNVFETF",
        "user_profile": {
            "avatar_hash": "a6bbad4a67bc",
            "image_72": "https:\/\/avatars.slack-edge.com\/2021-07-26\/2308025050517_a6bbad4a67bc3cebd1c6_72.png",
            "first_name": "",
            "real_name": "Jack Hollis-London",
            "display_name": "Jack Hollis-London",
            "team": "T028CNVFETF",
            "name": "s3585034",
            "is_restricted": false,
            "is_ultra_restricted": false
        },
        "edited": {
            "user": "U028Q9GDXN3",
            "ts": "1632936431.000000"
        },
        "blocks": [
            {
                "type": "rich_text",
                "block_id": "YtZ",
                "elements": [
                    {
                        "type": "rich_text_section",
                        "elements": [
                            {
                                "type": "text",
                                "text": "so on CIRCLECI thats 1 .env for each api for each stage, so six in total, (login, book, order) x main, develop"
                            }
                        ]
                    }
                ]
            }
        ],
        "thread_ts": "1632724523.004800",
        "parent_user_id": "U028Q9GDXN3"
    },
    {
        "client_msg_id": "b1700f90-804a-4b59-bc85-f034e0a55e19",
        "type": "message",
        "text": "its important to set a valid health check for the target group of a load balancer otherwise the load balancer will constantly reload the ECS service",
        "user": "U028Q9GDXN3",
        "ts": "1632936553.016400",
        "team": "T028CNVFETF",
        "user_team": "T028CNVFETF",
        "source_team": "T028CNVFETF",
        "user_profile": {
            "avatar_hash": "a6bbad4a67bc",
            "image_72": "https:\/\/avatars.slack-edge.com\/2021-07-26\/2308025050517_a6bbad4a67bc3cebd1c6_72.png",
            "first_name": "",
            "real_name": "Jack Hollis-London",
            "display_name": "Jack Hollis-London",
            "team": "T028CNVFETF",
            "name": "s3585034",
            "is_restricted": false,
            "is_ultra_restricted": false
        },
        "blocks": [
            {
                "type": "rich_text",
                "block_id": "=l6aF",
                "elements": [
                    {
                        "type": "rich_text_section",
                        "elements": [
                            {
                                "type": "text",
                                "text": "its important to set a valid health check for the target group of a load balancer otherwise the load balancer will constantly reload the ECS service"
                            }
                        ]
                    }
                ]
            }
        ],
        "thread_ts": "1632724523.004800",
        "parent_user_id": "U028Q9GDXN3"
    },
    {
        "client_msg_id": "da06fb50-ed0b-4230-baf5-f4d8dfbe2759",
        "type": "message",
        "text": "we need to have an endpoint on the book microservice that AWS can ping and always get a 200 OK response as health check",
        "user": "U028Q9GDXN3",
        "ts": "1632939376.017200",
        "team": "T028CNVFETF",
        "user_team": "T028CNVFETF",
        "source_team": "T028CNVFETF",
        "user_profile": {
            "avatar_hash": "a6bbad4a67bc",
            "image_72": "https:\/\/avatars.slack-edge.com\/2021-07-26\/2308025050517_a6bbad4a67bc3cebd1c6_72.png",
            "first_name": "",
            "real_name": "Jack Hollis-London",
            "display_name": "Jack Hollis-London",
            "team": "T028CNVFETF",
            "name": "s3585034",
            "is_restricted": false,
            "is_ultra_restricted": false
        },
        "blocks": [
            {
                "type": "rich_text",
                "block_id": "7gZ",
                "elements": [
                    {
                        "type": "rich_text_section",
                        "elements": [
                            {
                                "type": "text",
                                "text": "we need to have an endpoint on the book microservice that AWS can ping and always get a 200 OK response as health check"
                            }
                        ]
                    }
                ]
            }
        ]
    },
    {
        "client_msg_id": "9483604c-48ee-4839-918d-c71805a3343d",
        "type": "message",
        "text": "and the orders microservice too",
        "user": "U028Q9GDXN3",
        "ts": "1632939390.017500",
        "team": "T028CNVFETF",
        "user_team": "T028CNVFETF",
        "source_team": "T028CNVFETF",
        "user_profile": {
            "avatar_hash": "a6bbad4a67bc",
            "image_72": "https:\/\/avatars.slack-edge.com\/2021-07-26\/2308025050517_a6bbad4a67bc3cebd1c6_72.png",
            "first_name": "",
            "real_name": "Jack Hollis-London",
            "display_name": "Jack Hollis-London",
            "team": "T028CNVFETF",
            "name": "s3585034",
            "is_restricted": false,
            "is_ultra_restricted": false
        },
        "blocks": [
            {
                "type": "rich_text",
                "block_id": "xUD",
                "elements": [
                    {
                        "type": "rich_text_section",
                        "elements": [
                            {
                                "type": "text",
                                "text": "and the orders microservice too"
                            }
                        ]
                    }
                ]
            }
        ],
        "thread_ts": "1632939390.017500",
        "reply_count": 2,
        "reply_users_count": 2,
        "latest_reply": "1632973321.020800",
        "reply_users": [
            "U028UDDAWAD",
            "U028Q9GDXN3"
        ],
        "replies": [
            {
                "user": "U028UDDAWAD",
                "ts": "1632971699.017700"
            },
            {
                "user": "U028Q9GDXN3",
                "ts": "1632973321.020800"
            }
        ],
        "is_locked": false,
        "subscribed": true,
        "last_read": "1632971699.017700"
    },
    {
        "client_msg_id": "850b1ca7-14f2-4f8c-9d9b-be5c1e16f188",
        "type": "message",
        "text": "I'll add one to the orders.",
        "user": "U028UDDAWAD",
        "ts": "1632971699.017700",
        "team": "T028CNVFETF",
        "user_team": "T028CNVFETF",
        "source_team": "T028CNVFETF",
        "user_profile": {
            "avatar_hash": "gbc659f0070f",
            "image_72": "https:\/\/secure.gravatar.com\/avatar\/bc659f0070f49e4d9ea463fb700c9f95.jpg?s=72&d=https%3A%2F%2Fa.slack-edge.com%2Fdf10d%2Fimg%2Favatars%2Fava_0021-72.png",
            "first_name": "Jacob",
            "real_name": "Jacob McEwan",
            "display_name": "Jacob McEwan",
            "team": "T028CNVFETF",
            "name": "s3841062",
            "is_restricted": false,
            "is_ultra_restricted": false
        },
        "blocks": [
            {
                "type": "rich_text",
                "block_id": "ebxud",
                "elements": [
                    {
                        "type": "rich_text_section",
                        "elements": [
                            {
                                "type": "text",
                                "text": "I'll add one to the orders."
                            }
                        ]
                    }
                ]
            }
        ],
        "thread_ts": "1632939390.017500",
        "parent_user_id": "U028Q9GDXN3"
    },
    {
        "client_msg_id": "04bed877-5300-4f21-afef-a0898edea549",
        "type": "message",
        "text": "How does everyone feel about changing recoil to use the full URL as an ID as opposed to just the number? This should fix the issue I'm having and follow REST principles better. The slight downside is that Recoil might double up on a resource based on if it was from an association vs it's own URL.",
        "user": "U028UDDAWAD",
        "ts": "1632971775.019300",
        "team": "T028CNVFETF",
        "user_team": "T028CNVFETF",
        "source_team": "T028CNVFETF",
        "user_profile": {
            "avatar_hash": "gbc659f0070f",
            "image_72": "https:\/\/secure.gravatar.com\/avatar\/bc659f0070f49e4d9ea463fb700c9f95.jpg?s=72&d=https%3A%2F%2Fa.slack-edge.com%2Fdf10d%2Fimg%2Favatars%2Fava_0021-72.png",
            "first_name": "Jacob",
            "real_name": "Jacob McEwan",
            "display_name": "Jacob McEwan",
            "team": "T028CNVFETF",
            "name": "s3841062",
            "is_restricted": false,
            "is_ultra_restricted": false
        },
        "blocks": [
            {
                "type": "rich_text",
                "block_id": "ds7",
                "elements": [
                    {
                        "type": "rich_text_section",
                        "elements": [
                            {
                                "type": "text",
                                "text": "How does everyone feel about changing recoil to use the full URL as an ID as opposed to just the number? This should fix the issue I'm having and follow REST principles better. The slight downside is that Recoil might double up on a resource based on if it was from an association vs it's own URL."
                            }
                        ]
                    }
                ]
            }
        ],
        "thread_ts": "1632971775.019300",
        "reply_count": 18,
        "reply_users_count": 2,
        "latest_reply": "1633129982.003300",
        "reply_users": [
            "U028UDDAWAD",
            "U028Q9GDXN3"
        ],
        "replies": [
            {
                "user": "U028UDDAWAD",
                "ts": "1632971822.019400"
            },
            {
                "user": "U028Q9GDXN3",
                "ts": "1632972132.019600"
            },
            {
                "user": "U028Q9GDXN3",
                "ts": "1632972842.019800"
            },
            {
                "user": "U028Q9GDXN3",
                "ts": "1632973095.020400"
            },
            {
                "user": "U028Q9GDXN3",
                "ts": "1632973124.020600"
            },
            {
                "user": "U028UDDAWAD",
                "ts": "1632974203.021000"
            },
            {
                "user": "U028Q9GDXN3",
                "ts": "1632974711.021200"
            },
            {
                "user": "U028Q9GDXN3",
                "ts": "1632974729.021400"
            },
            {
                "user": "U028UDDAWAD",
                "ts": "1632988186.023700"
            },
            {
                "user": "U028Q9GDXN3",
                "ts": "1632988235.023900"
            },
            {
                "user": "U028UDDAWAD",
                "ts": "1632991374.024100"
            },
            {
                "user": "U028Q9GDXN3",
                "ts": "1633067454.001600"
            },
            {
                "user": "U028Q9GDXN3",
                "ts": "1633129812.001800"
            },
            {
                "user": "U028Q9GDXN3",
                "ts": "1633129837.002000"
            },
            {
                "user": "U028Q9GDXN3",
                "ts": "1633129860.002400"
            },
            {
                "user": "U028Q9GDXN3",
                "ts": "1633129872.002800"
            },
            {
                "user": "U028Q9GDXN3",
                "ts": "1633129931.003100"
            },
            {
                "user": "U028Q9GDXN3",
                "ts": "1633129982.003300"
            }
        ],
        "is_locked": false,
        "subscribed": true,
        "last_read": "1633129982.003300"
    },
    {
        "client_msg_id": "3057d5ff-3c5e-47fa-b22b-eb0b1532243e",
        "type": "message",
        "text": "Everything I've tried to expose the IDs is either deprtecated or just flat out doesn't work, and this fix should only take me an hour or two to egt working 100%",
        "user": "U028UDDAWAD",
        "ts": "1632971822.019400",
        "team": "T028CNVFETF",
        "user_team": "T028CNVFETF",
        "source_team": "T028CNVFETF",
        "user_profile": {
            "avatar_hash": "gbc659f0070f",
            "image_72": "https:\/\/secure.gravatar.com\/avatar\/bc659f0070f49e4d9ea463fb700c9f95.jpg?s=72&d=https%3A%2F%2Fa.slack-edge.com%2Fdf10d%2Fimg%2Favatars%2Fava_0021-72.png",
            "first_name": "Jacob",
            "real_name": "Jacob McEwan",
            "display_name": "Jacob McEwan",
            "team": "T028CNVFETF",
            "name": "s3841062",
            "is_restricted": false,
            "is_ultra_restricted": false
        },
        "blocks": [
            {
                "type": "rich_text",
                "block_id": "FA6n4",
                "elements": [
                    {
                        "type": "rich_text_section",
                        "elements": [
                            {
                                "type": "text",
                                "text": "Everything I've tried to expose the IDs is either deprtecated or just flat out doesn't work, and this fix should only take me an hour or two to egt working 100%"
                            }
                        ]
                    }
                ]
            }
        ],
        "thread_ts": "1632971775.019300",
        "parent_user_id": "U028UDDAWAD"
    },
    {
        "client_msg_id": "8abe6ca6-53a0-401d-950a-08dce11ccede",
        "type": "message",
        "text": "1 second",
        "user": "U028Q9GDXN3",
        "ts": "1632972132.019600",
        "team": "T028CNVFETF",
        "user_team": "T028CNVFETF",
        "source_team": "T028CNVFETF",
        "user_profile": {
            "avatar_hash": "a6bbad4a67bc",
            "image_72": "https:\/\/avatars.slack-edge.com\/2021-07-26\/2308025050517_a6bbad4a67bc3cebd1c6_72.png",
            "first_name": "",
            "real_name": "Jack Hollis-London",
            "display_name": "Jack Hollis-London",
            "team": "T028CNVFETF",
            "name": "s3585034",
            "is_restricted": false,
            "is_ultra_restricted": false
        },
        "blocks": [
            {
                "type": "rich_text",
                "block_id": "eJfw",
                "elements": [
                    {
                        "type": "rich_text_section",
                        "elements": [
                            {
                                "type": "text",
                                "text": "1 second"
                            }
                        ]
                    }
                ]
            }
        ],
        "thread_ts": "1632971775.019300",
        "parent_user_id": "U028UDDAWAD"
    },
    {
        "client_msg_id": "0da869b8-7335-446d-8ea1-08f995186ffa",
        "type": "message",
        "text": "sprint.rest.data is starting to become more trouble than its worth",
        "user": "U028Q9GDXN3",
        "ts": "1632972842.019800",
        "team": "T028CNVFETF",
        "user_team": "T028CNVFETF",
        "source_team": "T028CNVFETF",
        "user_profile": {
            "avatar_hash": "a6bbad4a67bc",
            "image_72": "https:\/\/avatars.slack-edge.com\/2021-07-26\/2308025050517_a6bbad4a67bc3cebd1c6_72.png",
            "first_name": "",
            "real_name": "Jack Hollis-London",
            "display_name": "Jack Hollis-London",
            "team": "T028CNVFETF",
            "name": "s3585034",
            "is_restricted": false,
            "is_ultra_restricted": false
        },
        "blocks": [
            {
                "type": "rich_text",
                "block_id": "MkS0",
                "elements": [
                    {
                        "type": "rich_text_section",
                        "elements": [
                            {
                                "type": "text",
                                "text": "sprint.rest.data is starting to become more trouble than its worth"
                            }
                        ]
                    }
                ]
            }
        ],
        "thread_ts": "1632971775.019300",
        "parent_user_id": "U028UDDAWAD"
    },
    {
        "client_msg_id": "2b9e6fa1-7bdb-4587-8a27-138d9b3136b9",
        "type": "message",
        "text": "theres still no authentication when creating books, anyone can do anything to books, we need to fix that",
        "user": "U028Q9GDXN3",
        "ts": "1632973095.020400",
        "team": "T028CNVFETF",
        "user_team": "T028CNVFETF",
        "source_team": "T028CNVFETF",
        "user_profile": {
            "avatar_hash": "a6bbad4a67bc",
            "image_72": "https:\/\/avatars.slack-edge.com\/2021-07-26\/2308025050517_a6bbad4a67bc3cebd1c6_72.png",
            "first_name": "",
            "real_name": "Jack Hollis-London",
            "display_name": "Jack Hollis-London",
            "team": "T028CNVFETF",
            "name": "s3585034",
            "is_restricted": false,
            "is_ultra_restricted": false
        },
        "blocks": [
            {
                "type": "rich_text",
                "block_id": "0107f",
                "elements": [
                    {
                        "type": "rich_text_section",
                        "elements": [
                            {
                                "type": "text",
                                "text": "theres still no authentication when creating books, anyone can do anything to books, we need to fix that"
                            }
                        ]
                    }
                ]
            }
        ],
        "thread_ts": "1632971775.019300",
        "parent_user_id": "U028UDDAWAD"
    },
    {
        "client_msg_id": "869158cb-9cc0-4d55-ad07-b394a91e0969",
        "type": "message",
        "text": "if we cant do that in spring rest data we'll have to create the endpoints",
        "user": "U028Q9GDXN3",
        "ts": "1632973124.020600",
        "team": "T028CNVFETF",
        "user_team": "T028CNVFETF",
        "source_team": "T028CNVFETF",
        "user_profile": {
            "avatar_hash": "a6bbad4a67bc",
            "image_72": "https:\/\/avatars.slack-edge.com\/2021-07-26\/2308025050517_a6bbad4a67bc3cebd1c6_72.png",
            "first_name": "",
            "real_name": "Jack Hollis-London",
            "display_name": "Jack Hollis-London",
            "team": "T028CNVFETF",
            "name": "s3585034",
            "is_restricted": false,
            "is_ultra_restricted": false
        },
        "blocks": [
            {
                "type": "rich_text",
                "block_id": "k7LmC",
                "elements": [
                    {
                        "type": "rich_text_section",
                        "elements": [
                            {
                                "type": "text",
                                "text": "if we cant do that in spring rest data we'll have to create the endpoints"
                            }
                        ]
                    }
                ]
            }
        ],
        "thread_ts": "1632971775.019300",
        "parent_user_id": "U028UDDAWAD"
    },
    {
        "client_msg_id": "b7bde8c3-3ae9-4a9c-83b1-0d66f50b71ed",
        "type": "message",
        "text": "Im adding one to BookController",
        "user": "U028Q9GDXN3",
        "ts": "1632973321.020800",
        "team": "T028CNVFETF",
        "user_team": "T028CNVFETF",
        "source_team": "T028CNVFETF",
        "user_profile": {
            "avatar_hash": "a6bbad4a67bc",
            "image_72": "https:\/\/avatars.slack-edge.com\/2021-07-26\/2308025050517_a6bbad4a67bc3cebd1c6_72.png",
            "first_name": "",
            "real_name": "Jack Hollis-London",
            "display_name": "Jack Hollis-London",
            "team": "T028CNVFETF",
            "name": "s3585034",
            "is_restricted": false,
            "is_ultra_restricted": false
        },
        "blocks": [
            {
                "type": "rich_text",
                "block_id": "Sksh0",
                "elements": [
                    {
                        "type": "rich_text_section",
                        "elements": [
                            {
                                "type": "text",
                                "text": "Im adding one to BookController"
                            }
                        ]
                    }
                ]
            }
        ],
        "thread_ts": "1632939390.017500",
        "parent_user_id": "U028Q9GDXN3"
    },
    {
        "client_msg_id": "1e1b53a6-19d5-43b6-bee3-de2110bce146",
        "type": "message",
        "text": "I was thinking the same but the time needed to do that is massive. Might be something we do for our final sprint as a refactor sprint?",
        "user": "U028UDDAWAD",
        "ts": "1632974203.021000",
        "team": "T028CNVFETF",
        "user_team": "T028CNVFETF",
        "source_team": "T028CNVFETF",
        "user_profile": {
            "avatar_hash": "gbc659f0070f",
            "image_72": "https:\/\/secure.gravatar.com\/avatar\/bc659f0070f49e4d9ea463fb700c9f95.jpg?s=72&d=https%3A%2F%2Fa.slack-edge.com%2Fdf10d%2Fimg%2Favatars%2Fava_0021-72.png",
            "first_name": "Jacob",
            "real_name": "Jacob McEwan",
            "display_name": "Jacob McEwan",
            "team": "T028CNVFETF",
            "name": "s3841062",
            "is_restricted": false,
            "is_ultra_restricted": false
        },
        "blocks": [
            {
                "type": "rich_text",
                "block_id": "j0n",
                "elements": [
                    {
                        "type": "rich_text_section",
                        "elements": [
                            {
                                "type": "text",
                                "text": "I was thinking the same but the time needed to do that is massive. Might be something we do for our final sprint as a refactor sprint?"
                            }
                        ]
                    }
                ]
            }
        ],
        "thread_ts": "1632971775.019300",
        "parent_user_id": "U028UDDAWAD"
    },
    {
        "client_msg_id": "e34336b9-2db7-424a-896f-2df67e68a3e1",
        "type": "message",
        "text": "its all for milestone 3 so its gonna take time up some time to do it eventually",
        "user": "U028Q9GDXN3",
        "ts": "1632974711.021200",
        "team": "T028CNVFETF",
        "user_team": "T028CNVFETF",
        "source_team": "T028CNVFETF",
        "user_profile": {
            "avatar_hash": "a6bbad4a67bc",
            "image_72": "https:\/\/avatars.slack-edge.com\/2021-07-26\/2308025050517_a6bbad4a67bc3cebd1c6_72.png",
            "first_name": "",
            "real_name": "Jack Hollis-London",
            "display_name": "Jack Hollis-London",
            "team": "T028CNVFETF",
            "name": "s3585034",
            "is_restricted": false,
            "is_ultra_restricted": false
        },
        "blocks": [
            {
                "type": "rich_text",
                "block_id": "+Dn8",
                "elements": [
                    {
                        "type": "rich_text_section",
                        "elements": [
                            {
                                "type": "text",
                                "text": "its all for milestone 3 so its gonna take time up some time to do it eventually"
                            }
                        ]
                    }
                ]
            }
        ],
        "thread_ts": "1632971775.019300",
        "parent_user_id": "U028UDDAWAD"
    },
    {
        "client_msg_id": "9f2ea1cd-86ae-4140-81ee-3cbbf4349eea",
        "type": "message",
        "text": "would be better to do it now so its not so complicated",
        "user": "U028Q9GDXN3",
        "ts": "1632974729.021400",
        "team": "T028CNVFETF",
        "user_team": "T028CNVFETF",
        "source_team": "T028CNVFETF",
        "user_profile": {
            "avatar_hash": "a6bbad4a67bc",
            "image_72": "https:\/\/avatars.slack-edge.com\/2021-07-26\/2308025050517_a6bbad4a67bc3cebd1c6_72.png",
            "first_name": "",
            "real_name": "Jack Hollis-London",
            "display_name": "Jack Hollis-London",
            "team": "T028CNVFETF",
            "name": "s3585034",
            "is_restricted": false,
            "is_ultra_restricted": false
        },
        "blocks": [
            {
                "type": "rich_text",
                "block_id": "OtVdV",
                "elements": [
                    {
                        "type": "rich_text_section",
                        "elements": [
                            {
                                "type": "text",
                                "text": "would be better to do it now so its not so complicated"
                            }
                        ]
                    }
                ]
            }
        ],
        "thread_ts": "1632971775.019300",
        "parent_user_id": "U028UDDAWAD"
    }
]