[
    {
        "client_msg_id": "4dc8892d-f300-4d93-abe8-aac4332e09f9",
        "type": "message",
        "text": "<https:\/\/github.com\/Someoneamzing\/sept-group-assignment\/tree\/SEP-18-Edit-User-Details-Moritz>",
        "user": "U02812J04H5",
        "ts": "1633679944.028900",
        "team": "T028CNVFETF",
        "user_team": "T028CNVFETF",
        "source_team": "T028CNVFETF",
        "user_profile": {
            "avatar_hash": "g9ff92d51e82",
            "image_72": "https:\/\/secure.gravatar.com\/avatar\/9ff92d51e820b2c762e345cf0c31cdb3.jpg?s=72&d=https%3A%2F%2Fa.slack-edge.com%2Fdf10d%2Fimg%2Favatars%2Fava_0020-72.png",
            "first_name": "",
            "real_name": "Moritz Hauptmann",
            "display_name": "Moritz Hauptmann",
            "team": "T028CNVFETF",
            "name": "s3851298",
            "is_restricted": false,
            "is_ultra_restricted": false
        },
        "blocks": [
            {
                "type": "rich_text",
                "block_id": "7cq",
                "elements": [
                    {
                        "type": "rich_text_section",
                        "elements": [
                            {
                                "type": "link",
                                "url": "https:\/\/github.com\/Someoneamzing\/sept-group-assignment\/tree\/SEP-18-Edit-User-Details-Moritz"
                            }
                        ]
                    }
                ]
            }
        ],
        "thread_ts": "1633647336.026900",
        "parent_user_id": "U02812J04H5"
    },
    {
        "client_msg_id": "22f6b5af-6ccb-49a3-9ec1-40ddc301cbe7",
        "type": "message",
        "text": "this is my current state..",
        "user": "U02812J04H5",
        "ts": "1633679958.029100",
        "team": "T028CNVFETF",
        "user_team": "T028CNVFETF",
        "source_team": "T028CNVFETF",
        "user_profile": {
            "avatar_hash": "g9ff92d51e82",
            "image_72": "https:\/\/secure.gravatar.com\/avatar\/9ff92d51e820b2c762e345cf0c31cdb3.jpg?s=72&d=https%3A%2F%2Fa.slack-edge.com%2Fdf10d%2Fimg%2Favatars%2Fava_0020-72.png",
            "first_name": "",
            "real_name": "Moritz Hauptmann",
            "display_name": "Moritz Hauptmann",
            "team": "T028CNVFETF",
            "name": "s3851298",
            "is_restricted": false,
            "is_ultra_restricted": false
        },
        "blocks": [
            {
                "type": "rich_text",
                "block_id": "PbCX",
                "elements": [
                    {
                        "type": "rich_text_section",
                        "elements": [
                            {
                                "type": "text",
                                "text": "this is my current state.."
                            }
                        ]
                    }
                ]
            }
        ],
        "thread_ts": "1633647336.026900",
        "parent_user_id": "U02812J04H5"
    },
    {
        "client_msg_id": "38dabdef-5636-4180-a599-9815e6c25c18",
        "type": "message",
        "text": "i dont think we have requested the token anywhere else then in the userAtomFamily in users.js",
        "user": "U02812J04H5",
        "ts": "1633680073.029300",
        "team": "T028CNVFETF",
        "user_team": "T028CNVFETF",
        "source_team": "T028CNVFETF",
        "user_profile": {
            "avatar_hash": "g9ff92d51e82",
            "image_72": "https:\/\/secure.gravatar.com\/avatar\/9ff92d51e820b2c762e345cf0c31cdb3.jpg?s=72&d=https%3A%2F%2Fa.slack-edge.com%2Fdf10d%2Fimg%2Favatars%2Fava_0020-72.png",
            "first_name": "",
            "real_name": "Moritz Hauptmann",
            "display_name": "Moritz Hauptmann",
            "team": "T028CNVFETF",
            "name": "s3851298",
            "is_restricted": false,
            "is_ultra_restricted": false
        },
        "blocks": [
            {
                "type": "rich_text",
                "block_id": "s2iv",
                "elements": [
                    {
                        "type": "rich_text_section",
                        "elements": [
                            {
                                "type": "text",
                                "text": "i dont think we have requested the token anywhere else then in the userAtomFamily in users.js"
                            }
                        ]
                    }
                ]
            }
        ],
        "thread_ts": "1633647336.026900",
        "parent_user_id": "U02812J04H5"
    },
    {
        "client_msg_id": "a9b81c13-d559-4bb3-af16-15c57daaff66",
        "type": "message",
        "text": "whats the file",
        "user": "U028Q9GDXN3",
        "ts": "1633680129.029500",
        "team": "T028CNVFETF",
        "user_team": "T028CNVFETF",
        "source_team": "T028CNVFETF",
        "user_profile": {
            "avatar_hash": "a6bbad4a67bc",
            "image_72": "https:\/\/avatars.slack-edge.com\/2021-07-26\/2308025050517_a6bbad4a67bc3cebd1c6_72.png",
            "first_name": "",
            "real_name": "Jack Hollis-London",
            "display_name": "Jack Hollis-London",
            "team": "T028CNVFETF",
            "name": "s3585034",
            "is_restricted": false,
            "is_ultra_restricted": false
        },
        "blocks": [
            {
                "type": "rich_text",
                "block_id": "KIrJB",
                "elements": [
                    {
                        "type": "rich_text_section",
                        "elements": [
                            {
                                "type": "text",
                                "text": "whats the file"
                            }
                        ]
                    }
                ]
            }
        ],
        "thread_ts": "1633647336.026900",
        "parent_user_id": "U02812J04H5"
    },
    {
        "client_msg_id": "7b20b5af-081b-441d-94a5-f8cbf494cb8c",
        "type": "message",
        "text": "oh you're looking at authentication.js",
        "user": "U028Q9GDXN3",
        "ts": "1633680242.029700",
        "team": "T028CNVFETF",
        "user_team": "T028CNVFETF",
        "source_team": "T028CNVFETF",
        "user_profile": {
            "avatar_hash": "a6bbad4a67bc",
            "image_72": "https:\/\/avatars.slack-edge.com\/2021-07-26\/2308025050517_a6bbad4a67bc3cebd1c6_72.png",
            "first_name": "",
            "real_name": "Jack Hollis-London",
            "display_name": "Jack Hollis-London",
            "team": "T028CNVFETF",
            "name": "s3585034",
            "is_restricted": false,
            "is_ultra_restricted": false
        },
        "blocks": [
            {
                "type": "rich_text",
                "block_id": "Q=6",
                "elements": [
                    {
                        "type": "rich_text_section",
                        "elements": [
                            {
                                "type": "text",
                                "text": "oh you're looking at authentication.js"
                            }
                        ]
                    }
                ]
            }
        ],
        "thread_ts": "1633647336.026900",
        "parent_user_id": "U02812J04H5"
    },
    {
        "client_msg_id": "d90d51f5-e702-4db3-8c46-917b868f3d18",
        "type": "message",
        "text": "i tried writing the function yesterday in users.js as well.. it ment to be used in: <https:\/\/github.com\/Someoneamzing\/sept-group-assignment\/blob\/SEP-18-Edit-User-Details-Moritz\/FrontEnd\/bookeroo\/src\/components\/UserManagement\/EditUser.js|https:\/\/github.com\/Someoneamzing\/sept-group-assignment\/blob\/SEP-18-Edit-User-Detai[…]itz\/FrontEnd\/bookeroo\/src\/components\/UserManagement\/EditUser.js>",
        "user": "U02812J04H5",
        "ts": "1633680251.029900",
        "team": "T028CNVFETF",
        "user_team": "T028CNVFETF",
        "source_team": "T028CNVFETF",
        "user_profile": {
            "avatar_hash": "g9ff92d51e82",
            "image_72": "https:\/\/secure.gravatar.com\/avatar\/9ff92d51e820b2c762e345cf0c31cdb3.jpg?s=72&d=https%3A%2F%2Fa.slack-edge.com%2Fdf10d%2Fimg%2Favatars%2Fava_0020-72.png",
            "first_name": "",
            "real_name": "Moritz Hauptmann",
            "display_name": "Moritz Hauptmann",
            "team": "T028CNVFETF",
            "name": "s3851298",
            "is_restricted": false,
            "is_ultra_restricted": false
        },
        "blocks": [
            {
                "type": "rich_text",
                "block_id": "O\/=",
                "elements": [
                    {
                        "type": "rich_text_section",
                        "elements": [
                            {
                                "type": "text",
                                "text": "i tried writing the function yesterday in users.js as well.. it ment to be used in: "
                            },
                            {
                                "type": "link",
                                "url": "https:\/\/github.com\/Someoneamzing\/sept-group-assignment\/blob\/SEP-18-Edit-User-Details-Moritz\/FrontEnd\/bookeroo\/src\/components\/UserManagement\/EditUser.js",
                                "text": "https:\/\/github.com\/Someoneamzing\/sept-group-assignment\/blob\/SEP-18-Edit-User-Detai[…]itz\/FrontEnd\/bookeroo\/src\/components\/UserManagement\/EditUser.js"
                            }
                        ]
                    }
                ]
            }
        ],
        "thread_ts": "1633647336.026900",
        "parent_user_id": "U02812J04H5"
    },
    {
        "client_msg_id": "06d7c1b4-65a5-442a-a147-bb9574b81b3f",
        "type": "message",
        "text": "yeah what Jacob says above would work",
        "user": "U028Q9GDXN3",
        "ts": "1633680425.030100",
        "team": "T028CNVFETF",
        "user_team": "T028CNVFETF",
        "source_team": "T028CNVFETF",
        "user_profile": {
            "avatar_hash": "a6bbad4a67bc",
            "image_72": "https:\/\/avatars.slack-edge.com\/2021-07-26\/2308025050517_a6bbad4a67bc3cebd1c6_72.png",
            "first_name": "",
            "real_name": "Jack Hollis-London",
            "display_name": "Jack Hollis-London",
            "team": "T028CNVFETF",
            "name": "s3585034",
            "is_restricted": false,
            "is_ultra_restricted": false
        },
        "blocks": [
            {
                "type": "rich_text",
                "block_id": "QRNP",
                "elements": [
                    {
                        "type": "rich_text_section",
                        "elements": [
                            {
                                "type": "text",
                                "text": "yeah what Jacob says above would work"
                            }
                        ]
                    }
                ]
            }
        ],
        "thread_ts": "1633647336.026900",
        "parent_user_id": "U02812J04H5"
    },
    {
        "client_msg_id": "e169222f-b694-4e48-a820-89431839d6df",
        "type": "message",
        "text": "`userAtom` isn't the raw data of the state, it's more of a pointer towards a piece of state stored in the `RecoilRoot` ContextProvider at the root of the app",
        "user": "U028Q9GDXN3",
        "ts": "1633680570.030300",
        "team": "T028CNVFETF",
        "user_team": "T028CNVFETF",
        "source_team": "T028CNVFETF",
        "user_profile": {
            "avatar_hash": "a6bbad4a67bc",
            "image_72": "https:\/\/avatars.slack-edge.com\/2021-07-26\/2308025050517_a6bbad4a67bc3cebd1c6_72.png",
            "first_name": "",
            "real_name": "Jack Hollis-London",
            "display_name": "Jack Hollis-London",
            "team": "T028CNVFETF",
            "name": "s3585034",
            "is_restricted": false,
            "is_ultra_restricted": false
        },
        "blocks": [
            {
                "type": "rich_text",
                "block_id": "MAZG",
                "elements": [
                    {
                        "type": "rich_text_section",
                        "elements": [
                            {
                                "type": "text",
                                "text": "userAtom",
                                "style": {
                                    "code": true
                                }
                            },
                            {
                                "type": "text",
                                "text": " isn't the raw data of the state, it's more of a pointer towards a piece of state stored in the "
                            },
                            {
                                "type": "text",
                                "text": "RecoilRoot",
                                "style": {
                                    "code": true
                                }
                            },
                            {
                                "type": "text",
                                "text": " ContextProvider at the root of the app"
                            }
                        ]
                    }
                ]
            }
        ],
        "thread_ts": "1633647336.026900",
        "parent_user_id": "U02812J04H5"
    },
    {
        "client_msg_id": "002abd1c-8155-4b72-900f-220cc9aac607",
        "type": "message",
        "text": "`const token = await userAtom.token;`",
        "user": "U028Q9GDXN3",
        "ts": "1633680628.030500",
        "team": "T028CNVFETF",
        "user_team": "T028CNVFETF",
        "source_team": "T028CNVFETF",
        "user_profile": {
            "avatar_hash": "a6bbad4a67bc",
            "image_72": "https:\/\/avatars.slack-edge.com\/2021-07-26\/2308025050517_a6bbad4a67bc3cebd1c6_72.png",
            "first_name": "",
            "real_name": "Jack Hollis-London",
            "display_name": "Jack Hollis-London",
            "team": "T028CNVFETF",
            "name": "s3585034",
            "is_restricted": false,
            "is_ultra_restricted": false
        },
        "blocks": [
            {
                "type": "rich_text",
                "block_id": "pnnS",
                "elements": [
                    {
                        "type": "rich_text_section",
                        "elements": [
                            {
                                "type": "text",
                                "text": "const token = await userAtom.token;",
                                "style": {
                                    "code": true
                                }
                            }
                        ]
                    }
                ]
            }
        ],
        "thread_ts": "1633647336.026900",
        "parent_user_id": "U02812J04H5"
    },
    {
        "client_msg_id": "e68d2baf-32ea-4453-b324-24c2fd857db1",
        "type": "message",
        "text": "Could I retrieve the token in my edit User.js like that^^ or would I need to use one of the recoil hooks?",
        "user": "U02812J04H5",
        "ts": "1633680680.030700",
        "team": "T028CNVFETF",
        "user_team": "T028CNVFETF",
        "source_team": "T028CNVFETF",
        "user_profile": {
            "avatar_hash": "g9ff92d51e82",
            "image_72": "https:\/\/secure.gravatar.com\/avatar\/9ff92d51e820b2c762e345cf0c31cdb3.jpg?s=72&d=https%3A%2F%2Fa.slack-edge.com%2Fdf10d%2Fimg%2Favatars%2Fava_0020-72.png",
            "first_name": "",
            "real_name": "Moritz Hauptmann",
            "display_name": "Moritz Hauptmann",
            "team": "T028CNVFETF",
            "name": "s3851298",
            "is_restricted": false,
            "is_ultra_restricted": false
        },
        "blocks": [
            {
                "type": "rich_text",
                "block_id": "hbIB",
                "elements": [
                    {
                        "type": "rich_text_section",
                        "elements": [
                            {
                                "type": "text",
                                "text": "Could I retrieve the token in my edit User.js like that^^ or would I need to use one of the recoil hooks?"
                            }
                        ]
                    }
                ]
            }
        ],
        "thread_ts": "1633647336.026900",
        "parent_user_id": "U02812J04H5"
    },
    {
        "client_msg_id": "c78276f2-9d22-48bb-9425-7cc84b0b2d0a",
        "type": "message",
        "text": "you're already doing it?",
        "user": "U028Q9GDXN3",
        "ts": "1633680695.030900",
        "team": "T028CNVFETF",
        "user_team": "T028CNVFETF",
        "source_team": "T028CNVFETF",
        "user_profile": {
            "avatar_hash": "a6bbad4a67bc",
            "image_72": "https:\/\/avatars.slack-edge.com\/2021-07-26\/2308025050517_a6bbad4a67bc3cebd1c6_72.png",
            "first_name": "",
            "real_name": "Jack Hollis-London",
            "display_name": "Jack Hollis-London",
            "team": "T028CNVFETF",
            "name": "s3585034",
            "is_restricted": false,
            "is_ultra_restricted": false
        },
        "blocks": [
            {
                "type": "rich_text",
                "block_id": "xKz5",
                "elements": [
                    {
                        "type": "rich_text_section",
                        "elements": [
                            {
                                "type": "text",
                                "text": "you're already doing it?"
                            }
                        ]
                    }
                ]
            }
        ],
        "thread_ts": "1633647336.026900",
        "parent_user_id": "U02812J04H5"
    },
    {
        "client_msg_id": "d6bf7e03-5d67-449b-8fa6-2dd451815692",
        "type": "message",
        "text": "const handleSubmit = e =&gt; {\n        e.preventDefault();\n        setErrorMessages({});\n        PutUserApi(user, token)\n            .then((data) =&gt; {\n                setResult(data);\n            })\n            .catch(setErrorMessages);\n    }",
        "user": "U028Q9GDXN3",
        "ts": "1633680707.031100",
        "team": "T028CNVFETF",
        "user_team": "T028CNVFETF",
        "source_team": "T028CNVFETF",
        "user_profile": {
            "avatar_hash": "a6bbad4a67bc",
            "image_72": "https:\/\/avatars.slack-edge.com\/2021-07-26\/2308025050517_a6bbad4a67bc3cebd1c6_72.png",
            "first_name": "",
            "real_name": "Jack Hollis-London",
            "display_name": "Jack Hollis-London",
            "team": "T028CNVFETF",
            "name": "s3585034",
            "is_restricted": false,
            "is_ultra_restricted": false
        },
        "blocks": [
            {
                "type": "rich_text",
                "block_id": "jmzi2",
                "elements": [
                    {
                        "type": "rich_text_section",
                        "elements": [
                            {
                                "type": "text",
                                "text": "const handleSubmit = e => {\n        e.preventDefault();\n        setErrorMessages({});\n        PutUserApi(user, token)\n            .then((data) => {\n                setResult(data);\n            })\n            .catch(setErrorMessages);\n    }"
                            }
                        ]
                    }
                ]
            }
        ],
        "thread_ts": "1633647336.026900",
        "parent_user_id": "U02812J04H5"
    },
    {
        "client_msg_id": "59e8d5cf-7083-4176-8ea0-8988f16a046f",
        "type": "message",
        "text": "that token is being supplied as an argument to the function",
        "user": "U028Q9GDXN3",
        "ts": "1633680729.031300",
        "team": "T028CNVFETF",
        "user_team": "T028CNVFETF",
        "source_team": "T028CNVFETF",
        "user_profile": {
            "avatar_hash": "a6bbad4a67bc",
            "image_72": "https:\/\/avatars.slack-edge.com\/2021-07-26\/2308025050517_a6bbad4a67bc3cebd1c6_72.png",
            "first_name": "",
            "real_name": "Jack Hollis-London",
            "display_name": "Jack Hollis-London",
            "team": "T028CNVFETF",
            "name": "s3585034",
            "is_restricted": false,
            "is_ultra_restricted": false
        },
        "blocks": [
            {
                "type": "rich_text",
                "block_id": "sq2gR",
                "elements": [
                    {
                        "type": "rich_text_section",
                        "elements": [
                            {
                                "type": "text",
                                "text": "that token is being supplied as an argument to the function"
                            }
                        ]
                    }
                ]
            }
        ],
        "thread_ts": "1633647336.026900",
        "parent_user_id": "U02812J04H5"
    },
    {
        "client_msg_id": "26198381-004f-4a7b-99a7-dbaee1a269c1",
        "type": "message",
        "text": "I was trying but the problem was that I was overwriting my user object with the updated one... I think",
        "user": "U02812J04H5",
        "ts": "1633680801.031500",
        "team": "T028CNVFETF",
        "user_team": "T028CNVFETF",
        "source_team": "T028CNVFETF",
        "user_profile": {
            "avatar_hash": "g9ff92d51e82",
            "image_72": "https:\/\/secure.gravatar.com\/avatar\/9ff92d51e820b2c762e345cf0c31cdb3.jpg?s=72&d=https%3A%2F%2Fa.slack-edge.com%2Fdf10d%2Fimg%2Favatars%2Fava_0020-72.png",
            "first_name": "",
            "real_name": "Moritz Hauptmann",
            "display_name": "Moritz Hauptmann",
            "team": "T028CNVFETF",
            "name": "s3851298",
            "is_restricted": false,
            "is_ultra_restricted": false
        },
        "blocks": [
            {
                "type": "rich_text",
                "block_id": "wg4",
                "elements": [
                    {
                        "type": "rich_text_section",
                        "elements": [
                            {
                                "type": "text",
                                "text": "I was trying but the problem was that I was overwriting my user object with the updated one... I think"
                            }
                        ]
                    }
                ]
            }
        ],
        "thread_ts": "1633647336.026900",
        "parent_user_id": "U02812J04H5"
    },
    {
        "client_msg_id": "6c9a1312-5446-41f3-9710-b810508a094e",
        "type": "message",
        "text": "are you editing your own user or a user from the database",
        "user": "U028Q9GDXN3",
        "ts": "1633680866.031700",
        "team": "T028CNVFETF",
        "user_team": "T028CNVFETF",
        "source_team": "T028CNVFETF",
        "user_profile": {
            "avatar_hash": "a6bbad4a67bc",
            "image_72": "https:\/\/avatars.slack-edge.com\/2021-07-26\/2308025050517_a6bbad4a67bc3cebd1c6_72.png",
            "first_name": "",
            "real_name": "Jack Hollis-London",
            "display_name": "Jack Hollis-London",
            "team": "T028CNVFETF",
            "name": "s3585034",
            "is_restricted": false,
            "is_ultra_restricted": false
        },
        "blocks": [
            {
                "type": "rich_text",
                "block_id": "YE6YG",
                "elements": [
                    {
                        "type": "rich_text_section",
                        "elements": [
                            {
                                "type": "text",
                                "text": "are you editing your own user or a user from the database"
                            }
                        ]
                    }
                ]
            }
        ],
        "thread_ts": "1633647336.026900",
        "parent_user_id": "U02812J04H5"
    },
    {
        "client_msg_id": "31e777f7-b4a3-43b9-820d-87c585131e91",
        "type": "message",
        "text": "why this",
        "user": "U028Q9GDXN3",
        "ts": "1633680882.031900",
        "team": "T028CNVFETF",
        "user_team": "T028CNVFETF",
        "source_team": "T028CNVFETF",
        "user_profile": {
            "avatar_hash": "a6bbad4a67bc",
            "image_72": "https:\/\/avatars.slack-edge.com\/2021-07-26\/2308025050517_a6bbad4a67bc3cebd1c6_72.png",
            "first_name": "",
            "real_name": "Jack Hollis-London",
            "display_name": "Jack Hollis-London",
            "team": "T028CNVFETF",
            "name": "s3585034",
            "is_restricted": false,
            "is_ultra_restricted": false
        },
        "blocks": [
            {
                "type": "rich_text",
                "block_id": "K2Cil",
                "elements": [
                    {
                        "type": "rich_text_section",
                        "elements": [
                            {
                                "type": "text",
                                "text": "why this"
                            }
                        ]
                    }
                ]
            }
        ],
        "thread_ts": "1633647336.026900",
        "parent_user_id": "U02812J04H5"
    },
    {
        "client_msg_id": "5dea0193-654d-4355-996b-7675fa15b3cc",
        "type": "message",
        "text": "function handleChange(e) {\n        setUser({\n            [e.target.name]: e.target.value\n        });\n    }",
        "user": "U028Q9GDXN3",
        "ts": "1633680882.032100",
        "team": "T028CNVFETF",
        "user_team": "T028CNVFETF",
        "source_team": "T028CNVFETF",
        "user_profile": {
            "avatar_hash": "a6bbad4a67bc",
            "image_72": "https:\/\/avatars.slack-edge.com\/2021-07-26\/2308025050517_a6bbad4a67bc3cebd1c6_72.png",
            "first_name": "",
            "real_name": "Jack Hollis-London",
            "display_name": "Jack Hollis-London",
            "team": "T028CNVFETF",
            "name": "s3585034",
            "is_restricted": false,
            "is_ultra_restricted": false
        },
        "blocks": [
            {
                "type": "rich_text",
                "block_id": "Bxn",
                "elements": [
                    {
                        "type": "rich_text_section",
                        "elements": [
                            {
                                "type": "text",
                                "text": "function handleChange(e) {\n        setUser({\n            [e.target.name]: e.target.value\n        });\n    }"
                            }
                        ]
                    }
                ]
            }
        ],
        "thread_ts": "1633647336.026900",
        "parent_user_id": "U02812J04H5"
    },
    {
        "client_msg_id": "98afa710-5892-4826-aab0-e7320642b23d",
        "type": "message",
        "text": "that's overriding the logged in user",
        "user": "U028Q9GDXN3",
        "ts": "1633680899.032300",
        "team": "T028CNVFETF",
        "user_team": "T028CNVFETF",
        "source_team": "T028CNVFETF",
        "user_profile": {
            "avatar_hash": "a6bbad4a67bc",
            "image_72": "https:\/\/avatars.slack-edge.com\/2021-07-26\/2308025050517_a6bbad4a67bc3cebd1c6_72.png",
            "first_name": "",
            "real_name": "Jack Hollis-London",
            "display_name": "Jack Hollis-London",
            "team": "T028CNVFETF",
            "name": "s3585034",
            "is_restricted": false,
            "is_ultra_restricted": false
        },
        "blocks": [
            {
                "type": "rich_text",
                "block_id": "6dv",
                "elements": [
                    {
                        "type": "rich_text_section",
                        "elements": [
                            {
                                "type": "text",
                                "text": "that's overriding the logged in user"
                            }
                        ]
                    }
                ]
            }
        ],
        "thread_ts": "1633647336.026900",
        "parent_user_id": "U02812J04H5"
    },
    {
        "client_msg_id": "364bb95f-ef9f-4c83-bb22-c81f1ad798e9",
        "type": "message",
        "text": "I will have to try again I guess.. handle change was ment to update the user and the text field, so I can send the updated user to the backend..",
        "user": "U02812J04H5",
        "ts": "1633688070.032500",
        "team": "T028CNVFETF",
        "user_team": "T028CNVFETF",
        "source_team": "T028CNVFETF",
        "user_profile": {
            "avatar_hash": "g9ff92d51e82",
            "image_72": "https:\/\/secure.gravatar.com\/avatar\/9ff92d51e820b2c762e345cf0c31cdb3.jpg?s=72&d=https%3A%2F%2Fa.slack-edge.com%2Fdf10d%2Fimg%2Favatars%2Fava_0020-72.png",
            "first_name": "",
            "real_name": "Moritz Hauptmann",
            "display_name": "Moritz Hauptmann",
            "team": "T028CNVFETF",
            "name": "s3851298",
            "is_restricted": false,
            "is_ultra_restricted": false
        },
        "blocks": [
            {
                "type": "rich_text",
                "block_id": "VeomB",
                "elements": [
                    {
                        "type": "rich_text_section",
                        "elements": [
                            {
                                "type": "text",
                                "text": "I will have to try again I guess.. handle change was ment to update the user and the text field, so I can send the updated user to the backend.."
                            }
                        ]
                    }
                ]
            }
        ],
        "thread_ts": "1633647336.026900",
        "parent_user_id": "U02812J04H5"
    },
    {
        "client_msg_id": "4eaa666c-3970-428b-af3c-d0e1af443fe1",
        "type": "message",
        "text": "wait hold up I read the code wrong",
        "user": "U028Q9GDXN3",
        "ts": "1633688147.032700",
        "team": "T028CNVFETF",
        "user_team": "T028CNVFETF",
        "source_team": "T028CNVFETF",
        "user_profile": {
            "avatar_hash": "a6bbad4a67bc",
            "image_72": "https:\/\/avatars.slack-edge.com\/2021-07-26\/2308025050517_a6bbad4a67bc3cebd1c6_72.png",
            "first_name": "",
            "real_name": "Jack Hollis-London",
            "display_name": "Jack Hollis-London",
            "team": "T028CNVFETF",
            "name": "s3585034",
            "is_restricted": false,
            "is_ultra_restricted": false
        },
        "blocks": [
            {
                "type": "rich_text",
                "block_id": "bu6w",
                "elements": [
                    {
                        "type": "rich_text_section",
                        "elements": [
                            {
                                "type": "text",
                                "text": "wait hold up I read the code wrong"
                            }
                        ]
                    }
                ]
            }
        ],
        "thread_ts": "1633647336.026900",
        "parent_user_id": "U02812J04H5"
    },
    {
        "client_msg_id": "0d45a198-8b0b-43af-bd96-76d183957756",
        "type": "message",
        "text": "I don't know what this is\n```export default function EditUser (props) {\n\tconst [user, setUser] = useState(props);\n\tconst token = useState(props).token;```",
        "user": "U028Q9GDXN3",
        "ts": "1633688179.032900",
        "team": "T028CNVFETF",
        "user_team": "T028CNVFETF",
        "source_team": "T028CNVFETF",
        "user_profile": {
            "avatar_hash": "a6bbad4a67bc",
            "image_72": "https:\/\/avatars.slack-edge.com\/2021-07-26\/2308025050517_a6bbad4a67bc3cebd1c6_72.png",
            "first_name": "",
            "real_name": "Jack Hollis-London",
            "display_name": "Jack Hollis-London",
            "team": "T028CNVFETF",
            "name": "s3585034",
            "is_restricted": false,
            "is_ultra_restricted": false
        },
        "blocks": [
            {
                "type": "rich_text",
                "block_id": "q7uf",
                "elements": [
                    {
                        "type": "rich_text_section",
                        "elements": [
                            {
                                "type": "text",
                                "text": "I don't know what this is\n"
                            }
                        ]
                    },
                    {
                        "type": "rich_text_preformatted",
                        "elements": [
                            {
                                "type": "text",
                                "text": "export default function EditUser (props) {\n\tconst [user, setUser] = useState(props);\n\tconst token = useState(props).token;"
                            }
                        ]
                    }
                ]
            }
        ],
        "thread_ts": "1633647336.026900",
        "parent_user_id": "U02812J04H5"
    },
    {
        "client_msg_id": "9e60edd7-2080-4349-b371-4beaa43b6e43",
        "type": "message",
        "text": "<https:\/\/github.dev\/Someoneamzing\/sept-group-assignment\/blob\/e4c3899d80c45b869151e1b4ed52b350cd69463e\/FrontEnd\/bookeroo\/src\/components\/UserManagement\/Login.js#L24-L24|https:\/\/github.dev\/Someoneamzing\/sept-group-assignment\/blob\/e4c3899d80c45b869151e1[…]69463e\/FrontEnd\/bookeroo\/src\/components\/UserManagement\/Login.js> this is an example of using the userAtom",
        "user": "U028Q9GDXN3",
        "ts": "1633688279.033100",
        "team": "T028CNVFETF",
        "user_team": "T028CNVFETF",
        "source_team": "T028CNVFETF",
        "user_profile": {
            "avatar_hash": "a6bbad4a67bc",
            "image_72": "https:\/\/avatars.slack-edge.com\/2021-07-26\/2308025050517_a6bbad4a67bc3cebd1c6_72.png",
            "first_name": "",
            "real_name": "Jack Hollis-London",
            "display_name": "Jack Hollis-London",
            "team": "T028CNVFETF",
            "name": "s3585034",
            "is_restricted": false,
            "is_ultra_restricted": false
        },
        "blocks": [
            {
                "type": "rich_text",
                "block_id": "2Dd",
                "elements": [
                    {
                        "type": "rich_text_section",
                        "elements": [
                            {
                                "type": "link",
                                "url": "https:\/\/github.dev\/Someoneamzing\/sept-group-assignment\/blob\/e4c3899d80c45b869151e1b4ed52b350cd69463e\/FrontEnd\/bookeroo\/src\/components\/UserManagement\/Login.js#L24-L24",
                                "text": "https:\/\/github.dev\/Someoneamzing\/sept-group-assignment\/blob\/e4c3899d80c45b869151e1[…]69463e\/FrontEnd\/bookeroo\/src\/components\/UserManagement\/Login.js"
                            },
                            {
                                "type": "text",
                                "text": " this is an example of using the userAtom"
                            }
                        ]
                    }
                ]
            }
        ],
        "thread_ts": "1633647336.026900",
        "parent_user_id": "U02812J04H5"
    },
    {
        "client_msg_id": "91e9038d-2208-411f-a172-1b6380cfbc9d",
        "type": "message",
        "text": "That was just one of my tries to get the token.. and the user ist in the props..",
        "user": "U02812J04H5",
        "ts": "1633688389.033300",
        "team": "T028CNVFETF",
        "user_team": "T028CNVFETF",
        "source_team": "T028CNVFETF",
        "user_profile": {
            "avatar_hash": "g9ff92d51e82",
            "image_72": "https:\/\/secure.gravatar.com\/avatar\/9ff92d51e820b2c762e345cf0c31cdb3.jpg?s=72&d=https%3A%2F%2Fa.slack-edge.com%2Fdf10d%2Fimg%2Favatars%2Fava_0020-72.png",
            "first_name": "",
            "real_name": "Moritz Hauptmann",
            "display_name": "Moritz Hauptmann",
            "team": "T028CNVFETF",
            "name": "s3851298",
            "is_restricted": false,
            "is_ultra_restricted": false
        },
        "blocks": [
            {
                "type": "rich_text",
                "block_id": "yZ90",
                "elements": [
                    {
                        "type": "rich_text_section",
                        "elements": [
                            {
                                "type": "text",
                                "text": "That was just one of my tries to get the token.. and the user ist in the props.."
                            }
                        ]
                    }
                ]
            }
        ],
        "thread_ts": "1633647336.026900",
        "parent_user_id": "U02812J04H5"
    },
    {
        "client_msg_id": "7e9501d7-27c7-4e30-98ba-482d52c281fe",
        "type": "message",
        "text": "no :slightly_smiling_face:",
        "user": "U028Q9GDXN3",
        "ts": "1633688461.033500",
        "team": "T028CNVFETF",
        "user_team": "T028CNVFETF",
        "source_team": "T028CNVFETF",
        "user_profile": {
            "avatar_hash": "a6bbad4a67bc",
            "image_72": "https:\/\/avatars.slack-edge.com\/2021-07-26\/2308025050517_a6bbad4a67bc3cebd1c6_72.png",
            "first_name": "",
            "real_name": "Jack Hollis-London",
            "display_name": "Jack Hollis-London",
            "team": "T028CNVFETF",
            "name": "s3585034",
            "is_restricted": false,
            "is_ultra_restricted": false
        },
        "edited": {
            "user": "U028Q9GDXN3",
            "ts": "1633688488.000000"
        },
        "blocks": [
            {
                "type": "rich_text",
                "block_id": "pym",
                "elements": [
                    {
                        "type": "rich_text_section",
                        "elements": [
                            {
                                "type": "text",
                                "text": "no "
                            },
                            {
                                "type": "emoji",
                                "name": "slightly_smiling_face"
                            }
                        ]
                    }
                ]
            }
        ],
        "thread_ts": "1633647336.026900",
        "parent_user_id": "U02812J04H5"
    },
    {
        "client_msg_id": "f6409249-6af2-4086-ac50-eed968f1f8a1",
        "type": "message",
        "text": "Should we have a quick call in teams?",
        "user": "U02812J04H5",
        "ts": "1633688487.033700",
        "team": "T028CNVFETF",
        "user_team": "T028CNVFETF",
        "source_team": "T028CNVFETF",
        "user_profile": {
            "avatar_hash": "g9ff92d51e82",
            "image_72": "https:\/\/secure.gravatar.com\/avatar\/9ff92d51e820b2c762e345cf0c31cdb3.jpg?s=72&d=https%3A%2F%2Fa.slack-edge.com%2Fdf10d%2Fimg%2Favatars%2Fava_0020-72.png",
            "first_name": "",
            "real_name": "Moritz Hauptmann",
            "display_name": "Moritz Hauptmann",
            "team": "T028CNVFETF",
            "name": "s3851298",
            "is_restricted": false,
            "is_ultra_restricted": false
        },
        "blocks": [
            {
                "type": "rich_text",
                "block_id": "hQF9G",
                "elements": [
                    {
                        "type": "rich_text_section",
                        "elements": [
                            {
                                "type": "text",
                                "text": "Should we have a quick call in teams?"
                            }
                        ]
                    }
                ]
            }
        ],
        "thread_ts": "1633647336.026900",
        "parent_user_id": "U02812J04H5"
    },
    {
        "client_msg_id": "3808585c-33a7-4b6c-ae78-0988adc0d2dc",
        "type": "message",
        "text": "ok",
        "user": "U028Q9GDXN3",
        "ts": "1633688495.034000",
        "team": "T028CNVFETF",
        "user_team": "T028CNVFETF",
        "source_team": "T028CNVFETF",
        "user_profile": {
            "avatar_hash": "a6bbad4a67bc",
            "image_72": "https:\/\/avatars.slack-edge.com\/2021-07-26\/2308025050517_a6bbad4a67bc3cebd1c6_72.png",
            "first_name": "",
            "real_name": "Jack Hollis-London",
            "display_name": "Jack Hollis-London",
            "team": "T028CNVFETF",
            "name": "s3585034",
            "is_restricted": false,
            "is_ultra_restricted": false
        },
        "blocks": [
            {
                "type": "rich_text",
                "block_id": "3GDk",
                "elements": [
                    {
                        "type": "rich_text_section",
                        "elements": [
                            {
                                "type": "text",
                                "text": "ok"
                            }
                        ]
                    }
                ]
            }
        ],
        "thread_ts": "1633647336.026900",
        "parent_user_id": "U02812J04H5"
    },
    {
        "client_msg_id": "e25bf5ea-189a-4360-bf7e-350fc74c21a2",
        "type": "message",
        "text": "im ready",
        "user": "U028Q9GDXN3",
        "ts": "1633688597.034200",
        "team": "T028CNVFETF",
        "user_team": "T028CNVFETF",
        "source_team": "T028CNVFETF",
        "user_profile": {
            "avatar_hash": "a6bbad4a67bc",
            "image_72": "https:\/\/avatars.slack-edge.com\/2021-07-26\/2308025050517_a6bbad4a67bc3cebd1c6_72.png",
            "first_name": "",
            "real_name": "Jack Hollis-London",
            "display_name": "Jack Hollis-London",
            "team": "T028CNVFETF",
            "name": "s3585034",
            "is_restricted": false,
            "is_ultra_restricted": false
        },
        "blocks": [
            {
                "type": "rich_text",
                "block_id": "bYLj",
                "elements": [
                    {
                        "type": "rich_text_section",
                        "elements": [
                            {
                                "type": "text",
                                "text": "im ready"
                            }
                        ]
                    }
                ]
            }
        ],
        "thread_ts": "1633647336.026900",
        "parent_user_id": "U02812J04H5"
    },
    {
        "client_msg_id": "a3ac84be-d2ee-4b17-b5f2-e2b90f7a6d75",
        "type": "message",
        "text": "ok i started the call already..",
        "user": "U02812J04H5",
        "ts": "1633688728.034400",
        "team": "T028CNVFETF",
        "user_team": "T028CNVFETF",
        "source_team": "T028CNVFETF",
        "user_profile": {
            "avatar_hash": "g9ff92d51e82",
            "image_72": "https:\/\/secure.gravatar.com\/avatar\/9ff92d51e820b2c762e345cf0c31cdb3.jpg?s=72&d=https%3A%2F%2Fa.slack-edge.com%2Fdf10d%2Fimg%2Favatars%2Fava_0020-72.png",
            "first_name": "",
            "real_name": "Moritz Hauptmann",
            "display_name": "Moritz Hauptmann",
            "team": "T028CNVFETF",
            "name": "s3851298",
            "is_restricted": false,
            "is_ultra_restricted": false
        },
        "blocks": [
            {
                "type": "rich_text",
                "block_id": "blN=4",
                "elements": [
                    {
                        "type": "rich_text_section",
                        "elements": [
                            {
                                "type": "text",
                                "text": "ok i started the call already.."
                            }
                        ]
                    }
                ]
            }
        ],
        "thread_ts": "1633647336.026900",
        "parent_user_id": "U02812J04H5"
    },
    {
        "client_msg_id": "ff5d0c15-d7b1-445b-902e-3bae186f600b",
        "type": "message",
        "text": "i tried with the hooks, but i still cant seem to figure out how to get the token. The useRefreshUser is not giving me a user and the useUser gives me a user, but no token..",
        "user": "U02812J04H5",
        "ts": "1633738627.035200",
        "team": "T028CNVFETF",
        "user_team": "T028CNVFETF",
        "source_team": "T028CNVFETF",
        "user_profile": {
            "avatar_hash": "g9ff92d51e82",
            "image_72": "https:\/\/secure.gravatar.com\/avatar\/9ff92d51e820b2c762e345cf0c31cdb3.jpg?s=72&d=https%3A%2F%2Fa.slack-edge.com%2Fdf10d%2Fimg%2Favatars%2Fava_0020-72.png",
            "first_name": "",
            "real_name": "Moritz Hauptmann",
            "display_name": "Moritz Hauptmann",
            "team": "T028CNVFETF",
            "name": "s3851298",
            "is_restricted": false,
            "is_ultra_restricted": false
        },
        "blocks": [
            {
                "type": "rich_text",
                "block_id": "NcTpy",
                "elements": [
                    {
                        "type": "rich_text_section",
                        "elements": [
                            {
                                "type": "text",
                                "text": "i tried with the hooks, but i still cant seem to figure out how to get the token. The useRefreshUser is not giving me a user and the useUser gives me a user, but no token.."
                            }
                        ]
                    }
                ]
            }
        ],
        "thread_ts": "1633647336.026900",
        "parent_user_id": "U02812J04H5"
    },
    {
        "client_msg_id": "c81e118f-8976-426a-90d3-7cf560e80ec8",
        "type": "message",
        "text": "this is my user.js atm",
        "user": "U02812J04H5",
        "ts": "1633738799.035400",
        "team": "T028CNVFETF",
        "user_team": "T028CNVFETF",
        "source_team": "T028CNVFETF",
        "user_profile": {
            "avatar_hash": "g9ff92d51e82",
            "image_72": "https:\/\/secure.gravatar.com\/avatar\/9ff92d51e820b2c762e345cf0c31cdb3.jpg?s=72&d=https%3A%2F%2Fa.slack-edge.com%2Fdf10d%2Fimg%2Favatars%2Fava_0020-72.png",
            "first_name": "",
            "real_name": "Moritz Hauptmann",
            "display_name": "Moritz Hauptmann",
            "team": "T028CNVFETF",
            "name": "s3851298",
            "is_restricted": false,
            "is_ultra_restricted": false
        },
        "blocks": [
            {
                "type": "rich_text",
                "block_id": "vkZ",
                "elements": [
                    {
                        "type": "rich_text_section",
                        "elements": [
                            {
                                "type": "text",
                                "text": "this is my user.js atm"
                            }
                        ]
                    }
                ]
            }
        ],
        "thread_ts": "1633647336.026900",
        "parent_user_id": "U02812J04H5"
    },
    {
        "client_msg_id": "2a4f6e37-f5d3-4377-bf43-d63eda0375d2",
        "type": "message",
        "text": "<https:\/\/github.com\/Someoneamzing\/sept-group-assignment\/blob\/SEP-18-Edit-User-Details-Moritz\/FrontEnd\/bookeroo\/src\/state\/user\/users.js>",
        "user": "U02812J04H5",
        "ts": "1633738889.036000",
        "team": "T028CNVFETF",
        "user_team": "T028CNVFETF",
        "source_team": "T028CNVFETF",
        "user_profile": {
            "avatar_hash": "g9ff92d51e82",
            "image_72": "https:\/\/secure.gravatar.com\/avatar\/9ff92d51e820b2c762e345cf0c31cdb3.jpg?s=72&d=https%3A%2F%2Fa.slack-edge.com%2Fdf10d%2Fimg%2Favatars%2Fava_0020-72.png",
            "first_name": "",
            "real_name": "Moritz Hauptmann",
            "display_name": "Moritz Hauptmann",
            "team": "T028CNVFETF",
            "name": "s3851298",
            "is_restricted": false,
            "is_ultra_restricted": false
        },
        "blocks": [
            {
                "type": "rich_text",
                "block_id": "\/3lJH",
                "elements": [
                    {
                        "type": "rich_text_section",
                        "elements": [
                            {
                                "type": "link",
                                "url": "https:\/\/github.com\/Someoneamzing\/sept-group-assignment\/blob\/SEP-18-Edit-User-Details-Moritz\/FrontEnd\/bookeroo\/src\/state\/user\/users.js"
                            }
                        ]
                    }
                ]
            }
        ],
        "thread_ts": "1633647336.026900",
        "parent_user_id": "U02812J04H5"
    },
    {
        "client_msg_id": "cd733321-108a-4870-af52-3f950e534db5",
        "type": "message",
        "text": "and this my edit user:",
        "user": "U02812J04H5",
        "ts": "1633738918.036200",
        "team": "T028CNVFETF",
        "user_team": "T028CNVFETF",
        "source_team": "T028CNVFETF",
        "user_profile": {
            "avatar_hash": "g9ff92d51e82",
            "image_72": "https:\/\/secure.gravatar.com\/avatar\/9ff92d51e820b2c762e345cf0c31cdb3.jpg?s=72&d=https%3A%2F%2Fa.slack-edge.com%2Fdf10d%2Fimg%2Favatars%2Fava_0020-72.png",
            "first_name": "",
            "real_name": "Moritz Hauptmann",
            "display_name": "Moritz Hauptmann",
            "team": "T028CNVFETF",
            "name": "s3851298",
            "is_restricted": false,
            "is_ultra_restricted": false
        },
        "blocks": [
            {
                "type": "rich_text",
                "block_id": "4eld",
                "elements": [
                    {
                        "type": "rich_text_section",
                        "elements": [
                            {
                                "type": "text",
                                "text": "and this my edit user:"
                            }
                        ]
                    }
                ]
            }
        ],
        "thread_ts": "1633647336.026900",
        "parent_user_id": "U02812J04H5"
    },
    {
        "client_msg_id": "6eaa86eb-8e92-4f4e-8a8a-8cda9a99fecb",
        "type": "message",
        "text": "<https:\/\/github.com\/Someoneamzing\/sept-group-assignment\/blob\/SEP-18-Edit-User-Details-Moritz\/FrontEnd\/bookeroo\/src\/components\/UserManagement\/EditUser.js|https:\/\/github.com\/Someoneamzing\/sept-group-assignment\/blob\/SEP-18-Edit-User-Detai[…]itz\/FrontEnd\/bookeroo\/src\/components\/UserManagement\/EditUser.js>",
        "user": "U02812J04H5",
        "ts": "1633738919.036400",
        "team": "T028CNVFETF",
        "user_team": "T028CNVFETF",
        "source_team": "T028CNVFETF",
        "user_profile": {
            "avatar_hash": "g9ff92d51e82",
            "image_72": "https:\/\/secure.gravatar.com\/avatar\/9ff92d51e820b2c762e345cf0c31cdb3.jpg?s=72&d=https%3A%2F%2Fa.slack-edge.com%2Fdf10d%2Fimg%2Favatars%2Fava_0020-72.png",
            "first_name": "",
            "real_name": "Moritz Hauptmann",
            "display_name": "Moritz Hauptmann",
            "team": "T028CNVFETF",
            "name": "s3851298",
            "is_restricted": false,
            "is_ultra_restricted": false
        },
        "blocks": [
            {
                "type": "rich_text",
                "block_id": "5omv",
                "elements": [
                    {
                        "type": "rich_text_section",
                        "elements": [
                            {
                                "type": "link",
                                "url": "https:\/\/github.com\/Someoneamzing\/sept-group-assignment\/blob\/SEP-18-Edit-User-Details-Moritz\/FrontEnd\/bookeroo\/src\/components\/UserManagement\/EditUser.js",
                                "text": "https:\/\/github.com\/Someoneamzing\/sept-group-assignment\/blob\/SEP-18-Edit-User-Detai[…]itz\/FrontEnd\/bookeroo\/src\/components\/UserManagement\/EditUser.js"
                            }
                        ]
                    }
                ]
            }
        ],
        "thread_ts": "1633647336.026900",
        "parent_user_id": "U02812J04H5"
    },
    {
        "client_msg_id": "d11ba220-95ff-4ae2-ab5a-7fda57d7870b",
        "type": "message",
        "text": "you use both hooks, so after PutUserApi has finished you'll need to use `Promise` mechanics to only call the refreshUser after PutUserApi is done, that will make the userSelectorFamily recompute and call the api agai",
        "user": "U028Q9GDXN3",
        "ts": "1633744930.036600",
        "team": "T028CNVFETF",
        "user_team": "T028CNVFETF",
        "source_team": "T028CNVFETF",
        "user_profile": {
            "avatar_hash": "a6bbad4a67bc",
            "image_72": "https:\/\/avatars.slack-edge.com\/2021-07-26\/2308025050517_a6bbad4a67bc3cebd1c6_72.png",
            "first_name": "",
            "real_name": "Jack Hollis-London",
            "display_name": "Jack Hollis-London",
            "team": "T028CNVFETF",
            "name": "s3585034",
            "is_restricted": false,
            "is_ultra_restricted": false
        },
        "blocks": [
            {
                "type": "rich_text",
                "block_id": "vvYES",
                "elements": [
                    {
                        "type": "rich_text_section",
                        "elements": [
                            {
                                "type": "text",
                                "text": "you use both hooks, so after PutUserApi has finished you'll need to use "
                            },
                            {
                                "type": "text",
                                "text": "Promise",
                                "style": {
                                    "code": true
                                }
                            },
                            {
                                "type": "text",
                                "text": " mechanics to only call the refreshUser after PutUserApi is done, that will make the userSelectorFamily recompute and call the api agai"
                            }
                        ]
                    }
                ]
            }
        ],
        "thread_ts": "1633647336.026900",
        "parent_user_id": "U02812J04H5"
    },
    {
        "client_msg_id": "fb9ac83f-5a6d-4a67-8574-d89ff113306b",
        "type": "message",
        "text": "```export default function EditUser () {\n\tconst user = useUser();\n    const refreshUser = useRefreshUser();\n\tconst [open, setOpen] = useState(false);\n\tconst [result, setResult] = useState(false);\n\tconst [errorMessages, setErrorMessages] = useState({});\n\n\tfunction handleOpen() {\n        setOpen(!open);\n    }\n\n\tfunction handleClose() {\n\t\tsetOpen(!open);\n\t}\n\n\tfunction handleChange(e) {\n\t\tuser({\n\t\t\t[e.target.name]: e.target.value\n\t\t});\n\t}\n\n\t\/\/ const handleChange = e =&gt; {\n  \/\/       const {name, value} = e.target;\n  \/\/       user([name], value);\n  \/\/ }\n\n\tconst handleSubmit = e =&gt; {\n\t\te.preventDefault();\n\t\tsetErrorMessages({});\n\t\tPutUserApi(user, user.token)\n            .then((data) =&gt; {\n                setResult(data);\n                refreshUser();\n            })\n            .catch(setErrorMessages);\n\t}```",
        "user": "U028Q9GDXN3",
        "ts": "1633745083.037200",
        "team": "T028CNVFETF",
        "user_team": "T028CNVFETF",
        "source_team": "T028CNVFETF",
        "user_profile": {
            "avatar_hash": "a6bbad4a67bc",
            "image_72": "https:\/\/avatars.slack-edge.com\/2021-07-26\/2308025050517_a6bbad4a67bc3cebd1c6_72.png",
            "first_name": "",
            "real_name": "Jack Hollis-London",
            "display_name": "Jack Hollis-London",
            "team": "T028CNVFETF",
            "name": "s3585034",
            "is_restricted": false,
            "is_ultra_restricted": false
        },
        "blocks": [
            {
                "type": "rich_text",
                "block_id": "ATEwZ",
                "elements": [
                    {
                        "type": "rich_text_preformatted",
                        "elements": [
                            {
                                "type": "text",
                                "text": "export default function EditUser () {\n\tconst user = useUser();\n    const refreshUser = useRefreshUser();\n\tconst [open, setOpen] = useState(false);\n\tconst [result, setResult] = useState(false);\n\tconst [errorMessages, setErrorMessages] = useState({});\n\n\tfunction handleOpen() {\n        setOpen(!open);\n    }\n\n\tfunction handleClose() {\n\t\tsetOpen(!open);\n\t}\n\n\tfunction handleChange(e) {\n\t\tuser({\n\t\t\t[e.target.name]: e.target.value\n\t\t});\n\t}\n\n\t\/\/ const handleChange = e => {\n  \/\/       const {name, value} = e.target;\n  \/\/       user([name], value);\n  \/\/ }\n\n\tconst handleSubmit = e => {\n\t\te.preventDefault();\n\t\tsetErrorMessages({});\n\t\tPutUserApi(user, user.token)\n            .then((data) => {\n                setResult(data);\n                refreshUser();\n            })\n            .catch(setErrorMessages);\n\t}"
                            }
                        ]
                    }
                ]
            }
        ],
        "thread_ts": "1633647336.026900",
        "parent_user_id": "U02812J04H5"
    },
    {
        "type": "message",
        "text": "• Create infrastructure diagrams like this from AWS Academy\n",
        "files": [
            {
                "id": "F02H17CK6TY",
                "created": 1633745273,
                "timestamp": 1633745273,
                "name": "image.png",
                "title": "image.png",
                "mimetype": "image\/png",
                "filetype": "png",
                "pretty_type": "PNG",
                "user": "U028Q9GDXN3",
                "editable": false,
                "size": 129657,
                "mode": "hosted",
                "is_external": false,
                "external_type": "",
                "is_public": true,
                "public_url_shared": false,
                "display_as_bot": false,
                "username": "",
                "url_private": "https:\/\/files.slack.com\/files-pri\/T028CNVFETF-F02H17CK6TY\/image.png?t=xoxe-2284777524933-2639320681602-2636333542453-c87d2329fb29bd04b1bea169bb97cfd5",
                "url_private_download": "https:\/\/files.slack.com\/files-pri\/T028CNVFETF-F02H17CK6TY\/download\/image.png?t=xoxe-2284777524933-2639320681602-2636333542453-c87d2329fb29bd04b1bea169bb97cfd5",
                "media_display_type": "unknown",
                "thumb_64": "https:\/\/files.slack.com\/files-tmb\/T028CNVFETF-F02H17CK6TY-6663104bd0\/image_64.png?t=xoxe-2284777524933-2639320681602-2636333542453-c87d2329fb29bd04b1bea169bb97cfd5",
                "thumb_80": "https:\/\/files.slack.com\/files-tmb\/T028CNVFETF-F02H17CK6TY-6663104bd0\/image_80.png?t=xoxe-2284777524933-2639320681602-2636333542453-c87d2329fb29bd04b1bea169bb97cfd5",
                "thumb_360": "https:\/\/files.slack.com\/files-tmb\/T028CNVFETF-F02H17CK6TY-6663104bd0\/image_360.png?t=xoxe-2284777524933-2639320681602-2636333542453-c87d2329fb29bd04b1bea169bb97cfd5",
                "thumb_360_w": 360,
                "thumb_360_h": 355,
                "thumb_480": "https:\/\/files.slack.com\/files-tmb\/T028CNVFETF-F02H17CK6TY-6663104bd0\/image_480.png?t=xoxe-2284777524933-2639320681602-2636333542453-c87d2329fb29bd04b1bea169bb97cfd5",
                "thumb_480_w": 480,
                "thumb_480_h": 474,
                "thumb_160": "https:\/\/files.slack.com\/files-tmb\/T028CNVFETF-F02H17CK6TY-6663104bd0\/image_160.png?t=xoxe-2284777524933-2639320681602-2636333542453-c87d2329fb29bd04b1bea169bb97cfd5",
                "original_w": 701,
                "original_h": 692,
                "thumb_tiny": "AwAvADDSxRijmloATFIePWnUUAJnHrRu9j+VLSYHpQAjuq43HGTgUvHvTZV3JwMnqBnFIsgJI6EcGgQ\/H1o\/OkJ44\/lSbwWI5GPagY\/NGaQHIpcd6AD0qPdliORjjp1qSmMhZgckY7UAKtNJyxGCMfrTlBFIyFmDZIx2oAVelOpoBAp1AH\/\/2Q==",
                "permalink": "https:\/\/septassignmentproject.slack.com\/files\/U028Q9GDXN3\/F02H17CK6TY\/image.png",
                "permalink_public": "https:\/\/slack-files.com\/T028CNVFETF-F02H17CK6TY-ba7f9d7ea2",
                "is_starred": false,
                "has_rich_preview": false
            }
        ],
        "upload": false,
        "user": "U028Q9GDXN3",
        "display_as_bot": false,
        "ts": "1633745277.037400",
        "blocks": [
            {
                "type": "rich_text",
                "block_id": "M=jv",
                "elements": [
                    {
                        "type": "rich_text_list",
                        "elements": [
                            {
                                "type": "rich_text_section",
                                "elements": [
                                    {
                                        "type": "text",
                                        "text": "Create infrastructure diagrams like this from AWS Academy"
                                    }
                                ]
                            }
                        ],
                        "style": "bullet",
                        "indent": 0,
                        "border": 0
                    },
                    {
                        "type": "rich_text_section",
                        "elements": []
                    }
                ]
            }
        ],
        "client_msg_id": "adb267a8-d905-4f5b-8fbe-95449877d9ed",
        "thread_ts": "1633253076.012200",
        "parent_user_id": "U028Q9GDXN3"
    }
]