[
    {
        "client_msg_id": "3bf178fb-c4da-48e0-8e92-a3e9927b7aa3",
        "type": "message",
        "text": "How about meeting tom at our usual time?",
        "user": "U02812J04H5",
        "ts": "1634553321.035000",
        "team": "T028CNVFETF",
        "user_team": "T028CNVFETF",
        "source_team": "T028CNVFETF",
        "user_profile": {
            "avatar_hash": "g9ff92d51e82",
            "image_72": "https:\/\/secure.gravatar.com\/avatar\/9ff92d51e820b2c762e345cf0c31cdb3.jpg?s=72&d=https%3A%2F%2Fa.slack-edge.com%2Fdf10d%2Fimg%2Favatars%2Fava_0020-72.png",
            "first_name": "",
            "real_name": "Moritz Hauptmann",
            "display_name": "Moritz Hauptmann",
            "team": "T028CNVFETF",
            "name": "s3851298",
            "is_restricted": false,
            "is_ultra_restricted": false
        },
        "blocks": [
            {
                "type": "rich_text",
                "block_id": "Kvn+4",
                "elements": [
                    {
                        "type": "rich_text_section",
                        "elements": [
                            {
                                "type": "text",
                                "text": "How about meeting tom at our usual time?"
                            }
                        ]
                    }
                ]
            }
        ],
        "thread_ts": "1634553321.035000",
        "reply_count": 1,
        "reply_users_count": 1,
        "latest_reply": "1634610660.035100",
        "reply_users": [
            "U028UDDAWAD"
        ],
        "replies": [
            {
                "user": "U028UDDAWAD",
                "ts": "1634610660.035100"
            }
        ],
        "is_locked": false,
        "subscribed": true,
        "last_read": "1634610660.035100"
    },
    {
        "client_msg_id": "cabea1b8-fd35-4932-87e1-9c7e2deecd02",
        "type": "message",
        "text": "I've finished CT so I'm free to meet. How's everyone else going?",
        "user": "U028UDDAWAD",
        "ts": "1634610660.035100",
        "team": "T028CNVFETF",
        "user_team": "T028CNVFETF",
        "source_team": "T028CNVFETF",
        "user_profile": {
            "avatar_hash": "gbc659f0070f",
            "image_72": "https:\/\/secure.gravatar.com\/avatar\/bc659f0070f49e4d9ea463fb700c9f95.jpg?s=72&d=https%3A%2F%2Fa.slack-edge.com%2Fdf10d%2Fimg%2Favatars%2Fava_0021-72.png",
            "first_name": "Jacob",
            "real_name": "Jacob McEwan",
            "display_name": "Jacob McEwan",
            "team": "T028CNVFETF",
            "name": "s3841062",
            "is_restricted": false,
            "is_ultra_restricted": false
        },
        "blocks": [
            {
                "type": "rich_text",
                "block_id": "QSVu",
                "elements": [
                    {
                        "type": "rich_text_section",
                        "elements": [
                            {
                                "type": "text",
                                "text": "I've finished CT so I'm free to meet. How's everyone else going?"
                            }
                        ]
                    }
                ]
            }
        ],
        "thread_ts": "1634553321.035000",
        "parent_user_id": "U02812J04H5"
    },
    {
        "client_msg_id": "c6c4b49b-ba6b-4ec8-aaaa-0976dc227640",
        "type": "message",
        "text": "Is <!everyone> able to meet today?",
        "user": "U028UDDAWAD",
        "ts": "1634613350.035500",
        "team": "T028CNVFETF",
        "user_team": "T028CNVFETF",
        "source_team": "T028CNVFETF",
        "user_profile": {
            "avatar_hash": "gbc659f0070f",
            "image_72": "https:\/\/secure.gravatar.com\/avatar\/bc659f0070f49e4d9ea463fb700c9f95.jpg?s=72&d=https%3A%2F%2Fa.slack-edge.com%2Fdf10d%2Fimg%2Favatars%2Fava_0021-72.png",
            "first_name": "Jacob",
            "real_name": "Jacob McEwan",
            "display_name": "Jacob McEwan",
            "team": "T028CNVFETF",
            "name": "s3841062",
            "is_restricted": false,
            "is_ultra_restricted": false
        },
        "blocks": [
            {
                "type": "rich_text",
                "block_id": "DTSo",
                "elements": [
                    {
                        "type": "rich_text_section",
                        "elements": [
                            {
                                "type": "text",
                                "text": "Is "
                            },
                            {
                                "type": "broadcast",
                                "range": "everyone"
                            },
                            {
                                "type": "text",
                                "text": " able to meet today?"
                            }
                        ]
                    }
                ]
            }
        ],
        "thread_ts": "1634613350.035500",
        "reply_count": 8,
        "reply_users_count": 4,
        "latest_reply": "1634618345.038100",
        "reply_users": [
            "U028FPSLFK4",
            "U02812J04H5",
            "U028UDDAWAD",
            "U028Q9GDXN3"
        ],
        "replies": [
            {
                "user": "U028FPSLFK4",
                "ts": "1634613971.035600"
            },
            {
                "user": "U02812J04H5",
                "ts": "1634616005.035800"
            },
            {
                "user": "U028UDDAWAD",
                "ts": "1634617852.036000"
            },
            {
                "user": "U028Q9GDXN3",
                "ts": "1634617960.037000"
            },
            {
                "user": "U028Q9GDXN3",
                "ts": "1634617978.037500"
            },
            {
                "user": "U028UDDAWAD",
                "ts": "1634618014.037700"
            },
            {
                "user": "U028FPSLFK4",
                "ts": "1634618021.037900"
            },
            {
                "user": "U02812J04H5",
                "ts": "1634618345.038100"
            }
        ],
        "is_locked": false,
        "subscribed": true,
        "last_read": "1634618345.038100"
    },
    {
        "client_msg_id": "43e52cff-9f16-4782-b738-79467595b869",
        "type": "message",
        "text": "i can just cant stay too long...",
        "user": "U028FPSLFK4",
        "ts": "1634613971.035600",
        "team": "T028CNVFETF",
        "user_team": "T028CNVFETF",
        "source_team": "T028CNVFETF",
        "user_profile": {
            "avatar_hash": "g92faf8c7cb1",
            "image_72": "https:\/\/secure.gravatar.com\/avatar\/92faf8c7cb15b0d6ca7ed71eeba8f20b.jpg?s=72&d=https%3A%2F%2Fa.slack-edge.com%2Fdf10d%2Fimg%2Favatars%2Fava_0022-72.png",
            "first_name": "",
            "real_name": "Ming Dong",
            "display_name": "Ming Dong",
            "team": "T028CNVFETF",
            "name": "s3843573",
            "is_restricted": false,
            "is_ultra_restricted": false
        },
        "blocks": [
            {
                "type": "rich_text",
                "block_id": "djK",
                "elements": [
                    {
                        "type": "rich_text_section",
                        "elements": [
                            {
                                "type": "text",
                                "text": "i can just cant stay too long..."
                            }
                        ]
                    }
                ]
            }
        ],
        "thread_ts": "1634613350.035500",
        "parent_user_id": "U028UDDAWAD"
    },
    {
        "client_msg_id": "32aa1434-69f1-44e6-9ae7-35a5f1e85857",
        "type": "message",
        "text": "I'm ready whenever",
        "user": "U02812J04H5",
        "ts": "1634616005.035800",
        "team": "T028CNVFETF",
        "user_team": "T028CNVFETF",
        "source_team": "T028CNVFETF",
        "user_profile": {
            "avatar_hash": "g9ff92d51e82",
            "image_72": "https:\/\/secure.gravatar.com\/avatar\/9ff92d51e820b2c762e345cf0c31cdb3.jpg?s=72&d=https%3A%2F%2Fa.slack-edge.com%2Fdf10d%2Fimg%2Favatars%2Fava_0020-72.png",
            "first_name": "",
            "real_name": "Moritz Hauptmann",
            "display_name": "Moritz Hauptmann",
            "team": "T028CNVFETF",
            "name": "s3851298",
            "is_restricted": false,
            "is_ultra_restricted": false
        },
        "blocks": [
            {
                "type": "rich_text",
                "block_id": "4jp",
                "elements": [
                    {
                        "type": "rich_text_section",
                        "elements": [
                            {
                                "type": "text",
                                "text": "I'm ready whenever"
                            }
                        ]
                    }
                ]
            }
        ],
        "thread_ts": "1634613350.035500",
        "parent_user_id": "U028UDDAWAD"
    },
    {
        "client_msg_id": "88aeeefd-1da2-4cc9-a4d3-31762494c741",
        "type": "message",
        "text": "<@U028Q9GDXN3> Are you able to meet?",
        "user": "U028UDDAWAD",
        "ts": "1634617852.036000",
        "team": "T028CNVFETF",
        "user_team": "T028CNVFETF",
        "source_team": "T028CNVFETF",
        "user_profile": {
            "avatar_hash": "gbc659f0070f",
            "image_72": "https:\/\/secure.gravatar.com\/avatar\/bc659f0070f49e4d9ea463fb700c9f95.jpg?s=72&d=https%3A%2F%2Fa.slack-edge.com%2Fdf10d%2Fimg%2Favatars%2Fava_0021-72.png",
            "first_name": "Jacob",
            "real_name": "Jacob McEwan",
            "display_name": "Jacob McEwan",
            "team": "T028CNVFETF",
            "name": "s3841062",
            "is_restricted": false,
            "is_ultra_restricted": false
        },
        "blocks": [
            {
                "type": "rich_text",
                "block_id": "UjU7K",
                "elements": [
                    {
                        "type": "rich_text_section",
                        "elements": [
                            {
                                "type": "user",
                                "user_id": "U028Q9GDXN3"
                            },
                            {
                                "type": "text",
                                "text": " Are you able to meet?"
                            }
                        ]
                    }
                ]
            }
        ],
        "thread_ts": "1634613350.035500",
        "parent_user_id": "U028UDDAWAD"
    },
    {
        "client_msg_id": "587D3BC7-06CE-4D92-B58B-E109E137AAA2",
        "type": "message",
        "text": "Yep",
        "user": "U028Q9GDXN3",
        "ts": "1634617960.037000",
        "team": "T028CNVFETF",
        "user_team": "T028CNVFETF",
        "source_team": "T028CNVFETF",
        "user_profile": {
            "avatar_hash": "a6bbad4a67bc",
            "image_72": "https:\/\/avatars.slack-edge.com\/2021-07-26\/2308025050517_a6bbad4a67bc3cebd1c6_72.png",
            "first_name": "",
            "real_name": "Jack Hollis-London",
            "display_name": "Jack Hollis-London",
            "team": "T028CNVFETF",
            "name": "s3585034",
            "is_restricted": false,
            "is_ultra_restricted": false
        },
        "blocks": [
            {
                "type": "rich_text",
                "block_id": "NR1E7",
                "elements": [
                    {
                        "type": "rich_text_section",
                        "elements": [
                            {
                                "type": "text",
                                "text": "Yep"
                            }
                        ]
                    }
                ]
            }
        ],
        "thread_ts": "1634613350.035500",
        "parent_user_id": "U028UDDAWAD"
    },
    {
        "client_msg_id": "3E51AAF1-11C2-49E5-AC0E-33D2918511E2",
        "type": "message",
        "text": "Go ahead I’ll join",
        "user": "U028Q9GDXN3",
        "ts": "1634617978.037500",
        "team": "T028CNVFETF",
        "user_team": "T028CNVFETF",
        "source_team": "T028CNVFETF",
        "user_profile": {
            "avatar_hash": "a6bbad4a67bc",
            "image_72": "https:\/\/avatars.slack-edge.com\/2021-07-26\/2308025050517_a6bbad4a67bc3cebd1c6_72.png",
            "first_name": "",
            "real_name": "Jack Hollis-London",
            "display_name": "Jack Hollis-London",
            "team": "T028CNVFETF",
            "name": "s3585034",
            "is_restricted": false,
            "is_ultra_restricted": false
        },
        "blocks": [
            {
                "type": "rich_text",
                "block_id": "ZAX",
                "elements": [
                    {
                        "type": "rich_text_section",
                        "elements": [
                            {
                                "type": "text",
                                "text": "Go ahead I’ll join"
                            }
                        ]
                    }
                ]
            }
        ],
        "thread_ts": "1634613350.035500",
        "parent_user_id": "U028UDDAWAD"
    },
    {
        "client_msg_id": "9079ebca-1371-44f2-9dcd-5526910393a3",
        "type": "message",
        "text": "<@U028FPSLFK4> <@U02812J04H5> Are you guys good to start then?",
        "user": "U028UDDAWAD",
        "ts": "1634618014.037700",
        "team": "T028CNVFETF",
        "user_team": "T028CNVFETF",
        "source_team": "T028CNVFETF",
        "user_profile": {
            "avatar_hash": "gbc659f0070f",
            "image_72": "https:\/\/secure.gravatar.com\/avatar\/bc659f0070f49e4d9ea463fb700c9f95.jpg?s=72&d=https%3A%2F%2Fa.slack-edge.com%2Fdf10d%2Fimg%2Favatars%2Fava_0021-72.png",
            "first_name": "Jacob",
            "real_name": "Jacob McEwan",
            "display_name": "Jacob McEwan",
            "team": "T028CNVFETF",
            "name": "s3841062",
            "is_restricted": false,
            "is_ultra_restricted": false
        },
        "blocks": [
            {
                "type": "rich_text",
                "block_id": "YVd",
                "elements": [
                    {
                        "type": "rich_text_section",
                        "elements": [
                            {
                                "type": "user",
                                "user_id": "U028FPSLFK4"
                            },
                            {
                                "type": "text",
                                "text": " "
                            },
                            {
                                "type": "user",
                                "user_id": "U02812J04H5"
                            },
                            {
                                "type": "text",
                                "text": " Are you guys good to start then?"
                            }
                        ]
                    }
                ]
            }
        ],
        "thread_ts": "1634613350.035500",
        "parent_user_id": "U028UDDAWAD"
    },
    {
        "client_msg_id": "e5986384-ef38-4a82-9111-3ef70fe4ac15",
        "type": "message",
        "text": "yeah",
        "user": "U028FPSLFK4",
        "ts": "1634618021.037900",
        "team": "T028CNVFETF",
        "user_team": "T028CNVFETF",
        "source_team": "T028CNVFETF",
        "user_profile": {
            "avatar_hash": "g92faf8c7cb1",
            "image_72": "https:\/\/secure.gravatar.com\/avatar\/92faf8c7cb15b0d6ca7ed71eeba8f20b.jpg?s=72&d=https%3A%2F%2Fa.slack-edge.com%2Fdf10d%2Fimg%2Favatars%2Fava_0022-72.png",
            "first_name": "",
            "real_name": "Ming Dong",
            "display_name": "Ming Dong",
            "team": "T028CNVFETF",
            "name": "s3843573",
            "is_restricted": false,
            "is_ultra_restricted": false
        },
        "blocks": [
            {
                "type": "rich_text",
                "block_id": "4=C",
                "elements": [
                    {
                        "type": "rich_text_section",
                        "elements": [
                            {
                                "type": "text",
                                "text": "yeah"
                            }
                        ]
                    }
                ]
            }
        ],
        "thread_ts": "1634613350.035500",
        "parent_user_id": "U028UDDAWAD"
    },
    {
        "client_msg_id": "ca52332a-e930-4995-982d-5a8e8c7e5054",
        "type": "message",
        "text": "yep",
        "user": "U02812J04H5",
        "ts": "1634618345.038100",
        "team": "T028CNVFETF",
        "user_team": "T028CNVFETF",
        "source_team": "T028CNVFETF",
        "user_profile": {
            "avatar_hash": "g9ff92d51e82",
            "image_72": "https:\/\/secure.gravatar.com\/avatar\/9ff92d51e820b2c762e345cf0c31cdb3.jpg?s=72&d=https%3A%2F%2Fa.slack-edge.com%2Fdf10d%2Fimg%2Favatars%2Fava_0020-72.png",
            "first_name": "",
            "real_name": "Moritz Hauptmann",
            "display_name": "Moritz Hauptmann",
            "team": "T028CNVFETF",
            "name": "s3851298",
            "is_restricted": false,
            "is_ultra_restricted": false
        },
        "blocks": [
            {
                "type": "rich_text",
                "block_id": "YY0jj",
                "elements": [
                    {
                        "type": "rich_text_section",
                        "elements": [
                            {
                                "type": "text",
                                "text": "yep"
                            }
                        ]
                    }
                ]
            }
        ],
        "thread_ts": "1634613350.035500",
        "parent_user_id": "U028UDDAWAD"
    },
    {
        "type": "message",
        "text": "Here's the feedback from Milestone 2:",
        "files": [
            {
                "id": "F02J9UX7HPE",
                "created": 1634620008,
                "timestamp": 1634620008,
                "name": "image.png",
                "title": "image.png",
                "mimetype": "image\/png",
                "filetype": "png",
                "pretty_type": "PNG",
                "user": "U028UDDAWAD",
                "editable": false,
                "size": 270639,
                "mode": "hosted",
                "is_external": false,
                "external_type": "",
                "is_public": true,
                "public_url_shared": false,
                "display_as_bot": false,
                "username": "",
                "url_private": "https:\/\/files.slack.com\/files-pri\/T028CNVFETF-F02J9UX7HPE\/image.png?t=xoxe-2284777524933-2639320681602-2636333542453-c87d2329fb29bd04b1bea169bb97cfd5",
                "url_private_download": "https:\/\/files.slack.com\/files-pri\/T028CNVFETF-F02J9UX7HPE\/download\/image.png?t=xoxe-2284777524933-2639320681602-2636333542453-c87d2329fb29bd04b1bea169bb97cfd5",
                "media_display_type": "unknown",
                "thumb_64": "https:\/\/files.slack.com\/files-tmb\/T028CNVFETF-F02J9UX7HPE-69b86a02e7\/image_64.png?t=xoxe-2284777524933-2639320681602-2636333542453-c87d2329fb29bd04b1bea169bb97cfd5",
                "thumb_80": "https:\/\/files.slack.com\/files-tmb\/T028CNVFETF-F02J9UX7HPE-69b86a02e7\/image_80.png?t=xoxe-2284777524933-2639320681602-2636333542453-c87d2329fb29bd04b1bea169bb97cfd5",
                "thumb_360": "https:\/\/files.slack.com\/files-tmb\/T028CNVFETF-F02J9UX7HPE-69b86a02e7\/image_360.png?t=xoxe-2284777524933-2639320681602-2636333542453-c87d2329fb29bd04b1bea169bb97cfd5",
                "thumb_360_w": 360,
                "thumb_360_h": 144,
                "thumb_480": "https:\/\/files.slack.com\/files-tmb\/T028CNVFETF-F02J9UX7HPE-69b86a02e7\/image_480.png?t=xoxe-2284777524933-2639320681602-2636333542453-c87d2329fb29bd04b1bea169bb97cfd5",
                "thumb_480_w": 480,
                "thumb_480_h": 193,
                "thumb_160": "https:\/\/files.slack.com\/files-tmb\/T028CNVFETF-F02J9UX7HPE-69b86a02e7\/image_160.png?t=xoxe-2284777524933-2639320681602-2636333542453-c87d2329fb29bd04b1bea169bb97cfd5",
                "thumb_720": "https:\/\/files.slack.com\/files-tmb\/T028CNVFETF-F02J9UX7HPE-69b86a02e7\/image_720.png?t=xoxe-2284777524933-2639320681602-2636333542453-c87d2329fb29bd04b1bea169bb97cfd5",
                "thumb_720_w": 720,
                "thumb_720_h": 289,
                "thumb_800": "https:\/\/files.slack.com\/files-tmb\/T028CNVFETF-F02J9UX7HPE-69b86a02e7\/image_800.png?t=xoxe-2284777524933-2639320681602-2636333542453-c87d2329fb29bd04b1bea169bb97cfd5",
                "thumb_800_w": 800,
                "thumb_800_h": 321,
                "thumb_960": "https:\/\/files.slack.com\/files-tmb\/T028CNVFETF-F02J9UX7HPE-69b86a02e7\/image_960.png?t=xoxe-2284777524933-2639320681602-2636333542453-c87d2329fb29bd04b1bea169bb97cfd5",
                "thumb_960_w": 960,
                "thumb_960_h": 385,
                "thumb_1024": "https:\/\/files.slack.com\/files-tmb\/T028CNVFETF-F02J9UX7HPE-69b86a02e7\/image_1024.png?t=xoxe-2284777524933-2639320681602-2636333542453-c87d2329fb29bd04b1bea169bb97cfd5",
                "thumb_1024_w": 1024,
                "thumb_1024_h": 411,
                "original_w": 2289,
                "original_h": 918,
                "thumb_tiny": "AwATADDSwPSk706m55oAM8UZ9qMmlyaADFLiiigApP4qWk\/ioAWiiigAooooA\/\/Z",
                "permalink": "https:\/\/septassignmentproject.slack.com\/files\/U028UDDAWAD\/F02J9UX7HPE\/image.png",
                "permalink_public": "https:\/\/slack-files.com\/T028CNVFETF-F02J9UX7HPE-270c5fd639",
                "is_starred": false,
                "has_rich_preview": false
            },
            {
                "id": "F02J4PA5S5T",
                "created": 1634620029,
                "timestamp": 1634620029,
                "name": "image.png",
                "title": "image.png",
                "mimetype": "image\/png",
                "filetype": "png",
                "pretty_type": "PNG",
                "user": "U028UDDAWAD",
                "editable": false,
                "size": 306870,
                "mode": "hosted",
                "is_external": false,
                "external_type": "",
                "is_public": true,
                "public_url_shared": false,
                "display_as_bot": false,
                "username": "",
                "url_private": "https:\/\/files.slack.com\/files-pri\/T028CNVFETF-F02J4PA5S5T\/image.png?t=xoxe-2284777524933-2639320681602-2636333542453-c87d2329fb29bd04b1bea169bb97cfd5",
                "url_private_download": "https:\/\/files.slack.com\/files-pri\/T028CNVFETF-F02J4PA5S5T\/download\/image.png?t=xoxe-2284777524933-2639320681602-2636333542453-c87d2329fb29bd04b1bea169bb97cfd5",
                "media_display_type": "unknown",
                "thumb_64": "https:\/\/files.slack.com\/files-tmb\/T028CNVFETF-F02J4PA5S5T-9b1d6eb088\/image_64.png?t=xoxe-2284777524933-2639320681602-2636333542453-c87d2329fb29bd04b1bea169bb97cfd5",
                "thumb_80": "https:\/\/files.slack.com\/files-tmb\/T028CNVFETF-F02J4PA5S5T-9b1d6eb088\/image_80.png?t=xoxe-2284777524933-2639320681602-2636333542453-c87d2329fb29bd04b1bea169bb97cfd5",
                "thumb_360": "https:\/\/files.slack.com\/files-tmb\/T028CNVFETF-F02J4PA5S5T-9b1d6eb088\/image_360.png?t=xoxe-2284777524933-2639320681602-2636333542453-c87d2329fb29bd04b1bea169bb97cfd5",
                "thumb_360_w": 360,
                "thumb_360_h": 159,
                "thumb_480": "https:\/\/files.slack.com\/files-tmb\/T028CNVFETF-F02J4PA5S5T-9b1d6eb088\/image_480.png?t=xoxe-2284777524933-2639320681602-2636333542453-c87d2329fb29bd04b1bea169bb97cfd5",
                "thumb_480_w": 480,
                "thumb_480_h": 212,
                "thumb_160": "https:\/\/files.slack.com\/files-tmb\/T028CNVFETF-F02J4PA5S5T-9b1d6eb088\/image_160.png?t=xoxe-2284777524933-2639320681602-2636333542453-c87d2329fb29bd04b1bea169bb97cfd5",
                "thumb_720": "https:\/\/files.slack.com\/files-tmb\/T028CNVFETF-F02J4PA5S5T-9b1d6eb088\/image_720.png?t=xoxe-2284777524933-2639320681602-2636333542453-c87d2329fb29bd04b1bea169bb97cfd5",
                "thumb_720_w": 720,
                "thumb_720_h": 318,
                "thumb_800": "https:\/\/files.slack.com\/files-tmb\/T028CNVFETF-F02J4PA5S5T-9b1d6eb088\/image_800.png?t=xoxe-2284777524933-2639320681602-2636333542453-c87d2329fb29bd04b1bea169bb97cfd5",
                "thumb_800_w": 800,
                "thumb_800_h": 353,
                "thumb_960": "https:\/\/files.slack.com\/files-tmb\/T028CNVFETF-F02J4PA5S5T-9b1d6eb088\/image_960.png?t=xoxe-2284777524933-2639320681602-2636333542453-c87d2329fb29bd04b1bea169bb97cfd5",
                "thumb_960_w": 960,
                "thumb_960_h": 424,
                "thumb_1024": "https:\/\/files.slack.com\/files-tmb\/T028CNVFETF-F02J4PA5S5T-9b1d6eb088\/image_1024.png?t=xoxe-2284777524933-2639320681602-2636333542453-c87d2329fb29bd04b1bea169bb97cfd5",
                "thumb_1024_w": 1024,
                "thumb_1024_h": 452,
                "original_w": 2289,
                "original_h": 1011,
                "thumb_tiny": "AwAVADDTpMc0tN70AAzS496Me9GKADHvS0gFLQAUnelpO5oAMUYpaKADFFFFAH\/\/2Q==",
                "permalink": "https:\/\/septassignmentproject.slack.com\/files\/U028UDDAWAD\/F02J4PA5S5T\/image.png",
                "permalink_public": "https:\/\/slack-files.com\/T028CNVFETF-F02J4PA5S5T-2bf80e0a16",
                "is_starred": false,
                "has_rich_preview": false
            }
        ],
        "upload": false,
        "user": "U028UDDAWAD",
        "ts": "1634620039.039900",
        "blocks": [
            {
                "type": "rich_text",
                "block_id": "BGgS",
                "elements": [
                    {
                        "type": "rich_text_section",
                        "elements": [
                            {
                                "type": "text",
                                "text": "Here's the feedback from Milestone 2:"
                            }
                        ]
                    }
                ]
            }
        ],
        "client_msg_id": "81b4f6dd-a415-411b-a9cd-5183b7692a83",
        "thread_ts": "1634620039.039900",
        "reply_count": 2,
        "reply_users_count": 1,
        "latest_reply": "1634631988.042900",
        "reply_users": [
            "U028UDDAWAD"
        ],
        "replies": [
            {
                "user": "U028UDDAWAD",
                "ts": "1634620092.041300"
            },
            {
                "user": "U028UDDAWAD",
                "ts": "1634631988.042900"
            }
        ],
        "is_locked": false,
        "subscribed": true,
        "last_read": "1634631988.042900"
    },
    {
        "client_msg_id": "a579947d-f6e0-4d4f-b6d8-1e13a661c9aa",
        "type": "message",
        "text": "I'm going to chase up the \"requires documents\" feedback, is there anything else people want chased up?",
        "user": "U028UDDAWAD",
        "ts": "1634620092.041300",
        "team": "T028CNVFETF",
        "user_team": "T028CNVFETF",
        "source_team": "T028CNVFETF",
        "user_profile": {
            "avatar_hash": "gbc659f0070f",
            "image_72": "https:\/\/secure.gravatar.com\/avatar\/bc659f0070f49e4d9ea463fb700c9f95.jpg?s=72&d=https%3A%2F%2Fa.slack-edge.com%2Fdf10d%2Fimg%2Favatars%2Fava_0021-72.png",
            "first_name": "Jacob",
            "real_name": "Jacob McEwan",
            "display_name": "Jacob McEwan",
            "team": "T028CNVFETF",
            "name": "s3841062",
            "is_restricted": false,
            "is_ultra_restricted": false
        },
        "blocks": [
            {
                "type": "rich_text",
                "block_id": "u2wy",
                "elements": [
                    {
                        "type": "rich_text_section",
                        "elements": [
                            {
                                "type": "text",
                                "text": "I'm going to chase up the \"requires documents\" feedback, is there anything else people want chased up?"
                            }
                        ]
                    }
                ]
            }
        ],
        "thread_ts": "1634620039.039900",
        "parent_user_id": "U028UDDAWAD"
    },
    {
        "client_msg_id": "562e6350-f1d4-4d05-b0dc-4874df9c57a0",
        "type": "message",
        "text": "<@U028Q9GDXN3> we just created a word document for the refactoring in teams, we wanted to meetup tom at 3pm again to do the prioritisation. Would you have time at 3pm tom? until our next meeting we can add to that list...",
        "user": "U02812J04H5",
        "ts": "1634620209.042800",
        "team": "T028CNVFETF",
        "user_team": "T028CNVFETF",
        "source_team": "T028CNVFETF",
        "user_profile": {
            "avatar_hash": "g9ff92d51e82",
            "image_72": "https:\/\/secure.gravatar.com\/avatar\/9ff92d51e820b2c762e345cf0c31cdb3.jpg?s=72&d=https%3A%2F%2Fa.slack-edge.com%2Fdf10d%2Fimg%2Favatars%2Fava_0020-72.png",
            "first_name": "",
            "real_name": "Moritz Hauptmann",
            "display_name": "Moritz Hauptmann",
            "team": "T028CNVFETF",
            "name": "s3851298",
            "is_restricted": false,
            "is_ultra_restricted": false
        },
        "blocks": [
            {
                "type": "rich_text",
                "block_id": "n1O",
                "elements": [
                    {
                        "type": "rich_text_section",
                        "elements": [
                            {
                                "type": "user",
                                "user_id": "U028Q9GDXN3"
                            },
                            {
                                "type": "text",
                                "text": " we just created a word document for the refactoring in teams, we wanted to meetup tom at 3pm again to do the prioritisation. Would you have time at 3pm tom? until our next meeting we can add to that list..."
                            }
                        ]
                    }
                ]
            }
        ],
        "thread_ts": "1634620209.042800",
        "reply_count": 6,
        "reply_users_count": 2,
        "latest_reply": "1634844121.000700",
        "reply_users": [
            "U028Q9GDXN3",
            "U02812J04H5"
        ],
        "replies": [
            {
                "user": "U028Q9GDXN3",
                "ts": "1634766759.062300"
            },
            {
                "user": "U028Q9GDXN3",
                "ts": "1634766821.062500"
            },
            {
                "user": "U028Q9GDXN3",
                "ts": "1634766842.062700"
            },
            {
                "user": "U02812J04H5",
                "ts": "1634790231.000300"
            },
            {
                "user": "U028Q9GDXN3",
                "ts": "1634844066.000500"
            },
            {
                "user": "U028Q9GDXN3",
                "ts": "1634844121.000700"
            }
        ],
        "is_locked": false,
        "subscribed": false
    }
]