[
    {
        "type": "message",
        "subtype": "channel_join",
        "ts": "1626683061.000200",
        "user": "U028UDDAWAD",
        "text": "<@U028UDDAWAD> has joined the channel"
    },
    {
        "type": "message",
        "subtype": "channel_join",
        "ts": "1626683235.000700",
        "user": "U028G0C9ZM1",
        "text": "<@U028G0C9ZM1> has joined the channel"
    },
    {
        "type": "message",
        "subtype": "channel_join",
        "ts": "1626683238.000800",
        "user": "U028FPSLFK4",
        "text": "<@U028FPSLFK4> has joined the channel"
    },
    {
        "type": "message",
        "subtype": "channel_join",
        "ts": "1626683277.000900",
        "user": "U02812J04H5",
        "text": "<@U02812J04H5> has joined the channel"
    }
]