[
    {
        "client_msg_id": "c84fc296-55c8-474c-a422-5fbfe08e97e7",
        "type": "message",
        "text": "Meeting Tuesday 3rd Aug 1:30 pm - 2:30 pm",
        "user": "U028UDDAWAD",
        "ts": "1627900114.000500",
        "team": "T028CNVFETF",
        "user_team": "T028CNVFETF",
        "source_team": "T028CNVFETF",
        "user_profile": {
            "avatar_hash": "gbc659f0070f",
            "image_72": "https:\/\/secure.gravatar.com\/avatar\/bc659f0070f49e4d9ea463fb700c9f95.jpg?s=72&d=https%3A%2F%2Fa.slack-edge.com%2Fdf10d%2Fimg%2Favatars%2Fava_0021-72.png",
            "first_name": "Jacob",
            "real_name": "Jacob McEwan",
            "display_name": "Jacob McEwan",
            "team": "T028CNVFETF",
            "name": "s3841062",
            "is_restricted": false,
            "is_ultra_restricted": false
        },
        "blocks": [
            {
                "type": "rich_text",
                "block_id": "Tf6",
                "elements": [
                    {
                        "type": "rich_text_section",
                        "elements": [
                            {
                                "type": "text",
                                "text": "Meeting Tuesday 3rd Aug 1:30 pm - 2:30 pm"
                            }
                        ]
                    }
                ]
            }
        ]
    }
]