[
    {
        "type": "message",
        "subtype": "channel_join",
        "ts": "1627294478.000200",
        "user": "U028UDDAWAD",
        "text": "<@U028UDDAWAD> has joined the channel"
    },
    {
        "type": "message",
        "subtype": "channel_purpose",
        "ts": "1627294479.000300",
        "user": "U028UDDAWAD",
        "text": "set the channel description: A channel for meeting reminders",
        "purpose": "A channel for meeting reminders"
    },
    {
        "type": "message",
        "subtype": "channel_join",
        "ts": "1627294484.000600",
        "user": "U02812J04H5",
        "text": "<@U02812J04H5> has joined the channel",
        "inviter": "U028UDDAWAD"
    },
    {
        "type": "message",
        "subtype": "channel_join",
        "ts": "1627294484.000800",
        "user": "U028FPSLFK4",
        "text": "<@U028FPSLFK4> has joined the channel",
        "inviter": "U028UDDAWAD"
    },
    {
        "type": "message",
        "subtype": "channel_join",
        "ts": "1627294484.001000",
        "user": "U028G0C9ZM1",
        "text": "<@U028G0C9ZM1> has joined the channel",
        "inviter": "U028UDDAWAD"
    },
    {
        "type": "message",
        "subtype": "channel_join",
        "ts": "1627294484.001200",
        "user": "U028Q9GDXN3",
        "text": "<@U028Q9GDXN3> has joined the channel",
        "inviter": "U028UDDAWAD"
    },
    {
        "client_msg_id": "5613303c-931d-41ac-848b-5f63da49b16b",
        "type": "message",
        "text": "Meeting Tuesday 27th 1:30 pm - 2:30 pm",
        "user": "U028UDDAWAD",
        "ts": "1627294516.001600",
        "team": "T028CNVFETF",
        "user_team": "T028CNVFETF",
        "source_team": "T028CNVFETF",
        "user_profile": {
            "avatar_hash": "gbc659f0070f",
            "image_72": "https:\/\/secure.gravatar.com\/avatar\/bc659f0070f49e4d9ea463fb700c9f95.jpg?s=72&d=https%3A%2F%2Fa.slack-edge.com%2Fdf10d%2Fimg%2Favatars%2Fava_0021-72.png",
            "first_name": "Jacob",
            "real_name": "Jacob McEwan",
            "display_name": "Jacob McEwan",
            "team": "T028CNVFETF",
            "name": "s3841062",
            "is_restricted": false,
            "is_ultra_restricted": false
        },
        "blocks": [
            {
                "type": "rich_text",
                "block_id": "Vfq",
                "elements": [
                    {
                        "type": "rich_text_section",
                        "elements": [
                            {
                                "type": "text",
                                "text": "Meeting Tuesday 27th 1:30 pm - 2:30 pm"
                            }
                        ]
                    }
                ]
            }
        ]
    }
]