[
    {
        "client_msg_id": "dc2d5c39-2cbf-4bb8-8681-5695c6319aef",
        "type": "message",
        "text": "Yeah, sorry, only just seen the message",
        "user": "U028UDDAWAD",
        "ts": "1627976260.022900",
        "team": "T028CNVFETF",
        "user_team": "T028CNVFETF",
        "source_team": "T028CNVFETF",
        "user_profile": {
            "avatar_hash": "gbc659f0070f",
            "image_72": "https:\/\/secure.gravatar.com\/avatar\/bc659f0070f49e4d9ea463fb700c9f95.jpg?s=72&d=https%3A%2F%2Fa.slack-edge.com%2Fdf10d%2Fimg%2Favatars%2Fava_0021-72.png",
            "first_name": "Jacob",
            "real_name": "Jacob McEwan",
            "display_name": "Jacob McEwan",
            "team": "T028CNVFETF",
            "name": "s3841062",
            "is_restricted": false,
            "is_ultra_restricted": false
        },
        "blocks": [
            {
                "type": "rich_text",
                "block_id": "DDgrk",
                "elements": [
                    {
                        "type": "rich_text_section",
                        "elements": [
                            {
                                "type": "text",
                                "text": "Yeah, sorry, only just seen the message"
                            }
                        ]
                    }
                ]
            }
        ],
        "thread_ts": "1627969645.022100",
        "parent_user_id": "U028Q9GDXN3"
    },
    {
        "client_msg_id": "6de015b6-71c7-42b4-abce-920b4d6e0114",
        "type": "message",
        "text": "ok I'll send it tomorrow",
        "user": "U028Q9GDXN3",
        "ts": "1627976405.023100",
        "team": "T028CNVFETF",
        "user_team": "T028CNVFETF",
        "source_team": "T028CNVFETF",
        "user_profile": {
            "avatar_hash": "a6bbad4a67bc",
            "image_72": "https:\/\/avatars.slack-edge.com\/2021-07-26\/2308025050517_a6bbad4a67bc3cebd1c6_72.png",
            "first_name": "",
            "real_name": "Jack Hollis-London",
            "display_name": "Jack Hollis-London",
            "team": "T028CNVFETF",
            "name": "s3585034",
            "is_restricted": false,
            "is_ultra_restricted": false
        },
        "blocks": [
            {
                "type": "rich_text",
                "block_id": "hp8li",
                "elements": [
                    {
                        "type": "rich_text_section",
                        "elements": [
                            {
                                "type": "text",
                                "text": "ok I'll send it tomorrow"
                            }
                        ]
                    }
                ]
            }
        ],
        "thread_ts": "1627969645.022100",
        "parent_user_id": "U028Q9GDXN3",
        "reactions": [
            {
                "name": "+1",
                "users": [
                    "U02812J04H5"
                ],
                "count": 1
            }
        ]
    }
]