[
    {
        "client_msg_id": "14879e03-f74f-40dd-b556-709288cfe168",
        "type": "message",
        "text": "so planning poker around 8pm tonight, we all in?",
        "user": "U028Q9GDXN3",
        "ts": "1627545733.081500",
        "team": "T028CNVFETF",
        "user_team": "T028CNVFETF",
        "source_team": "T028CNVFETF",
        "user_profile": {
            "avatar_hash": "a6bbad4a67bc",
            "image_72": "https:\/\/avatars.slack-edge.com\/2021-07-26\/2308025050517_a6bbad4a67bc3cebd1c6_72.png",
            "first_name": "",
            "real_name": "Jack Hollis-London",
            "display_name": "Jack Hollis-London",
            "team": "T028CNVFETF",
            "name": "s3585034",
            "is_restricted": false,
            "is_ultra_restricted": false
        },
        "blocks": [
            {
                "type": "rich_text",
                "block_id": "TZgDd",
                "elements": [
                    {
                        "type": "rich_text_section",
                        "elements": [
                            {
                                "type": "text",
                                "text": "so planning poker around 8pm tonight, we all in?"
                            }
                        ]
                    }
                ]
            }
        ],
        "thread_ts": "1627545733.081500",
        "reply_count": 5,
        "reply_users_count": 3,
        "latest_reply": "1627553099.082600",
        "reply_users": [
            "U028FPSLFK4",
            "U028Q9GDXN3",
            "U028UDDAWAD"
        ],
        "replies": [
            {
                "user": "U028FPSLFK4",
                "ts": "1627548442.081800"
            },
            {
                "user": "U028Q9GDXN3",
                "ts": "1627550134.082000"
            },
            {
                "user": "U028UDDAWAD",
                "ts": "1627552737.082200"
            },
            {
                "user": "U028FPSLFK4",
                "ts": "1627552946.082400"
            },
            {
                "user": "U028Q9GDXN3",
                "ts": "1627553099.082600"
            }
        ],
        "is_locked": false,
        "subscribed": true,
        "last_read": "1627553099.082600"
    },
    {
        "client_msg_id": "96ed17a7-95e5-4560-81a8-eb692caf0cf0",
        "type": "message",
        "text": "im okay with it",
        "user": "U028FPSLFK4",
        "ts": "1627548442.081800",
        "team": "T028CNVFETF",
        "user_team": "T028CNVFETF",
        "source_team": "T028CNVFETF",
        "user_profile": {
            "avatar_hash": "g92faf8c7cb1",
            "image_72": "https:\/\/secure.gravatar.com\/avatar\/92faf8c7cb15b0d6ca7ed71eeba8f20b.jpg?s=72&d=https%3A%2F%2Fa.slack-edge.com%2Fdf10d%2Fimg%2Favatars%2Fava_0022-72.png",
            "first_name": "",
            "real_name": "Ming Dong",
            "display_name": "Ming Dong",
            "team": "T028CNVFETF",
            "name": "s3843573",
            "is_restricted": false,
            "is_ultra_restricted": false
        },
        "blocks": [
            {
                "type": "rich_text",
                "block_id": "Pkn",
                "elements": [
                    {
                        "type": "rich_text_section",
                        "elements": [
                            {
                                "type": "text",
                                "text": "im okay with it"
                            }
                        ]
                    }
                ]
            }
        ],
        "thread_ts": "1627545733.081500",
        "parent_user_id": "U028Q9GDXN3"
    },
    {
        "client_msg_id": "6b7423a1-2400-47fc-977f-12cfcfb56f6a",
        "type": "message",
        "text": "ok nice",
        "user": "U028Q9GDXN3",
        "ts": "1627550134.082000",
        "team": "T028CNVFETF",
        "user_team": "T028CNVFETF",
        "source_team": "T028CNVFETF",
        "user_profile": {
            "avatar_hash": "a6bbad4a67bc",
            "image_72": "https:\/\/avatars.slack-edge.com\/2021-07-26\/2308025050517_a6bbad4a67bc3cebd1c6_72.png",
            "first_name": "",
            "real_name": "Jack Hollis-London",
            "display_name": "Jack Hollis-London",
            "team": "T028CNVFETF",
            "name": "s3585034",
            "is_restricted": false,
            "is_ultra_restricted": false
        },
        "blocks": [
            {
                "type": "rich_text",
                "block_id": "eg65",
                "elements": [
                    {
                        "type": "rich_text_section",
                        "elements": [
                            {
                                "type": "text",
                                "text": "ok nice"
                            }
                        ]
                    }
                ]
            }
        ],
        "thread_ts": "1627545733.081500",
        "parent_user_id": "U028Q9GDXN3"
    },
    {
        "client_msg_id": "f6ac1da3-85e9-4aa0-955d-46539566c49e",
        "type": "message",
        "text": "Yeah",
        "user": "U028UDDAWAD",
        "ts": "1627552737.082200",
        "team": "T028CNVFETF",
        "user_team": "T028CNVFETF",
        "source_team": "T028CNVFETF",
        "user_profile": {
            "avatar_hash": "gbc659f0070f",
            "image_72": "https:\/\/secure.gravatar.com\/avatar\/bc659f0070f49e4d9ea463fb700c9f95.jpg?s=72&d=https%3A%2F%2Fa.slack-edge.com%2Fdf10d%2Fimg%2Favatars%2Fava_0021-72.png",
            "first_name": "Jacob",
            "real_name": "Jacob McEwan",
            "display_name": "Jacob McEwan",
            "team": "T028CNVFETF",
            "name": "s3841062",
            "is_restricted": false,
            "is_ultra_restricted": false
        },
        "blocks": [
            {
                "type": "rich_text",
                "block_id": "igs7",
                "elements": [
                    {
                        "type": "rich_text_section",
                        "elements": [
                            {
                                "type": "text",
                                "text": "Yeah"
                            }
                        ]
                    }
                ]
            }
        ],
        "thread_ts": "1627545733.081500",
        "parent_user_id": "U028Q9GDXN3"
    },
    {
        "client_msg_id": "e858ab44-f805-4b2a-9721-9aa9b3aaa19c",
        "type": "message",
        "text": "start call now?",
        "user": "U028FPSLFK4",
        "ts": "1627552946.082400",
        "team": "T028CNVFETF",
        "user_team": "T028CNVFETF",
        "source_team": "T028CNVFETF",
        "user_profile": {
            "avatar_hash": "g92faf8c7cb1",
            "image_72": "https:\/\/secure.gravatar.com\/avatar\/92faf8c7cb15b0d6ca7ed71eeba8f20b.jpg?s=72&d=https%3A%2F%2Fa.slack-edge.com%2Fdf10d%2Fimg%2Favatars%2Fava_0022-72.png",
            "first_name": "",
            "real_name": "Ming Dong",
            "display_name": "Ming Dong",
            "team": "T028CNVFETF",
            "name": "s3843573",
            "is_restricted": false,
            "is_ultra_restricted": false
        },
        "blocks": [
            {
                "type": "rich_text",
                "block_id": "2ta",
                "elements": [
                    {
                        "type": "rich_text_section",
                        "elements": [
                            {
                                "type": "text",
                                "text": "start call now?"
                            }
                        ]
                    }
                ]
            }
        ],
        "thread_ts": "1627545733.081500",
        "parent_user_id": "U028Q9GDXN3"
    },
    {
        "client_msg_id": "9000f54e-919b-45c2-8f75-4a10dbc9964a",
        "type": "message",
        "text": "ok",
        "user": "U028Q9GDXN3",
        "ts": "1627553099.082600",
        "team": "T028CNVFETF",
        "user_team": "T028CNVFETF",
        "source_team": "T028CNVFETF",
        "user_profile": {
            "avatar_hash": "a6bbad4a67bc",
            "image_72": "https:\/\/avatars.slack-edge.com\/2021-07-26\/2308025050517_a6bbad4a67bc3cebd1c6_72.png",
            "first_name": "",
            "real_name": "Jack Hollis-London",
            "display_name": "Jack Hollis-London",
            "team": "T028CNVFETF",
            "name": "s3585034",
            "is_restricted": false,
            "is_ultra_restricted": false
        },
        "blocks": [
            {
                "type": "rich_text",
                "block_id": "RtI8",
                "elements": [
                    {
                        "type": "rich_text_section",
                        "elements": [
                            {
                                "type": "text",
                                "text": "ok"
                            }
                        ]
                    }
                ]
            }
        ],
        "thread_ts": "1627545733.081500",
        "parent_user_id": "U028Q9GDXN3"
    }
]