[
    {
        "client_msg_id": "c8f7e635-94f7-4514-9608-85beaf12c8c9",
        "type": "message",
        "text": "So they've finally announced that base code isn't coming out. So we don't have to worry about that this sprint (but we do have to take it into account in planning for the next). Do we want to meet today to finish things up or just do it all tomorrow?",
        "user": "U028UDDAWAD",
        "ts": "1628825993.089200",
        "team": "T028CNVFETF",
        "user_team": "T028CNVFETF",
        "source_team": "T028CNVFETF",
        "user_profile": {
            "avatar_hash": "gbc659f0070f",
            "image_72": "https:\/\/secure.gravatar.com\/avatar\/bc659f0070f49e4d9ea463fb700c9f95.jpg?s=72&d=https%3A%2F%2Fa.slack-edge.com%2Fdf10d%2Fimg%2Favatars%2Fava_0021-72.png",
            "first_name": "Jacob",
            "real_name": "Jacob McEwan",
            "display_name": "Jacob McEwan",
            "team": "T028CNVFETF",
            "name": "s3841062",
            "is_restricted": false,
            "is_ultra_restricted": false
        },
        "blocks": [
            {
                "type": "rich_text",
                "block_id": "=h3l",
                "elements": [
                    {
                        "type": "rich_text_section",
                        "elements": [
                            {
                                "type": "text",
                                "text": "So they've finally announced that base code isn't coming out. So we don't have to worry about that this sprint (but we do have to take it into account in planning for the next). Do we want to meet today to finish things up or just do it all tomorrow?"
                            }
                        ]
                    }
                ]
            }
        ],
        "thread_ts": "1628825993.089200",
        "reply_count": 4,
        "reply_users_count": 3,
        "latest_reply": "1628860326.089900",
        "reply_users": [
            "U028FPSLFK4",
            "U028UDDAWAD",
            "U02812J04H5"
        ],
        "replies": [
            {
                "user": "U028FPSLFK4",
                "ts": "1628826020.089300"
            },
            {
                "user": "U028UDDAWAD",
                "ts": "1628827012.089500"
            },
            {
                "user": "U028FPSLFK4",
                "ts": "1628827943.089700"
            },
            {
                "user": "U02812J04H5",
                "ts": "1628860326.089900"
            }
        ],
        "is_locked": false,
        "subscribed": true,
        "last_read": "1628860326.089900"
    },
    {
        "client_msg_id": "f0c07758-fa37-400c-8333-67b48c5213aa",
        "type": "message",
        "text": "what time?",
        "user": "U028FPSLFK4",
        "ts": "1628826020.089300",
        "team": "T028CNVFETF",
        "user_team": "T028CNVFETF",
        "source_team": "T028CNVFETF",
        "user_profile": {
            "avatar_hash": "g92faf8c7cb1",
            "image_72": "https:\/\/secure.gravatar.com\/avatar\/92faf8c7cb15b0d6ca7ed71eeba8f20b.jpg?s=72&d=https%3A%2F%2Fa.slack-edge.com%2Fdf10d%2Fimg%2Favatars%2Fava_0022-72.png",
            "first_name": "",
            "real_name": "Ming Dong",
            "display_name": "Ming Dong",
            "team": "T028CNVFETF",
            "name": "s3843573",
            "is_restricted": false,
            "is_ultra_restricted": false
        },
        "blocks": [
            {
                "type": "rich_text",
                "block_id": "IASuo",
                "elements": [
                    {
                        "type": "rich_text_section",
                        "elements": [
                            {
                                "type": "text",
                                "text": "what time?"
                            }
                        ]
                    }
                ]
            }
        ],
        "thread_ts": "1628825993.089200",
        "parent_user_id": "U028UDDAWAD"
    },
    {
        "client_msg_id": "ed7f60c7-95ad-4ec9-802c-aecb48357eda",
        "type": "message",
        "text": "Any, just gauging when people want to do it. I'm also wondering if people have other commitments that might force us into either day or make one option unreasonable (in terms of time). In terms of my availability I'm free all day both today and tomorrow",
        "user": "U028UDDAWAD",
        "ts": "1628827012.089500",
        "team": "T028CNVFETF",
        "user_team": "T028CNVFETF",
        "source_team": "T028CNVFETF",
        "user_profile": {
            "avatar_hash": "gbc659f0070f",
            "image_72": "https:\/\/secure.gravatar.com\/avatar\/bc659f0070f49e4d9ea463fb700c9f95.jpg?s=72&d=https%3A%2F%2Fa.slack-edge.com%2Fdf10d%2Fimg%2Favatars%2Fava_0021-72.png",
            "first_name": "Jacob",
            "real_name": "Jacob McEwan",
            "display_name": "Jacob McEwan",
            "team": "T028CNVFETF",
            "name": "s3841062",
            "is_restricted": false,
            "is_ultra_restricted": false
        },
        "blocks": [
            {
                "type": "rich_text",
                "block_id": "H2\/8L",
                "elements": [
                    {
                        "type": "rich_text_section",
                        "elements": [
                            {
                                "type": "text",
                                "text": "Any, just gauging when people want to do it. I'm also wondering if people have other commitments that might force us into either day or make one option unreasonable (in terms of time). In terms of my availability I'm free all day both today and tomorrow"
                            }
                        ]
                    }
                ]
            }
        ],
        "thread_ts": "1628825993.089200",
        "parent_user_id": "U028UDDAWAD"
    },
    {
        "client_msg_id": "ead8cc74-1274-4582-a043-974646adcb3d",
        "type": "message",
        "text": "yeah same.",
        "user": "U028FPSLFK4",
        "ts": "1628827943.089700",
        "team": "T028CNVFETF",
        "user_team": "T028CNVFETF",
        "source_team": "T028CNVFETF",
        "user_profile": {
            "avatar_hash": "g92faf8c7cb1",
            "image_72": "https:\/\/secure.gravatar.com\/avatar\/92faf8c7cb15b0d6ca7ed71eeba8f20b.jpg?s=72&d=https%3A%2F%2Fa.slack-edge.com%2Fdf10d%2Fimg%2Favatars%2Fava_0022-72.png",
            "first_name": "",
            "real_name": "Ming Dong",
            "display_name": "Ming Dong",
            "team": "T028CNVFETF",
            "name": "s3843573",
            "is_restricted": false,
            "is_ultra_restricted": false
        },
        "blocks": [
            {
                "type": "rich_text",
                "block_id": "wDjK",
                "elements": [
                    {
                        "type": "rich_text_section",
                        "elements": [
                            {
                                "type": "text",
                                "text": "yeah same."
                            }
                        ]
                    }
                ]
            }
        ],
        "thread_ts": "1628825993.089200",
        "parent_user_id": "U028UDDAWAD"
    }
]