[
    {
        "client_msg_id": "25a1600f-ffb8-4031-a052-0451583cc379",
        "type": "message",
        "text": "Friday? when where you thinking of?",
        "user": "U02812J04H5",
        "ts": "1628637033.087900",
        "team": "T028CNVFETF",
        "user_team": "T028CNVFETF",
        "source_team": "T028CNVFETF",
        "user_profile": {
            "avatar_hash": "g9ff92d51e82",
            "image_72": "https:\/\/secure.gravatar.com\/avatar\/9ff92d51e820b2c762e345cf0c31cdb3.jpg?s=72&d=https%3A%2F%2Fa.slack-edge.com%2Fdf10d%2Fimg%2Favatars%2Fava_0020-72.png",
            "first_name": "",
            "real_name": "Moritz Hauptmann",
            "display_name": "Moritz Hauptmann",
            "team": "T028CNVFETF",
            "name": "s3851298",
            "is_restricted": false,
            "is_ultra_restricted": false
        },
        "blocks": [
            {
                "type": "rich_text",
                "block_id": "gtfzp",
                "elements": [
                    {
                        "type": "rich_text_section",
                        "elements": [
                            {
                                "type": "text",
                                "text": "Friday? when where you thinking of?"
                            }
                        ]
                    }
                ]
            }
        ],
        "thread_ts": "1628565770.087600",
        "parent_user_id": "U028UDDAWAD"
    }
]