[
    {
        "client_msg_id": "c556ee3e-4ade-41a2-96a3-c8d18f01219b",
        "type": "message",
        "text": "should we add a menu to our website in figma? With the create listing frame there is no menu yet..",
        "user": "U02812J04H5",
        "ts": "1628063143.024500",
        "team": "T028CNVFETF",
        "user_team": "T028CNVFETF",
        "source_team": "T028CNVFETF",
        "user_profile": {
            "avatar_hash": "g9ff92d51e82",
            "image_72": "https:\/\/secure.gravatar.com\/avatar\/9ff92d51e820b2c762e345cf0c31cdb3.jpg?s=72&d=https%3A%2F%2Fa.slack-edge.com%2Fdf10d%2Fimg%2Favatars%2Fava_0020-72.png",
            "first_name": "",
            "real_name": "Moritz Hauptmann",
            "display_name": "Moritz Hauptmann",
            "team": "T028CNVFETF",
            "name": "s3851298",
            "is_restricted": false,
            "is_ultra_restricted": false
        },
        "blocks": [
            {
                "type": "rich_text",
                "block_id": "7dg",
                "elements": [
                    {
                        "type": "rich_text_section",
                        "elements": [
                            {
                                "type": "text",
                                "text": "should we add a menu to our website in figma? With the create listing frame there is no menu yet.."
                            }
                        ]
                    }
                ]
            }
        ]
    },
    {
        "client_msg_id": "3c5ac12e-6a99-42f3-b722-ee3004092087",
        "type": "message",
        "text": "Probably. Might be good to make it a component so it stays synced across the wireframes as well",
        "user": "U028UDDAWAD",
        "ts": "1628063179.025000",
        "team": "T028CNVFETF",
        "user_team": "T028CNVFETF",
        "source_team": "T028CNVFETF",
        "user_profile": {
            "avatar_hash": "gbc659f0070f",
            "image_72": "https:\/\/secure.gravatar.com\/avatar\/bc659f0070f49e4d9ea463fb700c9f95.jpg?s=72&d=https%3A%2F%2Fa.slack-edge.com%2Fdf10d%2Fimg%2Favatars%2Fava_0021-72.png",
            "first_name": "Jacob",
            "real_name": "Jacob McEwan",
            "display_name": "Jacob McEwan",
            "team": "T028CNVFETF",
            "name": "s3841062",
            "is_restricted": false,
            "is_ultra_restricted": false
        },
        "blocks": [
            {
                "type": "rich_text",
                "block_id": "E8d",
                "elements": [
                    {
                        "type": "rich_text_section",
                        "elements": [
                            {
                                "type": "text",
                                "text": "Probably. Might be good to make it a component so it stays synced across the wireframes as well"
                            }
                        ]
                    }
                ]
            }
        ]
    },
    {
        "client_msg_id": "61631bd1-8aed-4af1-b021-42b27720fc18",
        "type": "message",
        "text": "yes needs to be a component\/frame inside the standard mobile\/desktop frame",
        "user": "U02812J04H5",
        "ts": "1628063389.025800",
        "team": "T028CNVFETF",
        "user_team": "T028CNVFETF",
        "source_team": "T028CNVFETF",
        "user_profile": {
            "avatar_hash": "g9ff92d51e82",
            "image_72": "https:\/\/secure.gravatar.com\/avatar\/9ff92d51e820b2c762e345cf0c31cdb3.jpg?s=72&d=https%3A%2F%2Fa.slack-edge.com%2Fdf10d%2Fimg%2Favatars%2Fava_0020-72.png",
            "first_name": "",
            "real_name": "Moritz Hauptmann",
            "display_name": "Moritz Hauptmann",
            "team": "T028CNVFETF",
            "name": "s3851298",
            "is_restricted": false,
            "is_ultra_restricted": false
        },
        "blocks": [
            {
                "type": "rich_text",
                "block_id": "miG",
                "elements": [
                    {
                        "type": "rich_text_section",
                        "elements": [
                            {
                                "type": "text",
                                "text": "yes needs to be a component\/frame inside the standard mobile\/desktop frame"
                            }
                        ]
                    }
                ]
            }
        ]
    },
    {
        "client_msg_id": "ce20e6a1-0ee9-4dc4-8879-c2ee4a0943aa",
        "type": "message",
        "text": "if someone needs more icons etc. :<https:\/\/www.figma.com\/community\/file\/876022745968684318>",
        "user": "U02812J04H5",
        "ts": "1628122757.026500",
        "team": "T028CNVFETF",
        "user_team": "T028CNVFETF",
        "source_team": "T028CNVFETF",
        "user_profile": {
            "avatar_hash": "g9ff92d51e82",
            "image_72": "https:\/\/secure.gravatar.com\/avatar\/9ff92d51e820b2c762e345cf0c31cdb3.jpg?s=72&d=https%3A%2F%2Fa.slack-edge.com%2Fdf10d%2Fimg%2Favatars%2Fava_0020-72.png",
            "first_name": "",
            "real_name": "Moritz Hauptmann",
            "display_name": "Moritz Hauptmann",
            "team": "T028CNVFETF",
            "name": "s3851298",
            "is_restricted": false,
            "is_ultra_restricted": false
        },
        "attachments": [
            {
                "service_name": "Figma",
                "title": "Bootstrap UI Kit",
                "title_link": "https:\/\/www.figma.com\/community\/file\/876022745968684318",
                "text": "Figma Community file — Bootstrap UI kit Bootstrap starter UI Kit collection of bootstrap base components. Super excited to share my first file to the community. Its initial start of bootstrap components. Enjoy and feel free to share your comments and your invaluable feedback on my Twitter: @imjituchauhan.",
                "fallback": "Figma: Bootstrap UI Kit",
                "image_url": "https:\/\/s3-alpha.figma.com\/hub\/file\/809434446\/f3a9c8d1-97c4-443d-a608-1c33193e94e2-cover.png",
                "image_width": 500,
                "image_height": 250,
                "from_url": "https:\/\/www.figma.com\/community\/file\/876022745968684318",
                "image_bytes": 19809,
                "service_icon": "https:\/\/static.figma.com\/app\/icon\/1\/touch-76.png",
                "id": 1,
                "original_url": "https:\/\/www.figma.com\/community\/file\/876022745968684318"
            }
        ],
        "blocks": [
            {
                "type": "rich_text",
                "block_id": "+EZ6",
                "elements": [
                    {
                        "type": "rich_text_section",
                        "elements": [
                            {
                                "type": "text",
                                "text": "if someone needs more icons etc. :"
                            },
                            {
                                "type": "link",
                                "url": "https:\/\/www.figma.com\/community\/file\/876022745968684318"
                            }
                        ]
                    }
                ]
            }
        ]
    },
    {
        "client_msg_id": "0642e0c3-9134-449e-9dc6-c5f3c4287dd2",
        "type": "message",
        "text": "or Figma Material Design UI Kit (Desktop Dashboard)",
        "user": "U02812J04H5",
        "ts": "1628122823.026900",
        "team": "T028CNVFETF",
        "user_team": "T028CNVFETF",
        "source_team": "T028CNVFETF",
        "user_profile": {
            "avatar_hash": "g9ff92d51e82",
            "image_72": "https:\/\/secure.gravatar.com\/avatar\/9ff92d51e820b2c762e345cf0c31cdb3.jpg?s=72&d=https%3A%2F%2Fa.slack-edge.com%2Fdf10d%2Fimg%2Favatars%2Fava_0020-72.png",
            "first_name": "",
            "real_name": "Moritz Hauptmann",
            "display_name": "Moritz Hauptmann",
            "team": "T028CNVFETF",
            "name": "s3851298",
            "is_restricted": false,
            "is_ultra_restricted": false
        },
        "blocks": [
            {
                "type": "rich_text",
                "block_id": "QphlX",
                "elements": [
                    {
                        "type": "rich_text_section",
                        "elements": [
                            {
                                "type": "text",
                                "text": "or Figma Material Design UI Kit (Desktop Dashboard)"
                            }
                        ]
                    }
                ]
            }
        ]
    },
    {
        "client_msg_id": "29ad44e8-3395-4b85-a963-5331dfbf8c4a",
        "type": "message",
        "text": "<https:\/\/www.figma.com\/community\/file\/809541985019767955>",
        "user": "U02812J04H5",
        "ts": "1628122830.027100",
        "team": "T028CNVFETF",
        "user_team": "T028CNVFETF",
        "source_team": "T028CNVFETF",
        "user_profile": {
            "avatar_hash": "g9ff92d51e82",
            "image_72": "https:\/\/secure.gravatar.com\/avatar\/9ff92d51e820b2c762e345cf0c31cdb3.jpg?s=72&d=https%3A%2F%2Fa.slack-edge.com%2Fdf10d%2Fimg%2Favatars%2Fava_0020-72.png",
            "first_name": "",
            "real_name": "Moritz Hauptmann",
            "display_name": "Moritz Hauptmann",
            "team": "T028CNVFETF",
            "name": "s3851298",
            "is_restricted": false,
            "is_ultra_restricted": false
        },
        "attachments": [
            {
                "service_name": "Figma",
                "title": "Figma Material Design UI Kit (Desktop Dashboard)",
                "title_link": "https:\/\/www.figma.com\/community\/file\/809541985019767955",
                "text": "Figma Community file — Figma Material Design UI Kit with modern desktop templates, dashboard (light and dark), and Material Design components and UI elements. With Material Design UI components that are easy to edit, you can customize these dashboard screens to bring your ideas to life. With light and dark screen des...",
                "fallback": "Figma: Figma Material Design UI Kit (Desktop Dashboard)",
                "image_url": "https:\/\/s3-alpha.figma.com\/hub\/file\/636637146\/66ac9a7c-8003-46b6-bee7-0d4123220116-cover.png",
                "image_width": 333,
                "image_height": 250,
                "from_url": "https:\/\/www.figma.com\/community\/file\/809541985019767955",
                "image_bytes": 271816,
                "service_icon": "https:\/\/static.figma.com\/app\/icon\/1\/touch-76.png",
                "id": 1,
                "original_url": "https:\/\/www.figma.com\/community\/file\/809541985019767955"
            }
        ],
        "blocks": [
            {
                "type": "rich_text",
                "block_id": "yqC",
                "elements": [
                    {
                        "type": "rich_text_section",
                        "elements": [
                            {
                                "type": "link",
                                "url": "https:\/\/www.figma.com\/community\/file\/809541985019767955"
                            }
                        ]
                    }
                ]
            }
        ],
        "thread_ts": "1628122830.027100",
        "reply_count": 1,
        "reply_users_count": 1,
        "latest_reply": "1628123027.028500",
        "reply_users": [
            "U02812J04H5"
        ],
        "replies": [
            {
                "user": "U02812J04H5",
                "ts": "1628123027.028500"
            }
        ],
        "is_locked": false,
        "subscribed": false
    },
    {
        "client_msg_id": "6d4556b0-9e1e-4480-a512-ae1ca9b5e2d6",
        "type": "message",
        "text": "do we want a top menu for the desktop or a side panel ?",
        "user": "U02812J04H5",
        "ts": "1628122904.027800",
        "team": "T028CNVFETF",
        "user_team": "T028CNVFETF",
        "source_team": "T028CNVFETF",
        "user_profile": {
            "avatar_hash": "g9ff92d51e82",
            "image_72": "https:\/\/secure.gravatar.com\/avatar\/9ff92d51e820b2c762e345cf0c31cdb3.jpg?s=72&d=https%3A%2F%2Fa.slack-edge.com%2Fdf10d%2Fimg%2Favatars%2Fava_0020-72.png",
            "first_name": "",
            "real_name": "Moritz Hauptmann",
            "display_name": "Moritz Hauptmann",
            "team": "T028CNVFETF",
            "name": "s3851298",
            "is_restricted": false,
            "is_ultra_restricted": false
        },
        "blocks": [
            {
                "type": "rich_text",
                "block_id": "of4",
                "elements": [
                    {
                        "type": "rich_text_section",
                        "elements": [
                            {
                                "type": "text",
                                "text": "do we want a top menu for the desktop or a side panel ?"
                            }
                        ]
                    }
                ]
            }
        ]
    },
    {
        "client_msg_id": "c83fea8b-42b3-447e-8641-6cd809f74082",
        "type": "message",
        "text": "i have created a top menu in figma have a look",
        "user": "U02812J04H5",
        "ts": "1628122932.028400",
        "team": "T028CNVFETF",
        "user_team": "T028CNVFETF",
        "source_team": "T028CNVFETF",
        "user_profile": {
            "avatar_hash": "g9ff92d51e82",
            "image_72": "https:\/\/secure.gravatar.com\/avatar\/9ff92d51e820b2c762e345cf0c31cdb3.jpg?s=72&d=https%3A%2F%2Fa.slack-edge.com%2Fdf10d%2Fimg%2Favatars%2Fava_0020-72.png",
            "first_name": "",
            "real_name": "Moritz Hauptmann",
            "display_name": "Moritz Hauptmann",
            "team": "T028CNVFETF",
            "name": "s3851298",
            "is_restricted": false,
            "is_ultra_restricted": false
        },
        "blocks": [
            {
                "type": "rich_text",
                "block_id": "CfAlS",
                "elements": [
                    {
                        "type": "rich_text_section",
                        "elements": [
                            {
                                "type": "text",
                                "text": "i have created a top menu in figma have a look"
                            }
                        ]
                    }
                ]
            }
        ]
    },
    {
        "client_msg_id": "2331a565-2308-4715-a584-227c769f3797",
        "type": "message",
        "text": "and more material design.. :<https:\/\/www.figma.com\/community\/file\/778763161265841481>",
        "user": "U02812J04H5",
        "ts": "1628123027.028500",
        "team": "T028CNVFETF",
        "user_team": "T028CNVFETF",
        "source_team": "T028CNVFETF",
        "user_profile": {
            "avatar_hash": "g9ff92d51e82",
            "image_72": "https:\/\/secure.gravatar.com\/avatar\/9ff92d51e820b2c762e345cf0c31cdb3.jpg?s=72&d=https%3A%2F%2Fa.slack-edge.com%2Fdf10d%2Fimg%2Favatars%2Fava_0020-72.png",
            "first_name": "",
            "real_name": "Moritz Hauptmann",
            "display_name": "Moritz Hauptmann",
            "team": "T028CNVFETF",
            "name": "s3851298",
            "is_restricted": false,
            "is_ultra_restricted": false
        },
        "attachments": [
            {
                "service_name": "Figma",
                "title": "Material Baseline Design Kit",
                "title_link": "https:\/\/www.figma.com\/community\/file\/778763161265841481",
                "text": "Figma Community file — Customize and Create Material Design's Baseline Design Kit provides all you need to create beautiful apps, complete with components and theming guidance. Suggestions and\/or feedback? Ping us @materialdesign on Twitter. Changelog 07.14.21 V1.2 &amp;nbsp;&amp;nbsp;&amp;nbsp;&amp;nbsp;&amp;nbsp;Updates: Updated Snack...",
                "fallback": "Figma: Material Baseline Design Kit",
                "image_url": "https:\/\/s3-alpha.figma.com\/hub\/file\/978051301\/25d52c75-f1b0-4f4f-a20e-8f4b7b426749-cover.png",
                "image_width": 445,
                "image_height": 250,
                "from_url": "https:\/\/www.figma.com\/community\/file\/778763161265841481",
                "image_bytes": 124578,
                "service_icon": "https:\/\/static.figma.com\/app\/icon\/1\/touch-76.png",
                "id": 1,
                "original_url": "https:\/\/www.figma.com\/community\/file\/778763161265841481"
            }
        ],
        "blocks": [
            {
                "type": "rich_text",
                "block_id": "MuX",
                "elements": [
                    {
                        "type": "rich_text_section",
                        "elements": [
                            {
                                "type": "text",
                                "text": "and more material design.. :"
                            },
                            {
                                "type": "link",
                                "url": "https:\/\/www.figma.com\/community\/file\/778763161265841481"
                            }
                        ]
                    }
                ]
            }
        ],
        "thread_ts": "1628122830.027100",
        "parent_user_id": "U02812J04H5"
    },
    {
        "client_msg_id": "53a4248f-5182-434f-889e-45c5182ed53b",
        "type": "message",
        "text": "Looking good",
        "user": "U028UDDAWAD",
        "ts": "1628126704.029100",
        "team": "T028CNVFETF",
        "user_team": "T028CNVFETF",
        "source_team": "T028CNVFETF",
        "user_profile": {
            "avatar_hash": "gbc659f0070f",
            "image_72": "https:\/\/secure.gravatar.com\/avatar\/bc659f0070f49e4d9ea463fb700c9f95.jpg?s=72&d=https%3A%2F%2Fa.slack-edge.com%2Fdf10d%2Fimg%2Favatars%2Fava_0021-72.png",
            "first_name": "Jacob",
            "real_name": "Jacob McEwan",
            "display_name": "Jacob McEwan",
            "team": "T028CNVFETF",
            "name": "s3841062",
            "is_restricted": false,
            "is_ultra_restricted": false
        },
        "blocks": [
            {
                "type": "rich_text",
                "block_id": "x14",
                "elements": [
                    {
                        "type": "rich_text_section",
                        "elements": [
                            {
                                "type": "text",
                                "text": "Looking good"
                            }
                        ]
                    }
                ]
            }
        ]
    },
    {
        "client_msg_id": "8b46d851-24ac-4a37-97f2-813813562386",
        "type": "message",
        "text": "are we making wireframes only for the prioritised user stories?",
        "user": "U028FPSLFK4",
        "ts": "1628129184.029800",
        "team": "T028CNVFETF",
        "user_team": "T028CNVFETF",
        "source_team": "T028CNVFETF",
        "user_profile": {
            "avatar_hash": "g92faf8c7cb1",
            "image_72": "https:\/\/secure.gravatar.com\/avatar\/92faf8c7cb15b0d6ca7ed71eeba8f20b.jpg?s=72&d=https%3A%2F%2Fa.slack-edge.com%2Fdf10d%2Fimg%2Favatars%2Fava_0022-72.png",
            "first_name": "",
            "real_name": "Ming Dong",
            "display_name": "Ming Dong",
            "team": "T028CNVFETF",
            "name": "s3843573",
            "is_restricted": false,
            "is_ultra_restricted": false
        },
        "blocks": [
            {
                "type": "rich_text",
                "block_id": "F5i",
                "elements": [
                    {
                        "type": "rich_text_section",
                        "elements": [
                            {
                                "type": "text",
                                "text": "are we making wireframes only for the prioritised user stories?"
                            }
                        ]
                    }
                ]
            }
        ]
    },
    {
        "client_msg_id": "711b92c7-af4b-4cef-b9e0-55cbbbf4010f",
        "type": "message",
        "text": "I don't know if Jack assigned them yet, If you want to make a start on the unprioritised ones then go ahead, we'll need to do all of the eventually",
        "user": "U028UDDAWAD",
        "ts": "1628129363.031300",
        "team": "T028CNVFETF",
        "user_team": "T028CNVFETF",
        "source_team": "T028CNVFETF",
        "user_profile": {
            "avatar_hash": "gbc659f0070f",
            "image_72": "https:\/\/secure.gravatar.com\/avatar\/bc659f0070f49e4d9ea463fb700c9f95.jpg?s=72&d=https%3A%2F%2Fa.slack-edge.com%2Fdf10d%2Fimg%2Favatars%2Fava_0021-72.png",
            "first_name": "Jacob",
            "real_name": "Jacob McEwan",
            "display_name": "Jacob McEwan",
            "team": "T028CNVFETF",
            "name": "s3841062",
            "is_restricted": false,
            "is_ultra_restricted": false
        },
        "edited": {
            "user": "U028UDDAWAD",
            "ts": "1628129379.000000"
        },
        "blocks": [
            {
                "type": "rich_text",
                "block_id": "++Q",
                "elements": [
                    {
                        "type": "rich_text_section",
                        "elements": [
                            {
                                "type": "text",
                                "text": "I don't know if Jack assigned them yet, If you want to make a start on the unprioritised ones then go ahead, we'll need to do all of the eventually"
                            }
                        ]
                    }
                ]
            }
        ],
        "thread_ts": "1628129363.031300",
        "reply_count": 1,
        "reply_users_count": 1,
        "latest_reply": "1628129381.031600",
        "reply_users": [
            "U028FPSLFK4"
        ],
        "replies": [
            {
                "user": "U028FPSLFK4",
                "ts": "1628129381.031600"
            }
        ],
        "is_locked": false,
        "subscribed": true,
        "last_read": "1628129381.031600"
    },
    {
        "client_msg_id": "a04fb61b-90da-4acf-8633-626afc60c86d",
        "type": "message",
        "text": "aight thanks",
        "user": "U028FPSLFK4",
        "ts": "1628129381.031600",
        "team": "T028CNVFETF",
        "user_team": "T028CNVFETF",
        "source_team": "T028CNVFETF",
        "user_profile": {
            "avatar_hash": "g92faf8c7cb1",
            "image_72": "https:\/\/secure.gravatar.com\/avatar\/92faf8c7cb15b0d6ca7ed71eeba8f20b.jpg?s=72&d=https%3A%2F%2Fa.slack-edge.com%2Fdf10d%2Fimg%2Favatars%2Fava_0022-72.png",
            "first_name": "",
            "real_name": "Ming Dong",
            "display_name": "Ming Dong",
            "team": "T028CNVFETF",
            "name": "s3843573",
            "is_restricted": false,
            "is_ultra_restricted": false
        },
        "blocks": [
            {
                "type": "rich_text",
                "block_id": "Ivpgu",
                "elements": [
                    {
                        "type": "rich_text_section",
                        "elements": [
                            {
                                "type": "text",
                                "text": "aight thanks"
                            }
                        ]
                    }
                ]
            }
        ],
        "thread_ts": "1628129363.031300",
        "parent_user_id": "U028UDDAWAD"
    }
]