[
    {
        "client_msg_id": "859b444e-0e60-42e7-9588-f2270e88f976",
        "type": "message",
        "text": "Are the business and user dashboards modeled the same or are they different pages?",
        "user": "U028UDDAWAD",
        "ts": "1628492616.061700",
        "team": "T028CNVFETF",
        "user_team": "T028CNVFETF",
        "source_team": "T028CNVFETF",
        "user_profile": {
            "avatar_hash": "gbc659f0070f",
            "image_72": "https:\/\/secure.gravatar.com\/avatar\/bc659f0070f49e4d9ea463fb700c9f95.jpg?s=72&d=https%3A%2F%2Fa.slack-edge.com%2Fdf10d%2Fimg%2Favatars%2Fava_0021-72.png",
            "first_name": "Jacob",
            "real_name": "Jacob McEwan",
            "display_name": "Jacob McEwan",
            "team": "T028CNVFETF",
            "name": "s3841062",
            "is_restricted": false,
            "is_ultra_restricted": false
        },
        "blocks": [
            {
                "type": "rich_text",
                "block_id": "OW18",
                "elements": [
                    {
                        "type": "rich_text_section",
                        "elements": [
                            {
                                "type": "text",
                                "text": "Are the business and user dashboards modeled the same or are they different pages?"
                            }
                        ]
                    }
                ]
            }
        ]
    },
    {
        "client_msg_id": "853a69b9-e687-4807-a0e1-aa35748c33f2",
        "type": "message",
        "text": "could be different pages",
        "user": "U028Q9GDXN3",
        "ts": "1628492681.062300",
        "team": "T028CNVFETF",
        "user_team": "T028CNVFETF",
        "source_team": "T028CNVFETF",
        "user_profile": {
            "avatar_hash": "a6bbad4a67bc",
            "image_72": "https:\/\/avatars.slack-edge.com\/2021-07-26\/2308025050517_a6bbad4a67bc3cebd1c6_72.png",
            "first_name": "",
            "real_name": "Jack Hollis-London",
            "display_name": "Jack Hollis-London",
            "team": "T028CNVFETF",
            "name": "s3585034",
            "is_restricted": false,
            "is_ultra_restricted": false
        },
        "blocks": [
            {
                "type": "rich_text",
                "block_id": "du4x",
                "elements": [
                    {
                        "type": "rich_text_section",
                        "elements": [
                            {
                                "type": "text",
                                "text": "could be different pages"
                            }
                        ]
                    }
                ]
            }
        ]
    },
    {
        "client_msg_id": "78ab4596-7395-4450-bce1-b7259bdd71bb",
        "type": "message",
        "text": "Was there anything that differed between them? Both can see orders, and both can view books, is there anything that's individual to one account type",
        "user": "U028UDDAWAD",
        "ts": "1628492732.063200",
        "team": "T028CNVFETF",
        "user_team": "T028CNVFETF",
        "source_team": "T028CNVFETF",
        "user_profile": {
            "avatar_hash": "gbc659f0070f",
            "image_72": "https:\/\/secure.gravatar.com\/avatar\/bc659f0070f49e4d9ea463fb700c9f95.jpg?s=72&d=https%3A%2F%2Fa.slack-edge.com%2Fdf10d%2Fimg%2Favatars%2Fava_0021-72.png",
            "first_name": "Jacob",
            "real_name": "Jacob McEwan",
            "display_name": "Jacob McEwan",
            "team": "T028CNVFETF",
            "name": "s3841062",
            "is_restricted": false,
            "is_ultra_restricted": false
        },
        "blocks": [
            {
                "type": "rich_text",
                "block_id": "o13",
                "elements": [
                    {
                        "type": "rich_text_section",
                        "elements": [
                            {
                                "type": "text",
                                "text": "Was there anything that differed between them? Both can see orders, and both can view books, is there anything that's individual to one account type"
                            }
                        ]
                    }
                ]
            }
        ]
    },
    {
        "client_msg_id": "149a537f-7625-4d01-9c49-02d5d6c14c81",
        "type": "message",
        "text": "right both can list books too, just used books only for public users",
        "user": "U028Q9GDXN3",
        "ts": "1628492791.063700",
        "team": "T028CNVFETF",
        "user_team": "T028CNVFETF",
        "source_team": "T028CNVFETF",
        "user_profile": {
            "avatar_hash": "a6bbad4a67bc",
            "image_72": "https:\/\/avatars.slack-edge.com\/2021-07-26\/2308025050517_a6bbad4a67bc3cebd1c6_72.png",
            "first_name": "",
            "real_name": "Jack Hollis-London",
            "display_name": "Jack Hollis-London",
            "team": "T028CNVFETF",
            "name": "s3585034",
            "is_restricted": false,
            "is_ultra_restricted": false
        },
        "blocks": [
            {
                "type": "rich_text",
                "block_id": "Ovl",
                "elements": [
                    {
                        "type": "rich_text_section",
                        "elements": [
                            {
                                "type": "text",
                                "text": "right both can list books too, just used books only for public users"
                            }
                        ]
                    }
                ]
            }
        ]
    },
    {
        "client_msg_id": "c065a168-b2c9-4f3e-8c8d-89b5690e80a3",
        "type": "message",
        "text": "there is the admin dashboard which will contain links to admin tools like listing all users",
        "user": "U028Q9GDXN3",
        "ts": "1628492829.064400",
        "team": "T028CNVFETF",
        "user_team": "T028CNVFETF",
        "source_team": "T028CNVFETF",
        "user_profile": {
            "avatar_hash": "a6bbad4a67bc",
            "image_72": "https:\/\/avatars.slack-edge.com\/2021-07-26\/2308025050517_a6bbad4a67bc3cebd1c6_72.png",
            "first_name": "",
            "real_name": "Jack Hollis-London",
            "display_name": "Jack Hollis-London",
            "team": "T028CNVFETF",
            "name": "s3585034",
            "is_restricted": false,
            "is_ultra_restricted": false
        },
        "blocks": [
            {
                "type": "rich_text",
                "block_id": "GUHO=",
                "elements": [
                    {
                        "type": "rich_text_section",
                        "elements": [
                            {
                                "type": "text",
                                "text": "there is the admin dashboard which will contain links to admin tools like listing all users"
                            }
                        ]
                    }
                ]
            }
        ]
    },
    {
        "client_msg_id": "f622ec5d-47b3-4ec0-a76e-d3c1dfeba92b",
        "type": "message",
        "text": "theres the books report feature for businesses",
        "user": "U028Q9GDXN3",
        "ts": "1628492850.064900",
        "team": "T028CNVFETF",
        "user_team": "T028CNVFETF",
        "source_team": "T028CNVFETF",
        "user_profile": {
            "avatar_hash": "a6bbad4a67bc",
            "image_72": "https:\/\/avatars.slack-edge.com\/2021-07-26\/2308025050517_a6bbad4a67bc3cebd1c6_72.png",
            "first_name": "",
            "real_name": "Jack Hollis-London",
            "display_name": "Jack Hollis-London",
            "team": "T028CNVFETF",
            "name": "s3585034",
            "is_restricted": false,
            "is_ultra_restricted": false
        },
        "blocks": [
            {
                "type": "rich_text",
                "block_id": "u1w",
                "elements": [
                    {
                        "type": "rich_text_section",
                        "elements": [
                            {
                                "type": "text",
                                "text": "theres the books report feature for businesses"
                            }
                        ]
                    }
                ]
            }
        ]
    },
    {
        "client_msg_id": "7892907f-d77d-4ff5-bc5e-4a9b7d75ae47",
        "type": "message",
        "text": "also what can a business edit about a book? only the price right",
        "user": "U028Q9GDXN3",
        "ts": "1628492888.065500",
        "team": "T028CNVFETF",
        "user_team": "T028CNVFETF",
        "source_team": "T028CNVFETF",
        "user_profile": {
            "avatar_hash": "a6bbad4a67bc",
            "image_72": "https:\/\/avatars.slack-edge.com\/2021-07-26\/2308025050517_a6bbad4a67bc3cebd1c6_72.png",
            "first_name": "",
            "real_name": "Jack Hollis-London",
            "display_name": "Jack Hollis-London",
            "team": "T028CNVFETF",
            "name": "s3585034",
            "is_restricted": false,
            "is_ultra_restricted": false
        },
        "blocks": [
            {
                "type": "rich_text",
                "block_id": "BUEV",
                "elements": [
                    {
                        "type": "rich_text_section",
                        "elements": [
                            {
                                "type": "text",
                                "text": "also what can a business edit about a book? only the price right"
                            }
                        ]
                    }
                ]
            }
        ]
    },
    {
        "client_msg_id": "845e6f41-be15-4a59-98c6-ffd8e1ff4aa3",
        "type": "message",
        "text": "Depends on how the system is implemented. I'm working under the assumption that businesses can add any book (even if it's new to the system) so they should be able to edit anything they want. Maybe having policies where you can change anything if you're the only seller (as will be the case for some books) and maybe a review system where a certain number of people need to weigh in?",
        "user": "U028UDDAWAD",
        "ts": "1628493006.067400",
        "team": "T028CNVFETF",
        "user_team": "T028CNVFETF",
        "source_team": "T028CNVFETF",
        "user_profile": {
            "avatar_hash": "gbc659f0070f",
            "image_72": "https:\/\/secure.gravatar.com\/avatar\/bc659f0070f49e4d9ea463fb700c9f95.jpg?s=72&d=https%3A%2F%2Fa.slack-edge.com%2Fdf10d%2Fimg%2Favatars%2Fava_0021-72.png",
            "first_name": "Jacob",
            "real_name": "Jacob McEwan",
            "display_name": "Jacob McEwan",
            "team": "T028CNVFETF",
            "name": "s3841062",
            "is_restricted": false,
            "is_ultra_restricted": false
        },
        "blocks": [
            {
                "type": "rich_text",
                "block_id": "oRH",
                "elements": [
                    {
                        "type": "rich_text_section",
                        "elements": [
                            {
                                "type": "text",
                                "text": "Depends on how the system is implemented. I'm working under the assumption that businesses can add any book (even if it's new to the system) so they should be able to edit anything they want. Maybe having policies where you can change anything if you're the only seller (as will be the case for some books) and maybe a review system where a certain number of people need to weigh in?"
                            }
                        ]
                    }
                ]
            }
        ]
    },
    {
        "client_msg_id": "6b08405d-2b75-4228-82eb-5e4113981d35",
        "type": "message",
        "text": "I'm guessing public users will have the least amount of control (only being able to control price, quantity and condition (maybe not evne that if they're locked to used))",
        "user": "U028UDDAWAD",
        "ts": "1628493053.068200",
        "team": "T028CNVFETF",
        "user_team": "T028CNVFETF",
        "source_team": "T028CNVFETF",
        "user_profile": {
            "avatar_hash": "gbc659f0070f",
            "image_72": "https:\/\/secure.gravatar.com\/avatar\/bc659f0070f49e4d9ea463fb700c9f95.jpg?s=72&d=https%3A%2F%2Fa.slack-edge.com%2Fdf10d%2Fimg%2Favatars%2Fava_0021-72.png",
            "first_name": "Jacob",
            "real_name": "Jacob McEwan",
            "display_name": "Jacob McEwan",
            "team": "T028CNVFETF",
            "name": "s3841062",
            "is_restricted": false,
            "is_ultra_restricted": false
        },
        "blocks": [
            {
                "type": "rich_text",
                "block_id": "1FUX",
                "elements": [
                    {
                        "type": "rich_text_section",
                        "elements": [
                            {
                                "type": "text",
                                "text": "I'm guessing public users will have the least amount of control (only being able to control price, quantity and condition (maybe not evne that if they're locked to used))"
                            }
                        ]
                    }
                ]
            }
        ]
    },
    {
        "client_msg_id": "824388bc-eac1-429d-a8d1-8bff598813c5",
        "type": "message",
        "text": "And edit again if they are the only seller",
        "user": "U028UDDAWAD",
        "ts": "1628493082.068500",
        "team": "T028CNVFETF",
        "user_team": "T028CNVFETF",
        "source_team": "T028CNVFETF",
        "user_profile": {
            "avatar_hash": "gbc659f0070f",
            "image_72": "https:\/\/secure.gravatar.com\/avatar\/bc659f0070f49e4d9ea463fb700c9f95.jpg?s=72&d=https%3A%2F%2Fa.slack-edge.com%2Fdf10d%2Fimg%2Favatars%2Fava_0021-72.png",
            "first_name": "Jacob",
            "real_name": "Jacob McEwan",
            "display_name": "Jacob McEwan",
            "team": "T028CNVFETF",
            "name": "s3841062",
            "is_restricted": false,
            "is_ultra_restricted": false
        },
        "blocks": [
            {
                "type": "rich_text",
                "block_id": "B+V",
                "elements": [
                    {
                        "type": "rich_text_section",
                        "elements": [
                            {
                                "type": "text",
                                "text": "And edit again if they are the only seller"
                            }
                        ]
                    }
                ]
            }
        ]
    },
    {
        "client_msg_id": "2a1e1034-94d1-4c24-b657-57e76d903006",
        "type": "message",
        "text": "Also are reviews on sellers or jsut the book or both?",
        "user": "U028UDDAWAD",
        "ts": "1628493197.068800",
        "team": "T028CNVFETF",
        "user_team": "T028CNVFETF",
        "source_team": "T028CNVFETF",
        "user_profile": {
            "avatar_hash": "gbc659f0070f",
            "image_72": "https:\/\/secure.gravatar.com\/avatar\/bc659f0070f49e4d9ea463fb700c9f95.jpg?s=72&d=https%3A%2F%2Fa.slack-edge.com%2Fdf10d%2Fimg%2Favatars%2Fava_0021-72.png",
            "first_name": "Jacob",
            "real_name": "Jacob McEwan",
            "display_name": "Jacob McEwan",
            "team": "T028CNVFETF",
            "name": "s3841062",
            "is_restricted": false,
            "is_ultra_restricted": false
        },
        "blocks": [
            {
                "type": "rich_text",
                "block_id": "PK\/",
                "elements": [
                    {
                        "type": "rich_text_section",
                        "elements": [
                            {
                                "type": "text",
                                "text": "Also are reviews on sellers or jsut the book or both?"
                            }
                        ]
                    }
                ]
            }
        ]
    },
    {
        "client_msg_id": "797FF690-38A5-4DED-BE24-79566042B686",
        "type": "message",
        "text": "Seller reviews would be for a whole order of books where as book reviews would be for each book in the order",
        "user": "U028Q9GDXN3",
        "ts": "1628493506.071300",
        "team": "T028CNVFETF",
        "user_team": "T028CNVFETF",
        "source_team": "T028CNVFETF",
        "user_profile": {
            "avatar_hash": "a6bbad4a67bc",
            "image_72": "https:\/\/avatars.slack-edge.com\/2021-07-26\/2308025050517_a6bbad4a67bc3cebd1c6_72.png",
            "first_name": "",
            "real_name": "Jack Hollis-London",
            "display_name": "Jack Hollis-London",
            "team": "T028CNVFETF",
            "name": "s3585034",
            "is_restricted": false,
            "is_ultra_restricted": false
        },
        "blocks": [
            {
                "type": "rich_text",
                "block_id": "NHCW\/",
                "elements": [
                    {
                        "type": "rich_text_section",
                        "elements": [
                            {
                                "type": "text",
                                "text": "Seller reviews would be for a whole order of books where as book reviews would be for each book in the order"
                            }
                        ]
                    }
                ]
            }
        ]
    },
    {
        "client_msg_id": "b09001fe-147c-4a15-addc-25133aa2dcde",
        "type": "message",
        "text": "What if an order contains multiple sellers?",
        "user": "U028UDDAWAD",
        "ts": "1628493532.071700",
        "team": "T028CNVFETF",
        "user_team": "T028CNVFETF",
        "source_team": "T028CNVFETF",
        "user_profile": {
            "avatar_hash": "gbc659f0070f",
            "image_72": "https:\/\/secure.gravatar.com\/avatar\/bc659f0070f49e4d9ea463fb700c9f95.jpg?s=72&d=https%3A%2F%2Fa.slack-edge.com%2Fdf10d%2Fimg%2Favatars%2Fava_0021-72.png",
            "first_name": "Jacob",
            "real_name": "Jacob McEwan",
            "display_name": "Jacob McEwan",
            "team": "T028CNVFETF",
            "name": "s3841062",
            "is_restricted": false,
            "is_ultra_restricted": false
        },
        "blocks": [
            {
                "type": "rich_text",
                "block_id": "A5C",
                "elements": [
                    {
                        "type": "rich_text_section",
                        "elements": [
                            {
                                "type": "text",
                                "text": "What if an order contains multiple sellers?"
                            }
                        ]
                    }
                ]
            }
        ]
    },
    {
        "client_msg_id": "CEE28A39-0990-435F-A2A3-CCF9F29634D0",
        "type": "message",
        "text": "Don’t let users review sellers for now",
        "user": "U028Q9GDXN3",
        "ts": "1628493646.073100",
        "team": "T028CNVFETF",
        "user_team": "T028CNVFETF",
        "source_team": "T028CNVFETF",
        "user_profile": {
            "avatar_hash": "a6bbad4a67bc",
            "image_72": "https:\/\/avatars.slack-edge.com\/2021-07-26\/2308025050517_a6bbad4a67bc3cebd1c6_72.png",
            "first_name": "",
            "real_name": "Jack Hollis-London",
            "display_name": "Jack Hollis-London",
            "team": "T028CNVFETF",
            "name": "s3585034",
            "is_restricted": false,
            "is_ultra_restricted": false
        },
        "blocks": [
            {
                "type": "rich_text",
                "block_id": "U5TK",
                "elements": [
                    {
                        "type": "rich_text_section",
                        "elements": [
                            {
                                "type": "text",
                                "text": "Don’t let users review sellers for now"
                            }
                        ]
                    }
                ]
            }
        ]
    },
    {
        "client_msg_id": "549a5058-5303-43d6-aad0-503a44527a04",
        "type": "message",
        "text": "Yeah, maybe. I'm putting together a list of questions for the tutor, so we don't loose track",
        "user": "U028UDDAWAD",
        "ts": "1628493678.074100",
        "team": "T028CNVFETF",
        "user_team": "T028CNVFETF",
        "source_team": "T028CNVFETF",
        "user_profile": {
            "avatar_hash": "gbc659f0070f",
            "image_72": "https:\/\/secure.gravatar.com\/avatar\/bc659f0070f49e4d9ea463fb700c9f95.jpg?s=72&d=https%3A%2F%2Fa.slack-edge.com%2Fdf10d%2Fimg%2Favatars%2Fava_0021-72.png",
            "first_name": "Jacob",
            "real_name": "Jacob McEwan",
            "display_name": "Jacob McEwan",
            "team": "T028CNVFETF",
            "name": "s3841062",
            "is_restricted": false,
            "is_ultra_restricted": false
        },
        "blocks": [
            {
                "type": "rich_text",
                "block_id": "ZrrV",
                "elements": [
                    {
                        "type": "rich_text_section",
                        "elements": [
                            {
                                "type": "text",
                                "text": "Yeah, maybe. I'm putting together a list of questions for the tutor, so we don't loose track"
                            }
                        ]
                    }
                ]
            }
        ]
    },
    {
        "client_msg_id": "08AFA31C-8420-489B-AF0D-976F43507B00",
        "type": "message",
        "text": "Maybe automatically manage a list of current orders for the user based on the seller because the shipping and payment would be seperate anyway ",
        "user": "U028Q9GDXN3",
        "ts": "1628493732.075400",
        "team": "T028CNVFETF",
        "user_team": "T028CNVFETF",
        "source_team": "T028CNVFETF",
        "user_profile": {
            "avatar_hash": "a6bbad4a67bc",
            "image_72": "https:\/\/avatars.slack-edge.com\/2021-07-26\/2308025050517_a6bbad4a67bc3cebd1c6_72.png",
            "first_name": "",
            "real_name": "Jack Hollis-London",
            "display_name": "Jack Hollis-London",
            "team": "T028CNVFETF",
            "name": "s3585034",
            "is_restricted": false,
            "is_ultra_restricted": false
        },
        "blocks": [
            {
                "type": "rich_text",
                "block_id": "v52",
                "elements": [
                    {
                        "type": "rich_text_section",
                        "elements": [
                            {
                                "type": "text",
                                "text": "Maybe automatically manage a list of current orders for the user based on the seller because the shipping and payment would be seperate anyway "
                            }
                        ]
                    }
                ]
            }
        ]
    },
    {
        "client_msg_id": "8B7367C6-D761-4B4F-8261-4F2BC17D63EB",
        "type": "message",
        "text": "Multiple shopping carts",
        "user": "U028Q9GDXN3",
        "ts": "1628493772.076400",
        "team": "T028CNVFETF",
        "user_team": "T028CNVFETF",
        "source_team": "T028CNVFETF",
        "user_profile": {
            "avatar_hash": "a6bbad4a67bc",
            "image_72": "https:\/\/avatars.slack-edge.com\/2021-07-26\/2308025050517_a6bbad4a67bc3cebd1c6_72.png",
            "first_name": "",
            "real_name": "Jack Hollis-London",
            "display_name": "Jack Hollis-London",
            "team": "T028CNVFETF",
            "name": "s3585034",
            "is_restricted": false,
            "is_ultra_restricted": false
        },
        "blocks": [
            {
                "type": "rich_text",
                "block_id": "tP1FY",
                "elements": [
                    {
                        "type": "rich_text_section",
                        "elements": [
                            {
                                "type": "text",
                                "text": "Multiple shopping carts"
                            }
                        ]
                    }
                ]
            }
        ]
    },
    {
        "client_msg_id": "62ba8b1e-fe77-4654-ab89-22ea98da7d63",
        "type": "message",
        "text": "Yeah, I think this is one for the tutor, because from a client standpoint the order should allow for multiple sellers, (simply from usability) but they may say no due to restrictions of time \/ experience.",
        "user": "U028UDDAWAD",
        "ts": "1628493822.077100",
        "team": "T028CNVFETF",
        "user_team": "T028CNVFETF",
        "source_team": "T028CNVFETF",
        "user_profile": {
            "avatar_hash": "gbc659f0070f",
            "image_72": "https:\/\/secure.gravatar.com\/avatar\/bc659f0070f49e4d9ea463fb700c9f95.jpg?s=72&d=https%3A%2F%2Fa.slack-edge.com%2Fdf10d%2Fimg%2Favatars%2Fava_0021-72.png",
            "first_name": "Jacob",
            "real_name": "Jacob McEwan",
            "display_name": "Jacob McEwan",
            "team": "T028CNVFETF",
            "name": "s3841062",
            "is_restricted": false,
            "is_ultra_restricted": false
        },
        "blocks": [
            {
                "type": "rich_text",
                "block_id": "P\/w",
                "elements": [
                    {
                        "type": "rich_text_section",
                        "elements": [
                            {
                                "type": "text",
                                "text": "Yeah, I think this is one for the tutor, because from a client standpoint the order should allow for multiple sellers, (simply from usability) but they may say no due to restrictions of time \/ experience."
                            }
                        ]
                    }
                ]
            }
        ]
    },
    {
        "client_msg_id": "97e9be8a-a525-4b74-83be-97c7d59e8f90",
        "type": "message",
        "text": "What i might do is add a channel for questions to the tutor, then we can edit \/ check them off \/ add to them when we get answers or morew questions",
        "user": "U028UDDAWAD",
        "ts": "1628493880.078100",
        "team": "T028CNVFETF",
        "user_team": "T028CNVFETF",
        "source_team": "T028CNVFETF",
        "user_profile": {
            "avatar_hash": "gbc659f0070f",
            "image_72": "https:\/\/secure.gravatar.com\/avatar\/bc659f0070f49e4d9ea463fb700c9f95.jpg?s=72&d=https%3A%2F%2Fa.slack-edge.com%2Fdf10d%2Fimg%2Favatars%2Fava_0021-72.png",
            "first_name": "Jacob",
            "real_name": "Jacob McEwan",
            "display_name": "Jacob McEwan",
            "team": "T028CNVFETF",
            "name": "s3841062",
            "is_restricted": false,
            "is_ultra_restricted": false
        },
        "blocks": [
            {
                "type": "rich_text",
                "block_id": "k2S",
                "elements": [
                    {
                        "type": "rich_text_section",
                        "elements": [
                            {
                                "type": "text",
                                "text": "What i might do is add a channel for questions to the tutor, then we can edit \/ check them off \/ add to them when we get answers or morew questions"
                            }
                        ]
                    }
                ]
            }
        ]
    },
    {
        "client_msg_id": "e0bf3562-6618-453a-84ed-c7111f043af8",
        "type": "message",
        "text": "in figma you can create flow as well.. so if you go into the prototype and click a button it redirects you",
        "user": "U02812J04H5",
        "ts": "1628493901.078500",
        "team": "T028CNVFETF",
        "user_team": "T028CNVFETF",
        "source_team": "T028CNVFETF",
        "user_profile": {
            "avatar_hash": "g9ff92d51e82",
            "image_72": "https:\/\/secure.gravatar.com\/avatar\/9ff92d51e820b2c762e345cf0c31cdb3.jpg?s=72&d=https%3A%2F%2Fa.slack-edge.com%2Fdf10d%2Fimg%2Favatars%2Fava_0020-72.png",
            "first_name": "",
            "real_name": "Moritz Hauptmann",
            "display_name": "Moritz Hauptmann",
            "team": "T028CNVFETF",
            "name": "s3851298",
            "is_restricted": false,
            "is_ultra_restricted": false
        },
        "blocks": [
            {
                "type": "rich_text",
                "block_id": "dB=C",
                "elements": [
                    {
                        "type": "rich_text_section",
                        "elements": [
                            {
                                "type": "text",
                                "text": "in figma you can create flow as well.. so if you go into the prototype and click a button it redirects you"
                            }
                        ]
                    }
                ]
            }
        ]
    },
    {
        "client_msg_id": "5999be19-84b0-44bf-9362-e3f234eb967e",
        "type": "message",
        "text": "Might be something to look into. Does it display the flow visually like the map we've made?",
        "user": "U028UDDAWAD",
        "ts": "1628493963.078900",
        "team": "T028CNVFETF",
        "user_team": "T028CNVFETF",
        "source_team": "T028CNVFETF",
        "user_profile": {
            "avatar_hash": "gbc659f0070f",
            "image_72": "https:\/\/secure.gravatar.com\/avatar\/bc659f0070f49e4d9ea463fb700c9f95.jpg?s=72&d=https%3A%2F%2Fa.slack-edge.com%2Fdf10d%2Fimg%2Favatars%2Fava_0021-72.png",
            "first_name": "Jacob",
            "real_name": "Jacob McEwan",
            "display_name": "Jacob McEwan",
            "team": "T028CNVFETF",
            "name": "s3841062",
            "is_restricted": false,
            "is_ultra_restricted": false
        },
        "blocks": [
            {
                "type": "rich_text",
                "block_id": "XXwGx",
                "elements": [
                    {
                        "type": "rich_text_section",
                        "elements": [
                            {
                                "type": "text",
                                "text": "Might be something to look into. Does it display the flow visually like the map we've made?"
                            }
                        ]
                    }
                ]
            }
        ]
    },
    {
        "client_msg_id": "92c80ae9-67f0-4434-a86d-c2cca75d366d",
        "type": "message",
        "text": "yes, but only if you are in a certsain type of view..",
        "user": "U02812J04H5",
        "ts": "1628494294.079700",
        "team": "T028CNVFETF",
        "user_team": "T028CNVFETF",
        "source_team": "T028CNVFETF",
        "user_profile": {
            "avatar_hash": "g9ff92d51e82",
            "image_72": "https:\/\/secure.gravatar.com\/avatar\/9ff92d51e820b2c762e345cf0c31cdb3.jpg?s=72&d=https%3A%2F%2Fa.slack-edge.com%2Fdf10d%2Fimg%2Favatars%2Fava_0020-72.png",
            "first_name": "",
            "real_name": "Moritz Hauptmann",
            "display_name": "Moritz Hauptmann",
            "team": "T028CNVFETF",
            "name": "s3851298",
            "is_restricted": false,
            "is_ultra_restricted": false
        },
        "blocks": [
            {
                "type": "rich_text",
                "block_id": "Q7p",
                "elements": [
                    {
                        "type": "rich_text_section",
                        "elements": [
                            {
                                "type": "text",
                                "text": "yes, but only if you are in a certsain type of view.."
                            }
                        ]
                    }
                ]
            }
        ]
    },
    {
        "client_msg_id": "60be4bef-18f6-4575-aa52-e559c741e446",
        "type": "message",
        "text": "but when we share the link to the figma prototype its an actual working prototype",
        "user": "U02812J04H5",
        "ts": "1628494319.080300",
        "team": "T028CNVFETF",
        "user_team": "T028CNVFETF",
        "source_team": "T028CNVFETF",
        "user_profile": {
            "avatar_hash": "g9ff92d51e82",
            "image_72": "https:\/\/secure.gravatar.com\/avatar\/9ff92d51e820b2c762e345cf0c31cdb3.jpg?s=72&d=https%3A%2F%2Fa.slack-edge.com%2Fdf10d%2Fimg%2Favatars%2Fava_0020-72.png",
            "first_name": "",
            "real_name": "Moritz Hauptmann",
            "display_name": "Moritz Hauptmann",
            "team": "T028CNVFETF",
            "name": "s3851298",
            "is_restricted": false,
            "is_ultra_restricted": false
        },
        "blocks": [
            {
                "type": "rich_text",
                "block_id": "d78p",
                "elements": [
                    {
                        "type": "rich_text_section",
                        "elements": [
                            {
                                "type": "text",
                                "text": "but when we share the link to the figma prototype its an actual working prototype"
                            }
                        ]
                    }
                ]
            }
        ]
    },
    {
        "client_msg_id": "9445600f-d6f8-46d7-96df-8271a7a94eb4",
        "type": "message",
        "text": "I don't think we need the full on working prototype, just the arrows should be enough, but if figma supports it natively then might be good to switch over",
        "user": "U028UDDAWAD",
        "ts": "1628494376.081000",
        "team": "T028CNVFETF",
        "user_team": "T028CNVFETF",
        "source_team": "T028CNVFETF",
        "user_profile": {
            "avatar_hash": "gbc659f0070f",
            "image_72": "https:\/\/secure.gravatar.com\/avatar\/bc659f0070f49e4d9ea463fb700c9f95.jpg?s=72&d=https%3A%2F%2Fa.slack-edge.com%2Fdf10d%2Fimg%2Favatars%2Fava_0021-72.png",
            "first_name": "Jacob",
            "real_name": "Jacob McEwan",
            "display_name": "Jacob McEwan",
            "team": "T028CNVFETF",
            "name": "s3841062",
            "is_restricted": false,
            "is_ultra_restricted": false
        },
        "blocks": [
            {
                "type": "rich_text",
                "block_id": "zce",
                "elements": [
                    {
                        "type": "rich_text_section",
                        "elements": [
                            {
                                "type": "text",
                                "text": "I don't think we need the full on working prototype, just the arrows should be enough, but if figma supports it natively then might be good to switch over"
                            }
                        ]
                    }
                ]
            }
        ]
    },
    {
        "client_msg_id": "6d5ee318-d645-4e08-85f9-267c7346d4ca",
        "type": "message",
        "text": "we need buttons to the other pages from the dashboard",
        "user": "U028Q9GDXN3",
        "ts": "1628494516.081500",
        "team": "T028CNVFETF",
        "user_team": "T028CNVFETF",
        "source_team": "T028CNVFETF",
        "user_profile": {
            "avatar_hash": "a6bbad4a67bc",
            "image_72": "https:\/\/avatars.slack-edge.com\/2021-07-26\/2308025050517_a6bbad4a67bc3cebd1c6_72.png",
            "first_name": "",
            "real_name": "Jack Hollis-London",
            "display_name": "Jack Hollis-London",
            "team": "T028CNVFETF",
            "name": "s3585034",
            "is_restricted": false,
            "is_ultra_restricted": false
        },
        "blocks": [
            {
                "type": "rich_text",
                "block_id": "snQMc",
                "elements": [
                    {
                        "type": "rich_text_section",
                        "elements": [
                            {
                                "type": "text",
                                "text": "we need buttons to the other pages from the dashboard"
                            }
                        ]
                    }
                ]
            }
        ]
    },
    {
        "client_msg_id": "bb2fdc29-5dd2-4df2-a275-76d5860593ed",
        "type": "message",
        "text": "Should we have a quick meeting tomorrow?",
        "user": "U02812J04H5",
        "ts": "1628501816.082900",
        "team": "T028CNVFETF",
        "user_team": "T028CNVFETF",
        "source_team": "T028CNVFETF",
        "user_profile": {
            "avatar_hash": "g9ff92d51e82",
            "image_72": "https:\/\/secure.gravatar.com\/avatar\/9ff92d51e820b2c762e345cf0c31cdb3.jpg?s=72&d=https%3A%2F%2Fa.slack-edge.com%2Fdf10d%2Fimg%2Favatars%2Fava_0020-72.png",
            "first_name": "",
            "real_name": "Moritz Hauptmann",
            "display_name": "Moritz Hauptmann",
            "team": "T028CNVFETF",
            "name": "s3851298",
            "is_restricted": false,
            "is_ultra_restricted": false
        },
        "blocks": [
            {
                "type": "rich_text",
                "block_id": "JSt",
                "elements": [
                    {
                        "type": "rich_text_section",
                        "elements": [
                            {
                                "type": "text",
                                "text": "Should we have a quick meeting tomorrow?"
                            }
                        ]
                    }
                ]
            }
        ]
    },
    {
        "client_msg_id": "cefd1d3c-e0bb-41db-9f87-8b7fdf5f3be9",
        "type": "message",
        "text": "yeah hopefully the starter source code is out by rhen",
        "user": "U028Q9GDXN3",
        "ts": "1628501899.083200",
        "team": "T028CNVFETF",
        "user_team": "T028CNVFETF",
        "source_team": "T028CNVFETF",
        "user_profile": {
            "avatar_hash": "a6bbad4a67bc",
            "image_72": "https:\/\/avatars.slack-edge.com\/2021-07-26\/2308025050517_a6bbad4a67bc3cebd1c6_72.png",
            "first_name": "",
            "real_name": "Jack Hollis-London",
            "display_name": "Jack Hollis-London",
            "team": "T028CNVFETF",
            "name": "s3585034",
            "is_restricted": false,
            "is_ultra_restricted": false
        },
        "blocks": [
            {
                "type": "rich_text",
                "block_id": "Hgdo",
                "elements": [
                    {
                        "type": "rich_text_section",
                        "elements": [
                            {
                                "type": "text",
                                "text": "yeah hopefully the starter source code is out by rhen"
                            }
                        ]
                    }
                ]
            }
        ]
    },
    {
        "client_msg_id": "56b2dfd7-3202-42db-8122-714198030b30",
        "type": "message",
        "text": "same time as last week?",
        "user": "U028Q9GDXN3",
        "ts": "1628502775.083600",
        "team": "T028CNVFETF",
        "user_team": "T028CNVFETF",
        "source_team": "T028CNVFETF",
        "user_profile": {
            "avatar_hash": "a6bbad4a67bc",
            "image_72": "https:\/\/avatars.slack-edge.com\/2021-07-26\/2308025050517_a6bbad4a67bc3cebd1c6_72.png",
            "first_name": "",
            "real_name": "Jack Hollis-London",
            "display_name": "Jack Hollis-London",
            "team": "T028CNVFETF",
            "name": "s3585034",
            "is_restricted": false,
            "is_ultra_restricted": false
        },
        "blocks": [
            {
                "type": "rich_text",
                "block_id": "5a5",
                "elements": [
                    {
                        "type": "rich_text_section",
                        "elements": [
                            {
                                "type": "text",
                                "text": "same time as last week?"
                            }
                        ]
                    }
                ]
            }
        ],
        "thread_ts": "1628502775.083600",
        "reply_count": 1,
        "reply_users_count": 1,
        "latest_reply": "1628502823.083800",
        "reply_users": [
            "U028FPSLFK4"
        ],
        "replies": [
            {
                "user": "U028FPSLFK4",
                "ts": "1628502823.083800"
            }
        ],
        "is_locked": false,
        "subscribed": false,
        "reactions": [
            {
                "name": "+1",
                "users": [
                    "U028UDDAWAD",
                    "U02812J04H5"
                ],
                "count": 2
            }
        ]
    },
    {
        "client_msg_id": "52c5261f-d3a7-43d6-aa4c-dbb8af2cf6f1",
        "type": "message",
        "text": "yeah 1;30 pm to 2;30",
        "user": "U028FPSLFK4",
        "ts": "1628502823.083800",
        "team": "T028CNVFETF",
        "user_team": "T028CNVFETF",
        "source_team": "T028CNVFETF",
        "user_profile": {
            "avatar_hash": "g92faf8c7cb1",
            "image_72": "https:\/\/secure.gravatar.com\/avatar\/92faf8c7cb15b0d6ca7ed71eeba8f20b.jpg?s=72&d=https%3A%2F%2Fa.slack-edge.com%2Fdf10d%2Fimg%2Favatars%2Fava_0022-72.png",
            "first_name": "",
            "real_name": "Ming Dong",
            "display_name": "Ming Dong",
            "team": "T028CNVFETF",
            "name": "s3843573",
            "is_restricted": false,
            "is_ultra_restricted": false
        },
        "blocks": [
            {
                "type": "rich_text",
                "block_id": "+b5R",
                "elements": [
                    {
                        "type": "rich_text_section",
                        "elements": [
                            {
                                "type": "text",
                                "text": "yeah 1;30 pm to 2;30"
                            }
                        ]
                    }
                ]
            }
        ],
        "thread_ts": "1628502775.083600",
        "parent_user_id": "U028Q9GDXN3"
    },
    {
        "client_msg_id": "CED0AE93-E2DE-456E-A2D0-0ACEC29F2F3B",
        "type": "message",
        "text": "The starter code isn’t out yet",
        "user": "U028Q9GDXN3",
        "ts": "1628562506.084700",
        "team": "T028CNVFETF",
        "user_team": "T028CNVFETF",
        "source_team": "T028CNVFETF",
        "user_profile": {
            "avatar_hash": "a6bbad4a67bc",
            "image_72": "https:\/\/avatars.slack-edge.com\/2021-07-26\/2308025050517_a6bbad4a67bc3cebd1c6_72.png",
            "first_name": "",
            "real_name": "Jack Hollis-London",
            "display_name": "Jack Hollis-London",
            "team": "T028CNVFETF",
            "name": "s3585034",
            "is_restricted": false,
            "is_ultra_restricted": false
        },
        "blocks": [
            {
                "type": "rich_text",
                "block_id": "l5i",
                "elements": [
                    {
                        "type": "rich_text_section",
                        "elements": [
                            {
                                "type": "text",
                                "text": "The starter code isn’t out yet"
                            }
                        ]
                    }
                ]
            }
        ]
    },
    {
        "client_msg_id": "F7600A0F-27A7-49CB-BA40-B446178C0E2F",
        "type": "message",
        "text": "I think we should hold off",
        "user": "U028Q9GDXN3",
        "ts": "1628563574.085200",
        "team": "T028CNVFETF",
        "user_team": "T028CNVFETF",
        "source_team": "T028CNVFETF",
        "user_profile": {
            "avatar_hash": "a6bbad4a67bc",
            "image_72": "https:\/\/avatars.slack-edge.com\/2021-07-26\/2308025050517_a6bbad4a67bc3cebd1c6_72.png",
            "first_name": "",
            "real_name": "Jack Hollis-London",
            "display_name": "Jack Hollis-London",
            "team": "T028CNVFETF",
            "name": "s3585034",
            "is_restricted": false,
            "is_ultra_restricted": false
        },
        "blocks": [
            {
                "type": "rich_text",
                "block_id": "kHhm",
                "elements": [
                    {
                        "type": "rich_text_section",
                        "elements": [
                            {
                                "type": "text",
                                "text": "I think we should hold off"
                            }
                        ]
                    }
                ]
            }
        ]
    },
    {
        "client_msg_id": "7bd439b6-43df-4118-a8da-3e7935633a0a",
        "type": "message",
        "text": "Yeah might be a good idea.",
        "user": "U028UDDAWAD",
        "ts": "1628563631.085800",
        "team": "T028CNVFETF",
        "user_team": "T028CNVFETF",
        "source_team": "T028CNVFETF",
        "user_profile": {
            "avatar_hash": "gbc659f0070f",
            "image_72": "https:\/\/secure.gravatar.com\/avatar\/bc659f0070f49e4d9ea463fb700c9f95.jpg?s=72&d=https%3A%2F%2Fa.slack-edge.com%2Fdf10d%2Fimg%2Favatars%2Fava_0021-72.png",
            "first_name": "Jacob",
            "real_name": "Jacob McEwan",
            "display_name": "Jacob McEwan",
            "team": "T028CNVFETF",
            "name": "s3841062",
            "is_restricted": false,
            "is_ultra_restricted": false
        },
        "blocks": [
            {
                "type": "rich_text",
                "block_id": "gNQ",
                "elements": [
                    {
                        "type": "rich_text_section",
                        "elements": [
                            {
                                "type": "text",
                                "text": "Yeah might be a good idea."
                            }
                        ]
                    }
                ]
            }
        ]
    },
    {
        "client_msg_id": "99264e94-5a3e-4c43-b18a-e10b957bad4c",
        "type": "message",
        "text": "so we changing the meeting to another day?",
        "user": "U028FPSLFK4",
        "ts": "1628564827.086400",
        "team": "T028CNVFETF",
        "user_team": "T028CNVFETF",
        "source_team": "T028CNVFETF",
        "user_profile": {
            "avatar_hash": "g92faf8c7cb1",
            "image_72": "https:\/\/secure.gravatar.com\/avatar\/92faf8c7cb15b0d6ca7ed71eeba8f20b.jpg?s=72&d=https%3A%2F%2Fa.slack-edge.com%2Fdf10d%2Fimg%2Favatars%2Fava_0022-72.png",
            "first_name": "",
            "real_name": "Ming Dong",
            "display_name": "Ming Dong",
            "team": "T028CNVFETF",
            "name": "s3843573",
            "is_restricted": false,
            "is_ultra_restricted": false
        },
        "blocks": [
            {
                "type": "rich_text",
                "block_id": "f7c4z",
                "elements": [
                    {
                        "type": "rich_text_section",
                        "elements": [
                            {
                                "type": "text",
                                "text": "so we changing the meeting to another day?"
                            }
                        ]
                    }
                ]
            }
        ]
    },
    {
        "client_msg_id": "32b9770c-5761-4c81-9d1e-b606fe212a34",
        "type": "message",
        "text": "Yeah, we don't have enough to warrant a meeting today, so we're probably best off waiting for the base code. When that comes out is still up in the air though. Friday meeting should still go ahead as thats probably when we'll do the review\/retro and actually submit everything",
        "user": "U028UDDAWAD",
        "ts": "1628565770.087600",
        "team": "T028CNVFETF",
        "user_team": "T028CNVFETF",
        "source_team": "T028CNVFETF",
        "user_profile": {
            "avatar_hash": "gbc659f0070f",
            "image_72": "https:\/\/secure.gravatar.com\/avatar\/bc659f0070f49e4d9ea463fb700c9f95.jpg?s=72&d=https%3A%2F%2Fa.slack-edge.com%2Fdf10d%2Fimg%2Favatars%2Fava_0021-72.png",
            "first_name": "Jacob",
            "real_name": "Jacob McEwan",
            "display_name": "Jacob McEwan",
            "team": "T028CNVFETF",
            "name": "s3841062",
            "is_restricted": false,
            "is_ultra_restricted": false
        },
        "blocks": [
            {
                "type": "rich_text",
                "block_id": "rL+x",
                "elements": [
                    {
                        "type": "rich_text_section",
                        "elements": [
                            {
                                "type": "text",
                                "text": "Yeah, we don't have enough to warrant a meeting today, so we're probably best off waiting for the base code. When that comes out is still up in the air though. Friday meeting should still go ahead as thats probably when we'll do the review\/retro and actually submit everything"
                            }
                        ]
                    }
                ]
            }
        ],
        "thread_ts": "1628565770.087600",
        "reply_count": 1,
        "reply_users_count": 1,
        "latest_reply": "1628637033.087900",
        "reply_users": [
            "U02812J04H5"
        ],
        "replies": [
            {
                "user": "U02812J04H5",
                "ts": "1628637033.087900"
            }
        ],
        "is_locked": false,
        "subscribed": true,
        "last_read": "1628565770.087600",
        "reactions": [
            {
                "name": "+1",
                "users": [
                    "U028FPSLFK4",
                    "U028Q9GDXN3"
                ],
                "count": 2
            }
        ]
    }
]