[
    {
        "client_msg_id": "e8cb8587-e79b-4742-b1a1-9315a59d30c8",
        "type": "message",
        "text": "Apparently wireframes are a part of the progress mark? Homy's only just mentioned it though so. He's saying we need to be halfway through the wireframes?",
        "user": "U028UDDAWAD",
        "ts": "1627879716.001100",
        "team": "T028CNVFETF",
        "user_team": "T028CNVFETF",
        "source_team": "T028CNVFETF",
        "user_profile": {
            "avatar_hash": "gbc659f0070f",
            "image_72": "https:\/\/secure.gravatar.com\/avatar\/bc659f0070f49e4d9ea463fb700c9f95.jpg?s=72&d=https%3A%2F%2Fa.slack-edge.com%2Fdf10d%2Fimg%2Favatars%2Fava_0021-72.png",
            "first_name": "Jacob",
            "real_name": "Jacob McEwan",
            "display_name": "Jacob McEwan",
            "team": "T028CNVFETF",
            "name": "s3841062",
            "is_restricted": false,
            "is_ultra_restricted": false
        },
        "blocks": [
            {
                "type": "rich_text",
                "block_id": "piaD3",
                "elements": [
                    {
                        "type": "rich_text_section",
                        "elements": [
                            {
                                "type": "text",
                                "text": "Apparently wireframes are a part of the progress mark? Homy's only just mentioned it though so. He's saying we need to be halfway through the wireframes?"
                            }
                        ]
                    }
                ]
            }
        ],
        "thread_ts": "1627879716.001100",
        "reply_count": 7,
        "reply_users_count": 3,
        "latest_reply": "1627886488.005300",
        "reply_users": [
            "U02812J04H5",
            "U028UDDAWAD",
            "U028Q9GDXN3"
        ],
        "replies": [
            {
                "user": "U02812J04H5",
                "ts": "1627881579.001200"
            },
            {
                "user": "U028UDDAWAD",
                "ts": "1627882025.003500"
            },
            {
                "user": "U028Q9GDXN3",
                "ts": "1627885662.004500"
            },
            {
                "user": "U028UDDAWAD",
                "ts": "1627886319.004700"
            },
            {
                "user": "U028Q9GDXN3",
                "ts": "1627886345.004900"
            },
            {
                "user": "U028UDDAWAD",
                "ts": "1627886402.005100"
            },
            {
                "user": "U028Q9GDXN3",
                "ts": "1627886488.005300"
            }
        ],
        "is_locked": false,
        "subscribed": true,
        "last_read": "1627886488.005300"
    },
    {
        "client_msg_id": "047cb6dd-9056-4915-af6f-7d987490e1cf",
        "type": "message",
        "text": "Its just so we know what the user stories should be and that we don't have any interfering ones..",
        "user": "U02812J04H5",
        "ts": "1627881579.001200",
        "team": "T028CNVFETF",
        "user_team": "T028CNVFETF",
        "source_team": "T028CNVFETF",
        "user_profile": {
            "avatar_hash": "g9ff92d51e82",
            "image_72": "https:\/\/secure.gravatar.com\/avatar\/9ff92d51e820b2c762e345cf0c31cdb3.jpg?s=72&d=https%3A%2F%2Fa.slack-edge.com%2Fdf10d%2Fimg%2Favatars%2Fava_0020-72.png",
            "first_name": "",
            "real_name": "Moritz Hauptmann",
            "display_name": "Moritz Hauptmann",
            "team": "T028CNVFETF",
            "name": "s3851298",
            "is_restricted": false,
            "is_ultra_restricted": false
        },
        "blocks": [
            {
                "type": "rich_text",
                "block_id": "8HISA",
                "elements": [
                    {
                        "type": "rich_text_section",
                        "elements": [
                            {
                                "type": "text",
                                "text": "Its just so we know what the user stories should be and that we don't have any interfering ones.."
                            }
                        ]
                    }
                ]
            }
        ],
        "thread_ts": "1627879716.001100",
        "parent_user_id": "U028UDDAWAD"
    },
    {
        "client_msg_id": "d0bf9af5-5200-48df-ad17-97d12af7b917",
        "type": "message",
        "text": "I'm more so concerned about the fact that apparently they're due \/ expected today (in some part) and we haven't even started. Should we try and meet up before to get them done or just explain why we havent? What are we thinking?",
        "user": "U028UDDAWAD",
        "ts": "1627882025.003500",
        "team": "T028CNVFETF",
        "user_team": "T028CNVFETF",
        "source_team": "T028CNVFETF",
        "user_profile": {
            "avatar_hash": "gbc659f0070f",
            "image_72": "https:\/\/secure.gravatar.com\/avatar\/bc659f0070f49e4d9ea463fb700c9f95.jpg?s=72&d=https%3A%2F%2Fa.slack-edge.com%2Fdf10d%2Fimg%2Favatars%2Fava_0021-72.png",
            "first_name": "Jacob",
            "real_name": "Jacob McEwan",
            "display_name": "Jacob McEwan",
            "team": "T028CNVFETF",
            "name": "s3841062",
            "is_restricted": false,
            "is_ultra_restricted": false
        },
        "blocks": [
            {
                "type": "rich_text",
                "block_id": "2iXsI",
                "elements": [
                    {
                        "type": "rich_text_section",
                        "elements": [
                            {
                                "type": "text",
                                "text": "I'm more so concerned about the fact that apparently they're due \/ expected today (in some part) and we haven't even started. Should we try and meet up before to get them done or just explain why we havent? What are we thinking?"
                            }
                        ]
                    }
                ]
            }
        ],
        "thread_ts": "1627879716.001100",
        "parent_user_id": "U028UDDAWAD"
    },
    {
        "client_msg_id": "4bb0c781-88f6-43c5-b3b1-f155232c997f",
        "type": "message",
        "text": "Going over some of the lecture slides from last week, it seems most of the clarifications we want form the PO aren;t things we should be clarifying at this point. From what I understand, we would go through with developing one way, then present to the PO\/Client, see what they want, and make changes as needed. As opposed to asking for clarification now, when we don't have the full picture or the tools to explain our questions. We might be getting too far ahead of ourselves",
        "user": "U028UDDAWAD",
        "ts": "1627882058.003900",
        "team": "T028CNVFETF",
        "user_team": "T028CNVFETF",
        "source_team": "T028CNVFETF",
        "user_profile": {
            "avatar_hash": "gbc659f0070f",
            "image_72": "https:\/\/secure.gravatar.com\/avatar\/bc659f0070f49e4d9ea463fb700c9f95.jpg?s=72&d=https%3A%2F%2Fa.slack-edge.com%2Fdf10d%2Fimg%2Favatars%2Fava_0021-72.png",
            "first_name": "Jacob",
            "real_name": "Jacob McEwan",
            "display_name": "Jacob McEwan",
            "team": "T028CNVFETF",
            "name": "s3841062",
            "is_restricted": false,
            "is_ultra_restricted": false
        },
        "blocks": [
            {
                "type": "rich_text",
                "block_id": "CuQE",
                "elements": [
                    {
                        "type": "rich_text_section",
                        "elements": [
                            {
                                "type": "text",
                                "text": "Going over some of the lecture slides from last week, it seems most of the clarifications we want form the PO aren;t things we should be clarifying at this point. From what I understand, we would go through with developing one way, then present to the PO\/Client, see what they want, and make changes as needed. As opposed to asking for clarification now, when we don't have the full picture or the tools to explain our questions. We might be getting too far ahead of ourselves"
                            }
                        ]
                    }
                ]
            }
        ]
    },
    {
        "client_msg_id": "007bcb66-c58e-4eab-8c0b-d94b1449ff63",
        "type": "message",
        "text": "From the slides:\n&gt; User Stories are designed to get requirements “Just in \n&gt; Time” for development and record (on the “Card” part) just \n&gt; enough information to decide the sequence in which the \n&gt; stories will be addressed, who to have the Conversation \n&gt; with when the time comes, and what the conversation will \n&gt; be about",
        "user": "U028UDDAWAD",
        "ts": "1627882114.004400",
        "team": "T028CNVFETF",
        "user_team": "T028CNVFETF",
        "source_team": "T028CNVFETF",
        "user_profile": {
            "avatar_hash": "gbc659f0070f",
            "image_72": "https:\/\/secure.gravatar.com\/avatar\/bc659f0070f49e4d9ea463fb700c9f95.jpg?s=72&d=https%3A%2F%2Fa.slack-edge.com%2Fdf10d%2Fimg%2Favatars%2Fava_0021-72.png",
            "first_name": "Jacob",
            "real_name": "Jacob McEwan",
            "display_name": "Jacob McEwan",
            "team": "T028CNVFETF",
            "name": "s3841062",
            "is_restricted": false,
            "is_ultra_restricted": false
        },
        "blocks": [
            {
                "type": "rich_text",
                "block_id": "q0irK",
                "elements": [
                    {
                        "type": "rich_text_section",
                        "elements": [
                            {
                                "type": "text",
                                "text": "From the slides:\n"
                            }
                        ]
                    },
                    {
                        "type": "rich_text_quote",
                        "elements": [
                            {
                                "type": "text",
                                "text": "User Stories are designed to get requirements “Just in \nTime” for development and record (on the “Card” part) just \nenough information to decide the sequence in which the \nstories will be addressed, who to have the Conversation \nwith when the time comes, and what the conversation will \nbe about"
                            }
                        ]
                    }
                ]
            }
        ]
    },
    {
        "client_msg_id": "6ae94143-6edf-4de5-a217-cbcb29b5e001",
        "type": "message",
        "text": "I thought we were doing the wireframes\/mockups for the first sprint",
        "user": "U028Q9GDXN3",
        "ts": "1627885662.004500",
        "team": "T028CNVFETF",
        "user_team": "T028CNVFETF",
        "source_team": "T028CNVFETF",
        "user_profile": {
            "avatar_hash": "a6bbad4a67bc",
            "image_72": "https:\/\/avatars.slack-edge.com\/2021-07-26\/2308025050517_a6bbad4a67bc3cebd1c6_72.png",
            "first_name": "",
            "real_name": "Jack Hollis-London",
            "display_name": "Jack Hollis-London",
            "team": "T028CNVFETF",
            "name": "s3585034",
            "is_restricted": false,
            "is_ultra_restricted": false
        },
        "blocks": [
            {
                "type": "rich_text",
                "block_id": "sN4j",
                "elements": [
                    {
                        "type": "rich_text_section",
                        "elements": [
                            {
                                "type": "text",
                                "text": "I thought we were doing the wireframes\/mockups for the first sprint"
                            }
                        ]
                    }
                ]
            }
        ],
        "thread_ts": "1627879716.001100",
        "parent_user_id": "U028UDDAWAD"
    },
    {
        "client_msg_id": "dc02ce26-5f26-4dd3-84bd-d16a2d6861c8",
        "type": "message",
        "text": "Homy said they were this sprint but the spec doesn't mention them",
        "user": "U028UDDAWAD",
        "ts": "1627886319.004700",
        "team": "T028CNVFETF",
        "user_team": "T028CNVFETF",
        "source_team": "T028CNVFETF",
        "user_profile": {
            "avatar_hash": "gbc659f0070f",
            "image_72": "https:\/\/secure.gravatar.com\/avatar\/bc659f0070f49e4d9ea463fb700c9f95.jpg?s=72&d=https%3A%2F%2Fa.slack-edge.com%2Fdf10d%2Fimg%2Favatars%2Fava_0021-72.png",
            "first_name": "Jacob",
            "real_name": "Jacob McEwan",
            "display_name": "Jacob McEwan",
            "team": "T028CNVFETF",
            "name": "s3841062",
            "is_restricted": false,
            "is_ultra_restricted": false
        },
        "blocks": [
            {
                "type": "rich_text",
                "block_id": "6oCn=",
                "elements": [
                    {
                        "type": "rich_text_section",
                        "elements": [
                            {
                                "type": "text",
                                "text": "Homy said they were this sprint but the spec doesn't mention them"
                            }
                        ]
                    }
                ]
            }
        ],
        "thread_ts": "1627879716.001100",
        "parent_user_id": "U028UDDAWAD"
    },
    {
        "client_msg_id": "b83edbe5-2d9a-4a13-ba00-fbf74e46d454",
        "type": "message",
        "text": "we havent started a sprint yet thats what the stories are for",
        "user": "U028Q9GDXN3",
        "ts": "1627886345.004900",
        "team": "T028CNVFETF",
        "user_team": "T028CNVFETF",
        "source_team": "T028CNVFETF",
        "user_profile": {
            "avatar_hash": "a6bbad4a67bc",
            "image_72": "https:\/\/avatars.slack-edge.com\/2021-07-26\/2308025050517_a6bbad4a67bc3cebd1c6_72.png",
            "first_name": "",
            "real_name": "Jack Hollis-London",
            "display_name": "Jack Hollis-London",
            "team": "T028CNVFETF",
            "name": "s3585034",
            "is_restricted": false,
            "is_ultra_restricted": false
        },
        "blocks": [
            {
                "type": "rich_text",
                "block_id": "yUry1",
                "elements": [
                    {
                        "type": "rich_text_section",
                        "elements": [
                            {
                                "type": "text",
                                "text": "we havent started a sprint yet thats what the stories are for"
                            }
                        ]
                    }
                ]
            }
        ],
        "thread_ts": "1627879716.001100",
        "parent_user_id": "U028UDDAWAD"
    },
    {
        "client_msg_id": "aa10eef6-956b-4379-9b58-8719db51faca",
        "type": "message",
        "text": "Technically it's sprint 0, specifically for planning and yeah, wireframes seem a bit soon. Probably should see how it goes",
        "user": "U028UDDAWAD",
        "ts": "1627886402.005100",
        "team": "T028CNVFETF",
        "user_team": "T028CNVFETF",
        "source_team": "T028CNVFETF",
        "user_profile": {
            "avatar_hash": "gbc659f0070f",
            "image_72": "https:\/\/secure.gravatar.com\/avatar\/bc659f0070f49e4d9ea463fb700c9f95.jpg?s=72&d=https%3A%2F%2Fa.slack-edge.com%2Fdf10d%2Fimg%2Favatars%2Fava_0021-72.png",
            "first_name": "Jacob",
            "real_name": "Jacob McEwan",
            "display_name": "Jacob McEwan",
            "team": "T028CNVFETF",
            "name": "s3841062",
            "is_restricted": false,
            "is_ultra_restricted": false
        },
        "blocks": [
            {
                "type": "rich_text",
                "block_id": "JrNs",
                "elements": [
                    {
                        "type": "rich_text_section",
                        "elements": [
                            {
                                "type": "text",
                                "text": "Technically it's sprint 0, specifically for planning and yeah, wireframes seem a bit soon. Probably should see how it goes"
                            }
                        ]
                    }
                ]
            }
        ],
        "thread_ts": "1627879716.001100",
        "parent_user_id": "U028UDDAWAD"
    },
    {
        "client_msg_id": "eac3e936-4ff1-4464-9973-2d900e845592",
        "type": "message",
        "text": "SOFTWARE",
        "user": "U028Q9GDXN3",
        "ts": "1627886488.005300",
        "team": "T028CNVFETF",
        "user_team": "T028CNVFETF",
        "source_team": "T028CNVFETF",
        "user_profile": {
            "avatar_hash": "a6bbad4a67bc",
            "image_72": "https:\/\/avatars.slack-edge.com\/2021-07-26\/2308025050517_a6bbad4a67bc3cebd1c6_72.png",
            "first_name": "",
            "real_name": "Jack Hollis-London",
            "display_name": "Jack Hollis-London",
            "team": "T028CNVFETF",
            "name": "s3585034",
            "is_restricted": false,
            "is_ultra_restricted": false
        },
        "blocks": [
            {
                "type": "rich_text",
                "block_id": "lQpi",
                "elements": [
                    {
                        "type": "rich_text_section",
                        "elements": [
                            {
                                "type": "text",
                                "text": "SOFTWARE"
                            }
                        ]
                    }
                ]
            }
        ],
        "thread_ts": "1627879716.001100",
        "parent_user_id": "U028UDDAWAD"
    }
]