[
    {
        "client_msg_id": "738bfc20-5c24-4f2e-91c6-e5e7a3d35f6a",
        "type": "message",
        "text": "Hey guys, I am so sorry to say this",
        "user": "U028G0C9ZM1",
        "ts": "1626915223.003000",
        "team": "T028CNVFETF",
        "user_team": "T028CNVFETF",
        "source_team": "T028CNVFETF",
        "user_profile": {
            "avatar_hash": "g9831096f265",
            "image_72": "https:\/\/secure.gravatar.com\/avatar\/9831096f2651c993b140eaa34b673acc.jpg?s=72&d=https%3A%2F%2Fa.slack-edge.com%2Fdf10d%2Fimg%2Favatars%2Fava_0001-72.png",
            "first_name": "",
            "real_name": "Smit Bhatti",
            "display_name": "",
            "team": "T028CNVFETF",
            "name": "s3802327",
            "is_restricted": false,
            "is_ultra_restricted": false
        },
        "blocks": [
            {
                "type": "rich_text",
                "block_id": "0ICv",
                "elements": [
                    {
                        "type": "rich_text_section",
                        "elements": [
                            {
                                "type": "text",
                                "text": "Hey guys, I am so sorry to say this"
                            }
                        ]
                    }
                ]
            }
        ]
    },
    {
        "client_msg_id": "efa27798-f826-41e2-bd71-71bbd8d548ae",
        "type": "message",
        "text": "But I accidently swapped my tutorial and can't get the old one back",
        "user": "U028G0C9ZM1",
        "ts": "1626915247.003600",
        "team": "T028CNVFETF",
        "user_team": "T028CNVFETF",
        "source_team": "T028CNVFETF",
        "user_profile": {
            "avatar_hash": "g9831096f265",
            "image_72": "https:\/\/secure.gravatar.com\/avatar\/9831096f2651c993b140eaa34b673acc.jpg?s=72&d=https%3A%2F%2Fa.slack-edge.com%2Fdf10d%2Fimg%2Favatars%2Fava_0001-72.png",
            "first_name": "",
            "real_name": "Smit Bhatti",
            "display_name": "",
            "team": "T028CNVFETF",
            "name": "s3802327",
            "is_restricted": false,
            "is_ultra_restricted": false
        },
        "blocks": [
            {
                "type": "rich_text",
                "block_id": "2SR",
                "elements": [
                    {
                        "type": "rich_text_section",
                        "elements": [
                            {
                                "type": "text",
                                "text": "But I accidently swapped my tutorial and can't get the old one back"
                            }
                        ]
                    }
                ]
            }
        ]
    },
    {
        "client_msg_id": "66f71722-3958-4188-bb5f-ede2cbe24564",
        "type": "message",
        "text": "So I assume we can't be in the same team, hopefully you will find one more person!",
        "user": "U028G0C9ZM1",
        "ts": "1626915268.004100",
        "team": "T028CNVFETF",
        "user_team": "T028CNVFETF",
        "source_team": "T028CNVFETF",
        "user_profile": {
            "avatar_hash": "g9831096f265",
            "image_72": "https:\/\/secure.gravatar.com\/avatar\/9831096f2651c993b140eaa34b673acc.jpg?s=72&d=https%3A%2F%2Fa.slack-edge.com%2Fdf10d%2Fimg%2Favatars%2Fava_0001-72.png",
            "first_name": "",
            "real_name": "Smit Bhatti",
            "display_name": "",
            "team": "T028CNVFETF",
            "name": "s3802327",
            "is_restricted": false,
            "is_ultra_restricted": false
        },
        "blocks": [
            {
                "type": "rich_text",
                "block_id": "4bAo",
                "elements": [
                    {
                        "type": "rich_text_section",
                        "elements": [
                            {
                                "type": "text",
                                "text": "So I assume we can't be in the same team, hopefully you will find one more person!"
                            }
                        ]
                    }
                ]
            }
        ]
    },
    {
        "client_msg_id": "5ee14519-da41-4f86-8223-5efde1f83d70",
        "type": "message",
        "text": "All g mate. See if you can chat with the course staff and sort it out, otherwise good luck, hope you find a team as well :slightly_smiling_face:",
        "user": "U028UDDAWAD",
        "ts": "1626918757.005800",
        "team": "T028CNVFETF",
        "user_team": "T028CNVFETF",
        "source_team": "T028CNVFETF",
        "user_profile": {
            "avatar_hash": "gbc659f0070f",
            "image_72": "https:\/\/secure.gravatar.com\/avatar\/bc659f0070f49e4d9ea463fb700c9f95.jpg?s=72&d=https%3A%2F%2Fa.slack-edge.com%2Fdf10d%2Fimg%2Favatars%2Fava_0021-72.png",
            "first_name": "Jacob",
            "real_name": "Jacob McEwan",
            "display_name": "Jacob McEwan",
            "team": "T028CNVFETF",
            "name": "s3841062",
            "is_restricted": false,
            "is_ultra_restricted": false
        },
        "blocks": [
            {
                "type": "rich_text",
                "block_id": "KMO",
                "elements": [
                    {
                        "type": "rich_text_section",
                        "elements": [
                            {
                                "type": "text",
                                "text": "All g mate. See if you can chat with the course staff and sort it out, otherwise good luck, hope you find a team as well "
                            },
                            {
                                "type": "emoji",
                                "name": "slightly_smiling_face"
                            }
                        ]
                    }
                ]
            }
        ]
    }
]