[
    {
        "client_msg_id": "b4b5f4c7-c5a4-4d24-b752-e08871f2d733",
        "type": "message",
        "text": "A thought I had brought up by the shift to the assignment spec and the removal of unit tests.\n\nWhat stuff still needs to be done by the end of the week. So far wireframes are close to if not finished, (there is one point still though I'll bring up later), the user stories are also close to done (I think I still have 1 or 2 negative scenarios to do\/ polish off), The sprint planning for sprint 1 needs to happen so what's involved in that process. The base code is set to be released very soon, so we'll need to put that on the develop branch. But other than that is there anything that needs to be done soon, if not immediately?\n\nThe point on wireframes is, Homy mentioned that the wireframes should show the flow of the application (He said that this was their main purpose).\nWould we be best off spending this coming tute (if they don't have us doing something else) making sure the flow of the app is present? So going through, making sure pages are accessible and that the links are there, and that all needed pages are present. (This might uncover missing user stories \/ wireframes).",
        "user": "U028UDDAWAD",
        "ts": "1628489588.048200",
        "team": "T028CNVFETF",
        "user_team": "T028CNVFETF",
        "source_team": "T028CNVFETF",
        "user_profile": {
            "avatar_hash": "gbc659f0070f",
            "image_72": "https:\/\/secure.gravatar.com\/avatar\/bc659f0070f49e4d9ea463fb700c9f95.jpg?s=72&d=https%3A%2F%2Fa.slack-edge.com%2Fdf10d%2Fimg%2Favatars%2Fava_0021-72.png",
            "first_name": "Jacob",
            "real_name": "Jacob McEwan",
            "display_name": "Jacob McEwan",
            "team": "T028CNVFETF",
            "name": "s3841062",
            "is_restricted": false,
            "is_ultra_restricted": false
        },
        "blocks": [
            {
                "type": "rich_text",
                "block_id": "u6g",
                "elements": [
                    {
                        "type": "rich_text_section",
                        "elements": [
                            {
                                "type": "text",
                                "text": "A thought I had brought up by the shift to the assignment spec and the removal of unit tests.\n\nWhat stuff still needs to be done by the end of the week. So far wireframes are close to if not finished, (there is one point still though I'll bring up later), the user stories are also close to done (I think I still have 1 or 2 negative scenarios to do\/ polish off), The sprint planning for sprint 1 needs to happen so what's involved in that process. The base code is set to be released very soon, so we'll need to put that on the develop branch. But other than that is there anything that needs to be done soon, if not immediately?\n\nThe point on wireframes is, Homy mentioned that the wireframes should show the flow of the application (He said that this was their main purpose).\nWould we be best off spending this coming tute (if they don't have us doing something else) making sure the flow of the app is present? So going through, making sure pages are accessible and that the links are there, and that all needed pages are present. (This might uncover missing user stories \/ wireframes)."
                            }
                        ]
                    }
                ]
            }
        ]
    },
    {
        "client_msg_id": "615b3252-a12c-434e-90b1-38d5cdae63a3",
        "type": "message",
        "text": "yeah",
        "user": "U028Q9GDXN3",
        "ts": "1628489664.048400",
        "team": "T028CNVFETF",
        "user_team": "T028CNVFETF",
        "source_team": "T028CNVFETF",
        "user_profile": {
            "avatar_hash": "a6bbad4a67bc",
            "image_72": "https:\/\/avatars.slack-edge.com\/2021-07-26\/2308025050517_a6bbad4a67bc3cebd1c6_72.png",
            "first_name": "",
            "real_name": "Jack Hollis-London",
            "display_name": "Jack Hollis-London",
            "team": "T028CNVFETF",
            "name": "s3585034",
            "is_restricted": false,
            "is_ultra_restricted": false
        },
        "blocks": [
            {
                "type": "rich_text",
                "block_id": "cDQ",
                "elements": [
                    {
                        "type": "rich_text_section",
                        "elements": [
                            {
                                "type": "text",
                                "text": "yeah"
                            }
                        ]
                    }
                ]
            }
        ]
    },
    {
        "client_msg_id": "e3ac7171-b302-4d86-a7b9-22052522c605",
        "type": "message",
        "text": "also I'm finding there's no distinction between a book that's generally available on bookeroo and the specific stock of that book sold by a business.",
        "user": "U028Q9GDXN3",
        "ts": "1628490510.049900",
        "team": "T028CNVFETF",
        "user_team": "T028CNVFETF",
        "source_team": "T028CNVFETF",
        "user_profile": {
            "avatar_hash": "a6bbad4a67bc",
            "image_72": "https:\/\/avatars.slack-edge.com\/2021-07-26\/2308025050517_a6bbad4a67bc3cebd1c6_72.png",
            "first_name": "",
            "real_name": "Jack Hollis-London",
            "display_name": "Jack Hollis-London",
            "team": "T028CNVFETF",
            "name": "s3585034",
            "is_restricted": false,
            "is_ultra_restricted": false
        },
        "blocks": [
            {
                "type": "rich_text",
                "block_id": "nOB",
                "elements": [
                    {
                        "type": "rich_text_section",
                        "elements": [
                            {
                                "type": "text",
                                "text": "also I'm finding there's no distinction between a book that's generally available on bookeroo and the specific stock of that book sold by a business."
                            }
                        ]
                    }
                ]
            }
        ]
    },
    {
        "client_msg_id": "0439aaf3-cd1b-458a-a171-11715855513b",
        "type": "message",
        "text": "If there's like 50 businesses that sell a book, do we want those 50 businesses to be 50 different results in a search results of a book?",
        "user": "U028Q9GDXN3",
        "ts": "1628490576.051100",
        "team": "T028CNVFETF",
        "user_team": "T028CNVFETF",
        "source_team": "T028CNVFETF",
        "user_profile": {
            "avatar_hash": "a6bbad4a67bc",
            "image_72": "https:\/\/avatars.slack-edge.com\/2021-07-26\/2308025050517_a6bbad4a67bc3cebd1c6_72.png",
            "first_name": "",
            "real_name": "Jack Hollis-London",
            "display_name": "Jack Hollis-London",
            "team": "T028CNVFETF",
            "name": "s3585034",
            "is_restricted": false,
            "is_ultra_restricted": false
        },
        "blocks": [
            {
                "type": "rich_text",
                "block_id": "qvptT",
                "elements": [
                    {
                        "type": "rich_text_section",
                        "elements": [
                            {
                                "type": "text",
                                "text": "If there's like 50 businesses that sell a book, do we want those 50 businesses to be 50 different results in a search results of a book?"
                            }
                        ]
                    }
                ]
            }
        ]
    },
    {
        "client_msg_id": "e0336a53-d542-4f80-83e3-e6c696f3a63d",
        "type": "message",
        "text": "or do we want a menu of businesses and their prices for a book for each book",
        "user": "U028Q9GDXN3",
        "ts": "1628490633.052300",
        "team": "T028CNVFETF",
        "user_team": "T028CNVFETF",
        "source_team": "T028CNVFETF",
        "user_profile": {
            "avatar_hash": "a6bbad4a67bc",
            "image_72": "https:\/\/avatars.slack-edge.com\/2021-07-26\/2308025050517_a6bbad4a67bc3cebd1c6_72.png",
            "first_name": "",
            "real_name": "Jack Hollis-London",
            "display_name": "Jack Hollis-London",
            "team": "T028CNVFETF",
            "name": "s3585034",
            "is_restricted": false,
            "is_ultra_restricted": false
        },
        "blocks": [
            {
                "type": "rich_text",
                "block_id": "x2oz",
                "elements": [
                    {
                        "type": "rich_text_section",
                        "elements": [
                            {
                                "type": "text",
                                "text": "or do we want a menu of businesses and their prices for a book for each book"
                            }
                        ]
                    }
                ]
            }
        ]
    },
    {
        "client_msg_id": "7dada095-52e0-429c-b3d0-1f0987bb5a38",
        "type": "message",
        "text": "SEP-39 (at least under my interperetation) covered that, in that they would be grouped as one result, with a list of sellers available to pick from.",
        "user": "U028UDDAWAD",
        "ts": "1628490655.052800",
        "team": "T028CNVFETF",
        "user_team": "T028CNVFETF",
        "source_team": "T028CNVFETF",
        "user_profile": {
            "avatar_hash": "gbc659f0070f",
            "image_72": "https:\/\/secure.gravatar.com\/avatar\/bc659f0070f49e4d9ea463fb700c9f95.jpg?s=72&d=https%3A%2F%2Fa.slack-edge.com%2Fdf10d%2Fimg%2Favatars%2Fava_0021-72.png",
            "first_name": "Jacob",
            "real_name": "Jacob McEwan",
            "display_name": "Jacob McEwan",
            "team": "T028CNVFETF",
            "name": "s3841062",
            "is_restricted": false,
            "is_ultra_restricted": false
        },
        "blocks": [
            {
                "type": "rich_text",
                "block_id": "MZqxc",
                "elements": [
                    {
                        "type": "rich_text_section",
                        "elements": [
                            {
                                "type": "text",
                                "text": "SEP-39 (at least under my interperetation) covered that, in that they would be grouped as one result, with a list of sellers available to pick from."
                            }
                        ]
                    }
                ]
            }
        ]
    },
    {
        "client_msg_id": "fefdc248-61d0-47f9-bcb3-bcc68a2498b6",
        "type": "message",
        "text": "oh ok",
        "user": "U028Q9GDXN3",
        "ts": "1628490727.053000",
        "team": "T028CNVFETF",
        "user_team": "T028CNVFETF",
        "source_team": "T028CNVFETF",
        "user_profile": {
            "avatar_hash": "a6bbad4a67bc",
            "image_72": "https:\/\/avatars.slack-edge.com\/2021-07-26\/2308025050517_a6bbad4a67bc3cebd1c6_72.png",
            "first_name": "",
            "real_name": "Jack Hollis-London",
            "display_name": "Jack Hollis-London",
            "team": "T028CNVFETF",
            "name": "s3585034",
            "is_restricted": false,
            "is_ultra_restricted": false
        },
        "blocks": [
            {
                "type": "rich_text",
                "block_id": "feIT",
                "elements": [
                    {
                        "type": "rich_text_section",
                        "elements": [
                            {
                                "type": "text",
                                "text": "oh ok"
                            }
                        ]
                    }
                ]
            }
        ]
    },
    {
        "client_msg_id": "52ff6556-42a7-47fe-b2f0-6e58d59ad48c",
        "type": "message",
        "text": "I forgot about that",
        "user": "U028Q9GDXN3",
        "ts": "1628490740.053200",
        "team": "T028CNVFETF",
        "user_team": "T028CNVFETF",
        "source_team": "T028CNVFETF",
        "user_profile": {
            "avatar_hash": "a6bbad4a67bc",
            "image_72": "https:\/\/avatars.slack-edge.com\/2021-07-26\/2308025050517_a6bbad4a67bc3cebd1c6_72.png",
            "first_name": "",
            "real_name": "Jack Hollis-London",
            "display_name": "Jack Hollis-London",
            "team": "T028CNVFETF",
            "name": "s3585034",
            "is_restricted": false,
            "is_ultra_restricted": false
        },
        "blocks": [
            {
                "type": "rich_text",
                "block_id": "sTAoX",
                "elements": [
                    {
                        "type": "rich_text_section",
                        "elements": [
                            {
                                "type": "text",
                                "text": "I forgot about that"
                            }
                        ]
                    }
                ]
            }
        ]
    },
    {
        "client_msg_id": "6aa9f927-4386-4ac2-9b35-814c11f387b1",
        "type": "message",
        "text": "thank you",
        "user": "U028Q9GDXN3",
        "ts": "1628490742.053400",
        "team": "T028CNVFETF",
        "user_team": "T028CNVFETF",
        "source_team": "T028CNVFETF",
        "user_profile": {
            "avatar_hash": "a6bbad4a67bc",
            "image_72": "https:\/\/avatars.slack-edge.com\/2021-07-26\/2308025050517_a6bbad4a67bc3cebd1c6_72.png",
            "first_name": "",
            "real_name": "Jack Hollis-London",
            "display_name": "Jack Hollis-London",
            "team": "T028CNVFETF",
            "name": "s3585034",
            "is_restricted": false,
            "is_ultra_restricted": false
        },
        "blocks": [
            {
                "type": "rich_text",
                "block_id": "eEDP",
                "elements": [
                    {
                        "type": "rich_text_section",
                        "elements": [
                            {
                                "type": "text",
                                "text": "thank you"
                            }
                        ]
                    }
                ]
            }
        ]
    },
    {
        "client_msg_id": "26ef448c-cafa-48f1-8099-fd2414c4aa0f",
        "type": "message",
        "text": "Np, I'll be honest i've missed a bunch as well. The paypal linking one had me in a loop for a while, but i only recently realized it's not for buying but for selling, so it should be on the account page",
        "user": "U028UDDAWAD",
        "ts": "1628490813.054800",
        "team": "T028CNVFETF",
        "user_team": "T028CNVFETF",
        "source_team": "T028CNVFETF",
        "user_profile": {
            "avatar_hash": "gbc659f0070f",
            "image_72": "https:\/\/secure.gravatar.com\/avatar\/bc659f0070f49e4d9ea463fb700c9f95.jpg?s=72&d=https%3A%2F%2Fa.slack-edge.com%2Fdf10d%2Fimg%2Favatars%2Fava_0021-72.png",
            "first_name": "Jacob",
            "real_name": "Jacob McEwan",
            "display_name": "Jacob McEwan",
            "team": "T028CNVFETF",
            "name": "s3841062",
            "is_restricted": false,
            "is_ultra_restricted": false
        },
        "blocks": [
            {
                "type": "rich_text",
                "block_id": "1caGs",
                "elements": [
                    {
                        "type": "rich_text_section",
                        "elements": [
                            {
                                "type": "text",
                                "text": "Np, I'll be honest i've missed a bunch as well. The paypal linking one had me in a loop for a while, but i only recently realized it's not for buying but for selling, so it should be on the account page"
                            }
                        ]
                    }
                ]
            }
        ]
    },
    {
        "client_msg_id": "4ce4de1d-20b1-4bee-9286-29ab1b6a4a19",
        "type": "message",
        "text": "there's two paypal pages right?",
        "user": "U028Q9GDXN3",
        "ts": "1628490845.055300",
        "team": "T028CNVFETF",
        "user_team": "T028CNVFETF",
        "source_team": "T028CNVFETF",
        "user_profile": {
            "avatar_hash": "a6bbad4a67bc",
            "image_72": "https:\/\/avatars.slack-edge.com\/2021-07-26\/2308025050517_a6bbad4a67bc3cebd1c6_72.png",
            "first_name": "",
            "real_name": "Jack Hollis-London",
            "display_name": "Jack Hollis-London",
            "team": "T028CNVFETF",
            "name": "s3585034",
            "is_restricted": false,
            "is_ultra_restricted": false
        },
        "blocks": [
            {
                "type": "rich_text",
                "block_id": "pPs",
                "elements": [
                    {
                        "type": "rich_text_section",
                        "elements": [
                            {
                                "type": "text",
                                "text": "there's two paypal pages right?"
                            }
                        ]
                    }
                ]
            }
        ]
    },
    {
        "client_msg_id": "7b81ce1e-fc80-4282-b784-c4de13da8601",
        "type": "message",
        "text": "Which brings u[p the question of \"Can users edit their profile?\" I would assume they can but do we have the story for it. And yeah it is two pages, one at checkout for paying, and one for linking for a seller",
        "user": "U028UDDAWAD",
        "ts": "1628490885.056000",
        "team": "T028CNVFETF",
        "user_team": "T028CNVFETF",
        "source_team": "T028CNVFETF",
        "user_profile": {
            "avatar_hash": "gbc659f0070f",
            "image_72": "https:\/\/secure.gravatar.com\/avatar\/bc659f0070f49e4d9ea463fb700c9f95.jpg?s=72&d=https%3A%2F%2Fa.slack-edge.com%2Fdf10d%2Fimg%2Favatars%2Fava_0021-72.png",
            "first_name": "Jacob",
            "real_name": "Jacob McEwan",
            "display_name": "Jacob McEwan",
            "team": "T028CNVFETF",
            "name": "s3841062",
            "is_restricted": false,
            "is_ultra_restricted": false
        },
        "blocks": [
            {
                "type": "rich_text",
                "block_id": "donQ",
                "elements": [
                    {
                        "type": "rich_text_section",
                        "elements": [
                            {
                                "type": "text",
                                "text": "Which brings u[p the question of \"Can users edit their profile?\" I would assume they can but do we have the story for it. And yeah it is two pages, one at checkout for paying, and one for linking for a seller"
                            }
                        ]
                    }
                ]
            }
        ]
    },
    {
        "client_msg_id": "54b2f91c-52c0-4cd7-aea5-0828fbe1699f",
        "type": "message",
        "text": "The checkout one would just be a payment option\/ checkbox for remembering details, whilethe seller wopuld actively be a seperate dialogue",
        "user": "U028UDDAWAD",
        "ts": "1628490921.056600",
        "team": "T028CNVFETF",
        "user_team": "T028CNVFETF",
        "source_team": "T028CNVFETF",
        "user_profile": {
            "avatar_hash": "gbc659f0070f",
            "image_72": "https:\/\/secure.gravatar.com\/avatar\/bc659f0070f49e4d9ea463fb700c9f95.jpg?s=72&d=https%3A%2F%2Fa.slack-edge.com%2Fdf10d%2Fimg%2Favatars%2Fava_0021-72.png",
            "first_name": "Jacob",
            "real_name": "Jacob McEwan",
            "display_name": "Jacob McEwan",
            "team": "T028CNVFETF",
            "name": "s3841062",
            "is_restricted": false,
            "is_ultra_restricted": false
        },
        "blocks": [
            {
                "type": "rich_text",
                "block_id": "h1E",
                "elements": [
                    {
                        "type": "rich_text_section",
                        "elements": [
                            {
                                "type": "text",
                                "text": "The checkout one would just be a payment option\/ checkbox for remembering details, whilethe seller wopuld actively be a seperate dialogue"
                            }
                        ]
                    }
                ]
            }
        ]
    },
    {
        "client_msg_id": "6eb5c7dc-794a-44ce-a905-3f842063e55e",
        "type": "message",
        "text": "We could broaden the 'admin can edit user' story to be any user then add scenarios for non-admin users",
        "user": "U028Q9GDXN3",
        "ts": "1628490973.057500",
        "team": "T028CNVFETF",
        "user_team": "T028CNVFETF",
        "source_team": "T028CNVFETF",
        "user_profile": {
            "avatar_hash": "a6bbad4a67bc",
            "image_72": "https:\/\/avatars.slack-edge.com\/2021-07-26\/2308025050517_a6bbad4a67bc3cebd1c6_72.png",
            "first_name": "",
            "real_name": "Jack Hollis-London",
            "display_name": "Jack Hollis-London",
            "team": "T028CNVFETF",
            "name": "s3585034",
            "is_restricted": false,
            "is_ultra_restricted": false
        },
        "blocks": [
            {
                "type": "rich_text",
                "block_id": "tDMWy",
                "elements": [
                    {
                        "type": "rich_text_section",
                        "elements": [
                            {
                                "type": "text",
                                "text": "We could broaden the 'admin can edit user' story to be any user then add scenarios for non-admin users"
                            }
                        ]
                    }
                ]
            }
        ]
    },
    {
        "client_msg_id": "cc8aed74-e0d8-4548-ae20-5cdecb97d973",
        "type": "message",
        "text": "Yeah,  I think that was the original intention, but I don't think we got around to it. Sounds good",
        "user": "U028UDDAWAD",
        "ts": "1628491020.058200",
        "team": "T028CNVFETF",
        "user_team": "T028CNVFETF",
        "source_team": "T028CNVFETF",
        "user_profile": {
            "avatar_hash": "gbc659f0070f",
            "image_72": "https:\/\/secure.gravatar.com\/avatar\/bc659f0070f49e4d9ea463fb700c9f95.jpg?s=72&d=https%3A%2F%2Fa.slack-edge.com%2Fdf10d%2Fimg%2Favatars%2Fava_0021-72.png",
            "first_name": "Jacob",
            "real_name": "Jacob McEwan",
            "display_name": "Jacob McEwan",
            "team": "T028CNVFETF",
            "name": "s3841062",
            "is_restricted": false,
            "is_ultra_restricted": false
        },
        "blocks": [
            {
                "type": "rich_text",
                "block_id": "uWz",
                "elements": [
                    {
                        "type": "rich_text_section",
                        "elements": [
                            {
                                "type": "text",
                                "text": "Yeah,  I think that was the original intention, but I don't think we got around to it. Sounds good"
                            }
                        ]
                    }
                ]
            }
        ]
    },
    {
        "client_msg_id": "933fa0b6-39b3-4fdc-aa37-537a1d2aafda",
        "type": "message",
        "text": "lets group the different screens together based on navigation flow",
        "user": "U028Q9GDXN3",
        "ts": "1628491867.059300",
        "team": "T028CNVFETF",
        "user_team": "T028CNVFETF",
        "source_team": "T028CNVFETF",
        "user_profile": {
            "avatar_hash": "a6bbad4a67bc",
            "image_72": "https:\/\/avatars.slack-edge.com\/2021-07-26\/2308025050517_a6bbad4a67bc3cebd1c6_72.png",
            "first_name": "",
            "real_name": "Jack Hollis-London",
            "display_name": "Jack Hollis-London",
            "team": "T028CNVFETF",
            "name": "s3585034",
            "is_restricted": false,
            "is_ultra_restricted": false
        },
        "blocks": [
            {
                "type": "rich_text",
                "block_id": "VaoNb",
                "elements": [
                    {
                        "type": "rich_text_section",
                        "elements": [
                            {
                                "type": "text",
                                "text": "lets group the different screens together based on navigation flow"
                            }
                        ]
                    }
                ]
            }
        ]
    },
    {
        "client_msg_id": "03093b10-36f3-47ed-8883-83e340644686",
        "type": "message",
        "text": "so we can get a map",
        "user": "U028Q9GDXN3",
        "ts": "1628491878.059500",
        "team": "T028CNVFETF",
        "user_team": "T028CNVFETF",
        "source_team": "T028CNVFETF",
        "user_profile": {
            "avatar_hash": "a6bbad4a67bc",
            "image_72": "https:\/\/avatars.slack-edge.com\/2021-07-26\/2308025050517_a6bbad4a67bc3cebd1c6_72.png",
            "first_name": "",
            "real_name": "Jack Hollis-London",
            "display_name": "Jack Hollis-London",
            "team": "T028CNVFETF",
            "name": "s3585034",
            "is_restricted": false,
            "is_ultra_restricted": false
        },
        "blocks": [
            {
                "type": "rich_text",
                "block_id": "=MI",
                "elements": [
                    {
                        "type": "rich_text_section",
                        "elements": [
                            {
                                "type": "text",
                                "text": "so we can get a map"
                            }
                        ]
                    }
                ]
            }
        ]
    },
    {
        "client_msg_id": "3425eed3-b60a-4dd6-9418-45457c133a6f",
        "type": "message",
        "text": "Yeah",
        "user": "U028UDDAWAD",
        "ts": "1628491890.059700",
        "team": "T028CNVFETF",
        "user_team": "T028CNVFETF",
        "source_team": "T028CNVFETF",
        "user_profile": {
            "avatar_hash": "gbc659f0070f",
            "image_72": "https:\/\/secure.gravatar.com\/avatar\/bc659f0070f49e4d9ea463fb700c9f95.jpg?s=72&d=https%3A%2F%2Fa.slack-edge.com%2Fdf10d%2Fimg%2Favatars%2Fava_0021-72.png",
            "first_name": "Jacob",
            "real_name": "Jacob McEwan",
            "display_name": "Jacob McEwan",
            "team": "T028CNVFETF",
            "name": "s3841062",
            "is_restricted": false,
            "is_ultra_restricted": false
        },
        "blocks": [
            {
                "type": "rich_text",
                "block_id": "h9zds",
                "elements": [
                    {
                        "type": "rich_text_section",
                        "elements": [
                            {
                                "type": "text",
                                "text": "Yeah"
                            }
                        ]
                    }
                ]
            }
        ]
    },
    {
        "client_msg_id": "b304436b-a5bf-436c-bff0-40af92c2a1df",
        "type": "message",
        "text": "Should we start from the landing page and work our way out?",
        "user": "U028UDDAWAD",
        "ts": "1628491919.060000",
        "team": "T028CNVFETF",
        "user_team": "T028CNVFETF",
        "source_team": "T028CNVFETF",
        "user_profile": {
            "avatar_hash": "gbc659f0070f",
            "image_72": "https:\/\/secure.gravatar.com\/avatar\/bc659f0070f49e4d9ea463fb700c9f95.jpg?s=72&d=https%3A%2F%2Fa.slack-edge.com%2Fdf10d%2Fimg%2Favatars%2Fava_0021-72.png",
            "first_name": "Jacob",
            "real_name": "Jacob McEwan",
            "display_name": "Jacob McEwan",
            "team": "T028CNVFETF",
            "name": "s3841062",
            "is_restricted": false,
            "is_ultra_restricted": false
        },
        "blocks": [
            {
                "type": "rich_text",
                "block_id": "SZAr8",
                "elements": [
                    {
                        "type": "rich_text_section",
                        "elements": [
                            {
                                "type": "text",
                                "text": "Should we start from the landing page and work our way out?"
                            }
                        ]
                    }
                ]
            }
        ]
    },
    {
        "client_msg_id": "c328670a-d7ba-4587-b06a-d71a9ecfa293",
        "type": "message",
        "text": "ok",
        "user": "U028Q9GDXN3",
        "ts": "1628492063.060200",
        "team": "T028CNVFETF",
        "user_team": "T028CNVFETF",
        "source_team": "T028CNVFETF",
        "user_profile": {
            "avatar_hash": "a6bbad4a67bc",
            "image_72": "https:\/\/avatars.slack-edge.com\/2021-07-26\/2308025050517_a6bbad4a67bc3cebd1c6_72.png",
            "first_name": "",
            "real_name": "Jack Hollis-London",
            "display_name": "Jack Hollis-London",
            "team": "T028CNVFETF",
            "name": "s3585034",
            "is_restricted": false,
            "is_ultra_restricted": false
        },
        "blocks": [
            {
                "type": "rich_text",
                "block_id": "ehU",
                "elements": [
                    {
                        "type": "rich_text_section",
                        "elements": [
                            {
                                "type": "text",
                                "text": "ok"
                            }
                        ]
                    }
                ]
            }
        ]
    },
    {
        "client_msg_id": "cae88c74-5fd0-4a46-bfe9-42f3db92e845",
        "type": "message",
        "text": "lets use arrows",
        "user": "U028Q9GDXN3",
        "ts": "1628492095.060400",
        "team": "T028CNVFETF",
        "user_team": "T028CNVFETF",
        "source_team": "T028CNVFETF",
        "user_profile": {
            "avatar_hash": "a6bbad4a67bc",
            "image_72": "https:\/\/avatars.slack-edge.com\/2021-07-26\/2308025050517_a6bbad4a67bc3cebd1c6_72.png",
            "first_name": "",
            "real_name": "Jack Hollis-London",
            "display_name": "Jack Hollis-London",
            "team": "T028CNVFETF",
            "name": "s3585034",
            "is_restricted": false,
            "is_ultra_restricted": false
        },
        "blocks": [
            {
                "type": "rich_text",
                "block_id": "Kmsgl",
                "elements": [
                    {
                        "type": "rich_text_section",
                        "elements": [
                            {
                                "type": "text",
                                "text": "lets use arrows"
                            }
                        ]
                    }
                ]
            }
        ]
    },
    {
        "client_msg_id": "81a81670-1e10-4941-bd95-b6e956469cf0",
        "type": "message",
        "text": "I think we're missing a login page",
        "user": "U028UDDAWAD",
        "ts": "1628492271.060600",
        "team": "T028CNVFETF",
        "user_team": "T028CNVFETF",
        "source_team": "T028CNVFETF",
        "user_profile": {
            "avatar_hash": "gbc659f0070f",
            "image_72": "https:\/\/secure.gravatar.com\/avatar\/bc659f0070f49e4d9ea463fb700c9f95.jpg?s=72&d=https%3A%2F%2Fa.slack-edge.com%2Fdf10d%2Fimg%2Favatars%2Fava_0021-72.png",
            "first_name": "Jacob",
            "real_name": "Jacob McEwan",
            "display_name": "Jacob McEwan",
            "team": "T028CNVFETF",
            "name": "s3841062",
            "is_restricted": false,
            "is_ultra_restricted": false
        },
        "blocks": [
            {
                "type": "rich_text",
                "block_id": "g7Hf",
                "elements": [
                    {
                        "type": "rich_text_section",
                        "elements": [
                            {
                                "type": "text",
                                "text": "I think we're missing a login page"
                            }
                        ]
                    }
                ]
            }
        ]
    },
    {
        "client_msg_id": "20d62e7a-5caa-45f2-a091-2a2a7b1a309d",
        "type": "message",
        "text": "we'll base it off the register page",
        "user": "U028Q9GDXN3",
        "ts": "1628492342.061100",
        "team": "T028CNVFETF",
        "user_team": "T028CNVFETF",
        "source_team": "T028CNVFETF",
        "user_profile": {
            "avatar_hash": "a6bbad4a67bc",
            "image_72": "https:\/\/avatars.slack-edge.com\/2021-07-26\/2308025050517_a6bbad4a67bc3cebd1c6_72.png",
            "first_name": "",
            "real_name": "Jack Hollis-London",
            "display_name": "Jack Hollis-London",
            "team": "T028CNVFETF",
            "name": "s3585034",
            "is_restricted": false,
            "is_ultra_restricted": false
        },
        "blocks": [
            {
                "type": "rich_text",
                "block_id": "u6=",
                "elements": [
                    {
                        "type": "rich_text_section",
                        "elements": [
                            {
                                "type": "text",
                                "text": "we'll base it off the register page"
                            }
                        ]
                    }
                ]
            }
        ]
    },
    {
        "client_msg_id": "12472b64-eb77-428e-933e-67b6dd2f14cf",
        "type": "message",
        "text": "Yep",
        "user": "U028UDDAWAD",
        "ts": "1628492353.061300",
        "team": "T028CNVFETF",
        "user_team": "T028CNVFETF",
        "source_team": "T028CNVFETF",
        "user_profile": {
            "avatar_hash": "gbc659f0070f",
            "image_72": "https:\/\/secure.gravatar.com\/avatar\/bc659f0070f49e4d9ea463fb700c9f95.jpg?s=72&d=https%3A%2F%2Fa.slack-edge.com%2Fdf10d%2Fimg%2Favatars%2Fava_0021-72.png",
            "first_name": "Jacob",
            "real_name": "Jacob McEwan",
            "display_name": "Jacob McEwan",
            "team": "T028CNVFETF",
            "name": "s3841062",
            "is_restricted": false,
            "is_ultra_restricted": false
        },
        "blocks": [
            {
                "type": "rich_text",
                "block_id": "cpen",
                "elements": [
                    {
                        "type": "rich_text_section",
                        "elements": [
                            {
                                "type": "text",
                                "text": "Yep"
                            }
                        ]
                    }
                ]
            }
        ]
    }
]