[
    {
        "client_msg_id": "22b36867-d3e9-49d3-8290-43f99a3a8c18",
        "type": "message",
        "text": "should we have a formal progress report?",
        "user": "U028Q9GDXN3",
        "ts": "1627889738.005700",
        "team": "T028CNVFETF",
        "user_team": "T028CNVFETF",
        "source_team": "T028CNVFETF",
        "user_profile": {
            "avatar_hash": "a6bbad4a67bc",
            "image_72": "https:\/\/avatars.slack-edge.com\/2021-07-26\/2308025050517_a6bbad4a67bc3cebd1c6_72.png",
            "first_name": "",
            "real_name": "Jack Hollis-London",
            "display_name": "Jack Hollis-London",
            "team": "T028CNVFETF",
            "name": "s3585034",
            "is_restricted": false,
            "is_ultra_restricted": false
        },
        "blocks": [
            {
                "type": "rich_text",
                "block_id": "O0qa",
                "elements": [
                    {
                        "type": "rich_text_section",
                        "elements": [
                            {
                                "type": "text",
                                "text": "should we have a formal progress report?"
                            }
                        ]
                    }
                ]
            }
        ]
    },
    {
        "client_msg_id": "29e95449-d926-42bf-844a-8ee9778981ac",
        "type": "message",
        "text": "As in a document of it?",
        "user": "U028UDDAWAD",
        "ts": "1627889753.006000",
        "team": "T028CNVFETF",
        "user_team": "T028CNVFETF",
        "source_team": "T028CNVFETF",
        "user_profile": {
            "avatar_hash": "gbc659f0070f",
            "image_72": "https:\/\/secure.gravatar.com\/avatar\/bc659f0070f49e4d9ea463fb700c9f95.jpg?s=72&d=https%3A%2F%2Fa.slack-edge.com%2Fdf10d%2Fimg%2Favatars%2Fava_0021-72.png",
            "first_name": "Jacob",
            "real_name": "Jacob McEwan",
            "display_name": "Jacob McEwan",
            "team": "T028CNVFETF",
            "name": "s3841062",
            "is_restricted": false,
            "is_ultra_restricted": false
        },
        "blocks": [
            {
                "type": "rich_text",
                "block_id": "f5K",
                "elements": [
                    {
                        "type": "rich_text_section",
                        "elements": [
                            {
                                "type": "text",
                                "text": "As in a document of it?"
                            }
                        ]
                    }
                ]
            }
        ]
    },
    {
        "client_msg_id": "85bd2d9b-f006-46e3-a027-cda07e0b6445",
        "type": "message",
        "text": "idk",
        "user": "U028Q9GDXN3",
        "ts": "1627889760.006300",
        "team": "T028CNVFETF",
        "user_team": "T028CNVFETF",
        "source_team": "T028CNVFETF",
        "user_profile": {
            "avatar_hash": "a6bbad4a67bc",
            "image_72": "https:\/\/avatars.slack-edge.com\/2021-07-26\/2308025050517_a6bbad4a67bc3cebd1c6_72.png",
            "first_name": "",
            "real_name": "Jack Hollis-London",
            "display_name": "Jack Hollis-London",
            "team": "T028CNVFETF",
            "name": "s3585034",
            "is_restricted": false,
            "is_ultra_restricted": false
        },
        "blocks": [
            {
                "type": "rich_text",
                "block_id": "DUqwy",
                "elements": [
                    {
                        "type": "rich_text_section",
                        "elements": [
                            {
                                "type": "text",
                                "text": "idk"
                            }
                        ]
                    }
                ]
            }
        ]
    },
    {
        "client_msg_id": "6b1eb40a-9390-4ae1-a14f-7543fc93e715",
        "type": "message",
        "text": "yeah",
        "user": "U028Q9GDXN3",
        "ts": "1627889763.006500",
        "team": "T028CNVFETF",
        "user_team": "T028CNVFETF",
        "source_team": "T028CNVFETF",
        "user_profile": {
            "avatar_hash": "a6bbad4a67bc",
            "image_72": "https:\/\/avatars.slack-edge.com\/2021-07-26\/2308025050517_a6bbad4a67bc3cebd1c6_72.png",
            "first_name": "",
            "real_name": "Jack Hollis-London",
            "display_name": "Jack Hollis-London",
            "team": "T028CNVFETF",
            "name": "s3585034",
            "is_restricted": false,
            "is_ultra_restricted": false
        },
        "blocks": [
            {
                "type": "rich_text",
                "block_id": "zW8",
                "elements": [
                    {
                        "type": "rich_text_section",
                        "elements": [
                            {
                                "type": "text",
                                "text": "yeah"
                            }
                        ]
                    }
                ]
            }
        ]
    },
    {
        "client_msg_id": "e0df8a23-8138-4db3-83bc-1a805bec7a8f",
        "type": "message",
        "text": "I dont think so. The progress mark is supossed to be high level so basically just a checkup. I don;t think it's really a proper meeting? But again i don't know. We'll see how we go and take it from there",
        "user": "U028UDDAWAD",
        "ts": "1627889808.007400",
        "team": "T028CNVFETF",
        "user_team": "T028CNVFETF",
        "source_team": "T028CNVFETF",
        "user_profile": {
            "avatar_hash": "gbc659f0070f",
            "image_72": "https:\/\/secure.gravatar.com\/avatar\/bc659f0070f49e4d9ea463fb700c9f95.jpg?s=72&d=https%3A%2F%2Fa.slack-edge.com%2Fdf10d%2Fimg%2Favatars%2Fava_0021-72.png",
            "first_name": "Jacob",
            "real_name": "Jacob McEwan",
            "display_name": "Jacob McEwan",
            "team": "T028CNVFETF",
            "name": "s3841062",
            "is_restricted": false,
            "is_ultra_restricted": false
        },
        "blocks": [
            {
                "type": "rich_text",
                "block_id": "5azxD",
                "elements": [
                    {
                        "type": "rich_text_section",
                        "elements": [
                            {
                                "type": "text",
                                "text": "I dont think so. The progress mark is supossed to be high level so basically just a checkup. I don;t think it's really a proper meeting? But again i don't know. We'll see how we go and take it from there"
                            }
                        ]
                    }
                ]
            }
        ]
    },
    {
        "client_msg_id": "34b95db5-9f5a-402b-8af7-0729251beac9",
        "type": "message",
        "text": "So we're Group 4: 6:10-6:20",
        "user": "U028UDDAWAD",
        "ts": "1627889950.007600",
        "team": "T028CNVFETF",
        "user_team": "T028CNVFETF",
        "source_team": "T028CNVFETF",
        "user_profile": {
            "avatar_hash": "gbc659f0070f",
            "image_72": "https:\/\/secure.gravatar.com\/avatar\/bc659f0070f49e4d9ea463fb700c9f95.jpg?s=72&d=https%3A%2F%2Fa.slack-edge.com%2Fdf10d%2Fimg%2Favatars%2Fava_0021-72.png",
            "first_name": "Jacob",
            "real_name": "Jacob McEwan",
            "display_name": "Jacob McEwan",
            "team": "T028CNVFETF",
            "name": "s3841062",
            "is_restricted": false,
            "is_ultra_restricted": false
        },
        "blocks": [
            {
                "type": "rich_text",
                "block_id": "UuE",
                "elements": [
                    {
                        "type": "rich_text_section",
                        "elements": [
                            {
                                "type": "text",
                                "text": "So we're Group 4: 6:10-6:20"
                            }
                        ]
                    }
                ]
            }
        ]
    },
    {
        "client_msg_id": "58dcccba-f3d7-412e-950b-69ec28852eea",
        "type": "message",
        "text": "yeah",
        "user": "U028FPSLFK4",
        "ts": "1627889970.007900",
        "team": "T028CNVFETF",
        "user_team": "T028CNVFETF",
        "source_team": "T028CNVFETF",
        "user_profile": {
            "avatar_hash": "g92faf8c7cb1",
            "image_72": "https:\/\/secure.gravatar.com\/avatar\/92faf8c7cb15b0d6ca7ed71eeba8f20b.jpg?s=72&d=https%3A%2F%2Fa.slack-edge.com%2Fdf10d%2Fimg%2Favatars%2Fava_0022-72.png",
            "first_name": "",
            "real_name": "Ming Dong",
            "display_name": "Ming Dong",
            "team": "T028CNVFETF",
            "name": "s3843573",
            "is_restricted": false,
            "is_ultra_restricted": false
        },
        "blocks": [
            {
                "type": "rich_text",
                "block_id": "zTxYT",
                "elements": [
                    {
                        "type": "rich_text_section",
                        "elements": [
                            {
                                "type": "text",
                                "text": "yeah"
                            }
                        ]
                    }
                ]
            }
        ]
    },
    {
        "client_msg_id": "4a9d5b8c-45bc-4c20-b361-ad9ab6a6570b",
        "type": "message",
        "text": "alright",
        "user": "U028Q9GDXN3",
        "ts": "1627890092.008100",
        "team": "T028CNVFETF",
        "user_team": "T028CNVFETF",
        "source_team": "T028CNVFETF",
        "user_profile": {
            "avatar_hash": "a6bbad4a67bc",
            "image_72": "https:\/\/avatars.slack-edge.com\/2021-07-26\/2308025050517_a6bbad4a67bc3cebd1c6_72.png",
            "first_name": "",
            "real_name": "Jack Hollis-London",
            "display_name": "Jack Hollis-London",
            "team": "T028CNVFETF",
            "name": "s3585034",
            "is_restricted": false,
            "is_ultra_restricted": false
        },
        "blocks": [
            {
                "type": "rich_text",
                "block_id": "BKd6y",
                "elements": [
                    {
                        "type": "rich_text_section",
                        "elements": [
                            {
                                "type": "text",
                                "text": "alright"
                            }
                        ]
                    }
                ]
            }
        ]
    },
    {
        "client_msg_id": "8af3c50a-000e-4798-9f19-f88ae3a38523",
        "type": "message",
        "text": "Do we want to jump in a meeting or do we just continue individually, or do we organise for another day?",
        "user": "U028UDDAWAD",
        "ts": "1627895903.008900",
        "team": "T028CNVFETF",
        "user_team": "T028CNVFETF",
        "source_team": "T028CNVFETF",
        "user_profile": {
            "avatar_hash": "gbc659f0070f",
            "image_72": "https:\/\/secure.gravatar.com\/avatar\/bc659f0070f49e4d9ea463fb700c9f95.jpg?s=72&d=https%3A%2F%2Fa.slack-edge.com%2Fdf10d%2Fimg%2Favatars%2Fava_0021-72.png",
            "first_name": "Jacob",
            "real_name": "Jacob McEwan",
            "display_name": "Jacob McEwan",
            "team": "T028CNVFETF",
            "name": "s3841062",
            "is_restricted": false,
            "is_ultra_restricted": false
        },
        "blocks": [
            {
                "type": "rich_text",
                "block_id": "VuOol",
                "elements": [
                    {
                        "type": "rich_text_section",
                        "elements": [
                            {
                                "type": "text",
                                "text": "Do we want to jump in a meeting or do we just continue individually, or do we organise for another day?"
                            }
                        ]
                    }
                ]
            }
        ]
    },
    {
        "client_msg_id": "029fb2c8-b077-4a51-93c9-c0f369cfe0b8",
        "type": "message",
        "text": "Im happy to keep going right now",
        "user": "U028Q9GDXN3",
        "ts": "1627895919.009300",
        "team": "T028CNVFETF",
        "user_team": "T028CNVFETF",
        "source_team": "T028CNVFETF",
        "user_profile": {
            "avatar_hash": "a6bbad4a67bc",
            "image_72": "https:\/\/avatars.slack-edge.com\/2021-07-26\/2308025050517_a6bbad4a67bc3cebd1c6_72.png",
            "first_name": "",
            "real_name": "Jack Hollis-London",
            "display_name": "Jack Hollis-London",
            "team": "T028CNVFETF",
            "name": "s3585034",
            "is_restricted": false,
            "is_ultra_restricted": false
        },
        "blocks": [
            {
                "type": "rich_text",
                "block_id": "hs5",
                "elements": [
                    {
                        "type": "rich_text_section",
                        "elements": [
                            {
                                "type": "text",
                                "text": "Im happy to keep going right now"
                            }
                        ]
                    }
                ]
            }
        ]
    },
    {
        "client_msg_id": "d89175c3-108d-4e93-ad4a-32be13170e7f",
        "type": "message",
        "text": "pair programming in a sense",
        "user": "U028Q9GDXN3",
        "ts": "1627895929.009500",
        "team": "T028CNVFETF",
        "user_team": "T028CNVFETF",
        "source_team": "T028CNVFETF",
        "user_profile": {
            "avatar_hash": "a6bbad4a67bc",
            "image_72": "https:\/\/avatars.slack-edge.com\/2021-07-26\/2308025050517_a6bbad4a67bc3cebd1c6_72.png",
            "first_name": "",
            "real_name": "Jack Hollis-London",
            "display_name": "Jack Hollis-London",
            "team": "T028CNVFETF",
            "name": "s3585034",
            "is_restricted": false,
            "is_ultra_restricted": false
        },
        "blocks": [
            {
                "type": "rich_text",
                "block_id": "hztt2",
                "elements": [
                    {
                        "type": "rich_text_section",
                        "elements": [
                            {
                                "type": "text",
                                "text": "pair programming in a sense"
                            }
                        ]
                    }
                ]
            }
        ]
    },
    {
        "client_msg_id": "dff8627f-ed7b-4838-9ba8-501ac79969fb",
        "type": "message",
        "text": "Yep",
        "user": "U028UDDAWAD",
        "ts": "1627895937.009700",
        "team": "T028CNVFETF",
        "user_team": "T028CNVFETF",
        "source_team": "T028CNVFETF",
        "user_profile": {
            "avatar_hash": "gbc659f0070f",
            "image_72": "https:\/\/secure.gravatar.com\/avatar\/bc659f0070f49e4d9ea463fb700c9f95.jpg?s=72&d=https%3A%2F%2Fa.slack-edge.com%2Fdf10d%2Fimg%2Favatars%2Fava_0021-72.png",
            "first_name": "Jacob",
            "real_name": "Jacob McEwan",
            "display_name": "Jacob McEwan",
            "team": "T028CNVFETF",
            "name": "s3841062",
            "is_restricted": false,
            "is_ultra_restricted": false
        },
        "blocks": [
            {
                "type": "rich_text",
                "block_id": "vuoA",
                "elements": [
                    {
                        "type": "rich_text_section",
                        "elements": [
                            {
                                "type": "text",
                                "text": "Yep"
                            }
                        ]
                    }
                ]
            }
        ]
    },
    {
        "client_msg_id": "ad17359f-f2d2-408e-bdd7-584fba7e4549",
        "type": "message",
        "text": "im on teams",
        "user": "U028Q9GDXN3",
        "ts": "1627895960.009900",
        "team": "T028CNVFETF",
        "user_team": "T028CNVFETF",
        "source_team": "T028CNVFETF",
        "user_profile": {
            "avatar_hash": "a6bbad4a67bc",
            "image_72": "https:\/\/avatars.slack-edge.com\/2021-07-26\/2308025050517_a6bbad4a67bc3cebd1c6_72.png",
            "first_name": "",
            "real_name": "Jack Hollis-London",
            "display_name": "Jack Hollis-London",
            "team": "T028CNVFETF",
            "name": "s3585034",
            "is_restricted": false,
            "is_ultra_restricted": false
        },
        "blocks": [
            {
                "type": "rich_text",
                "block_id": "T5TRr",
                "elements": [
                    {
                        "type": "rich_text_section",
                        "elements": [
                            {
                                "type": "text",
                                "text": "im on teams"
                            }
                        ]
                    }
                ]
            }
        ]
    },
    {
        "client_msg_id": "7910f486-d3c7-4b3c-90dd-0a24b510e40b",
        "type": "message",
        "text": "sorry i cant join cause i had 4 classes today already a bit tired, also when's the next meeting?",
        "user": "U028FPSLFK4",
        "ts": "1627896072.011100",
        "team": "T028CNVFETF",
        "user_team": "T028CNVFETF",
        "source_team": "T028CNVFETF",
        "user_profile": {
            "avatar_hash": "g92faf8c7cb1",
            "image_72": "https:\/\/secure.gravatar.com\/avatar\/92faf8c7cb15b0d6ca7ed71eeba8f20b.jpg?s=72&d=https%3A%2F%2Fa.slack-edge.com%2Fdf10d%2Fimg%2Favatars%2Fava_0022-72.png",
            "first_name": "",
            "real_name": "Ming Dong",
            "display_name": "Ming Dong",
            "team": "T028CNVFETF",
            "name": "s3843573",
            "is_restricted": false,
            "is_ultra_restricted": false
        },
        "blocks": [
            {
                "type": "rich_text",
                "block_id": "y4e",
                "elements": [
                    {
                        "type": "rich_text_section",
                        "elements": [
                            {
                                "type": "text",
                                "text": "sorry i cant join cause i had 4 classes today already a bit tired, also when's the next meeting?"
                            }
                        ]
                    }
                ]
            }
        ]
    },
    {
        "client_msg_id": "a5777878-d649-4ed5-8c27-b9637367ac25",
        "type": "message",
        "text": "yes same",
        "user": "U02812J04H5",
        "ts": "1627896091.011300",
        "team": "T028CNVFETF",
        "user_team": "T028CNVFETF",
        "source_team": "T028CNVFETF",
        "user_profile": {
            "avatar_hash": "g9ff92d51e82",
            "image_72": "https:\/\/secure.gravatar.com\/avatar\/9ff92d51e820b2c762e345cf0c31cdb3.jpg?s=72&d=https%3A%2F%2Fa.slack-edge.com%2Fdf10d%2Fimg%2Favatars%2Fava_0020-72.png",
            "first_name": "",
            "real_name": "Moritz Hauptmann",
            "display_name": "Moritz Hauptmann",
            "team": "T028CNVFETF",
            "name": "s3851298",
            "is_restricted": false,
            "is_ultra_restricted": false
        },
        "blocks": [
            {
                "type": "rich_text",
                "block_id": "EmIek",
                "elements": [
                    {
                        "type": "rich_text_section",
                        "elements": [
                            {
                                "type": "text",
                                "text": "yes same"
                            }
                        ]
                    }
                ]
            }
        ]
    },
    {
        "client_msg_id": "a3b41a1f-2e11-4a93-9850-57899cb69f51",
        "type": "message",
        "text": "can we work individually on the negative scenarios?",
        "user": "U02812J04H5",
        "ts": "1627896135.012100",
        "team": "T028CNVFETF",
        "user_team": "T028CNVFETF",
        "source_team": "T028CNVFETF",
        "user_profile": {
            "avatar_hash": "g9ff92d51e82",
            "image_72": "https:\/\/secure.gravatar.com\/avatar\/9ff92d51e820b2c762e345cf0c31cdb3.jpg?s=72&d=https%3A%2F%2Fa.slack-edge.com%2Fdf10d%2Fimg%2Favatars%2Fava_0020-72.png",
            "first_name": "",
            "real_name": "Moritz Hauptmann",
            "display_name": "Moritz Hauptmann",
            "team": "T028CNVFETF",
            "name": "s3851298",
            "is_restricted": false,
            "is_ultra_restricted": false
        },
        "blocks": [
            {
                "type": "rich_text",
                "block_id": "eNO",
                "elements": [
                    {
                        "type": "rich_text_section",
                        "elements": [
                            {
                                "type": "text",
                                "text": "can we work individually on the negative scenarios?"
                            }
                        ]
                    }
                ]
            }
        ]
    },
    {
        "client_msg_id": "83de632c-c437-4fe9-8227-8a62531bacfa",
        "type": "message",
        "text": "until we meet next?",
        "user": "U02812J04H5",
        "ts": "1627896161.012700",
        "team": "T028CNVFETF",
        "user_team": "T028CNVFETF",
        "source_team": "T028CNVFETF",
        "user_profile": {
            "avatar_hash": "g9ff92d51e82",
            "image_72": "https:\/\/secure.gravatar.com\/avatar\/9ff92d51e820b2c762e345cf0c31cdb3.jpg?s=72&d=https%3A%2F%2Fa.slack-edge.com%2Fdf10d%2Fimg%2Favatars%2Fava_0020-72.png",
            "first_name": "",
            "real_name": "Moritz Hauptmann",
            "display_name": "Moritz Hauptmann",
            "team": "T028CNVFETF",
            "name": "s3851298",
            "is_restricted": false,
            "is_ultra_restricted": false
        },
        "blocks": [
            {
                "type": "rich_text",
                "block_id": "xNYQ",
                "elements": [
                    {
                        "type": "rich_text_section",
                        "elements": [
                            {
                                "type": "text",
                                "text": "until we meet next?"
                            }
                        ]
                    }
                ]
            }
        ]
    },
    {
        "client_msg_id": "97d80aa4-78b2-46f9-854d-aaf0213de0f8",
        "type": "message",
        "text": "Yeah, go ahead. In terms of meetings, does tuesday tommory same time as last week work?",
        "user": "U028UDDAWAD",
        "ts": "1627896170.012900",
        "team": "T028CNVFETF",
        "user_team": "T028CNVFETF",
        "source_team": "T028CNVFETF",
        "user_profile": {
            "avatar_hash": "gbc659f0070f",
            "image_72": "https:\/\/secure.gravatar.com\/avatar\/bc659f0070f49e4d9ea463fb700c9f95.jpg?s=72&d=https%3A%2F%2Fa.slack-edge.com%2Fdf10d%2Fimg%2Favatars%2Fava_0021-72.png",
            "first_name": "Jacob",
            "real_name": "Jacob McEwan",
            "display_name": "Jacob McEwan",
            "team": "T028CNVFETF",
            "name": "s3841062",
            "is_restricted": false,
            "is_ultra_restricted": false
        },
        "blocks": [
            {
                "type": "rich_text",
                "block_id": "Fdgid",
                "elements": [
                    {
                        "type": "rich_text_section",
                        "elements": [
                            {
                                "type": "text",
                                "text": "Yeah, go ahead. In terms of meetings, does tuesday tommory same time as last week work?"
                            }
                        ]
                    }
                ]
            }
        ]
    },
    {
        "client_msg_id": "714adae9-e13e-41e9-b6a7-46cc17d5f8c1",
        "type": "message",
        "text": "yeah",
        "user": "U028FPSLFK4",
        "ts": "1627896191.013200",
        "team": "T028CNVFETF",
        "user_team": "T028CNVFETF",
        "source_team": "T028CNVFETF",
        "user_profile": {
            "avatar_hash": "g92faf8c7cb1",
            "image_72": "https:\/\/secure.gravatar.com\/avatar\/92faf8c7cb15b0d6ca7ed71eeba8f20b.jpg?s=72&d=https%3A%2F%2Fa.slack-edge.com%2Fdf10d%2Fimg%2Favatars%2Fava_0022-72.png",
            "first_name": "",
            "real_name": "Ming Dong",
            "display_name": "Ming Dong",
            "team": "T028CNVFETF",
            "name": "s3843573",
            "is_restricted": false,
            "is_ultra_restricted": false
        },
        "blocks": [
            {
                "type": "rich_text",
                "block_id": "MhsS",
                "elements": [
                    {
                        "type": "rich_text_section",
                        "elements": [
                            {
                                "type": "text",
                                "text": "yeah"
                            }
                        ]
                    }
                ]
            }
        ]
    },
    {
        "client_msg_id": "ee25bf0a-e874-424d-ab21-c11f23f24b34",
        "type": "message",
        "text": "yep",
        "user": "U02812J04H5",
        "ts": "1627896243.013400",
        "team": "T028CNVFETF",
        "user_team": "T028CNVFETF",
        "source_team": "T028CNVFETF",
        "user_profile": {
            "avatar_hash": "g9ff92d51e82",
            "image_72": "https:\/\/secure.gravatar.com\/avatar\/9ff92d51e820b2c762e345cf0c31cdb3.jpg?s=72&d=https%3A%2F%2Fa.slack-edge.com%2Fdf10d%2Fimg%2Favatars%2Fava_0020-72.png",
            "first_name": "",
            "real_name": "Moritz Hauptmann",
            "display_name": "Moritz Hauptmann",
            "team": "T028CNVFETF",
            "name": "s3851298",
            "is_restricted": false,
            "is_ultra_restricted": false
        },
        "blocks": [
            {
                "type": "rich_text",
                "block_id": "Z1qGf",
                "elements": [
                    {
                        "type": "rich_text_section",
                        "elements": [
                            {
                                "type": "text",
                                "text": "yep"
                            }
                        ]
                    }
                ]
            }
        ]
    },
    {
        "client_msg_id": "68345552-f343-4a2f-96ab-9b34d52122c6",
        "type": "message",
        "text": "so for a simple wireframing tool is <http:\/\/wireframe.cc|wireframe.cc> better than figma is it free?",
        "user": "U028Q9GDXN3",
        "ts": "1627901011.014800",
        "team": "T028CNVFETF",
        "user_team": "T028CNVFETF",
        "source_team": "T028CNVFETF",
        "user_profile": {
            "avatar_hash": "a6bbad4a67bc",
            "image_72": "https:\/\/avatars.slack-edge.com\/2021-07-26\/2308025050517_a6bbad4a67bc3cebd1c6_72.png",
            "first_name": "",
            "real_name": "Jack Hollis-London",
            "display_name": "Jack Hollis-London",
            "team": "T028CNVFETF",
            "name": "s3585034",
            "is_restricted": false,
            "is_ultra_restricted": false
        },
        "blocks": [
            {
                "type": "rich_text",
                "block_id": "FhJ9",
                "elements": [
                    {
                        "type": "rich_text_section",
                        "elements": [
                            {
                                "type": "text",
                                "text": "so for a simple wireframing tool is wireframe.cc better than figma is it free?"
                            }
                        ]
                    }
                ]
            }
        ]
    },
    {
        "client_msg_id": "4c5d4e1e-77ba-4099-af31-c7b9139bdce7",
        "type": "message",
        "text": "<http:\/\/Wireframe.cc|Wireframe.cc> seemed free. I didn't go too indepth into ther feratures, Worst case we fall back to figma",
        "user": "U028UDDAWAD",
        "ts": "1627901135.015500",
        "team": "T028CNVFETF",
        "user_team": "T028CNVFETF",
        "source_team": "T028CNVFETF",
        "user_profile": {
            "avatar_hash": "gbc659f0070f",
            "image_72": "https:\/\/secure.gravatar.com\/avatar\/bc659f0070f49e4d9ea463fb700c9f95.jpg?s=72&d=https%3A%2F%2Fa.slack-edge.com%2Fdf10d%2Fimg%2Favatars%2Fava_0021-72.png",
            "first_name": "Jacob",
            "real_name": "Jacob McEwan",
            "display_name": "Jacob McEwan",
            "team": "T028CNVFETF",
            "name": "s3841062",
            "is_restricted": false,
            "is_ultra_restricted": false
        },
        "blocks": [
            {
                "type": "rich_text",
                "block_id": "P3gV1",
                "elements": [
                    {
                        "type": "rich_text_section",
                        "elements": [
                            {
                                "type": "text",
                                "text": "Wireframe.cc seemed free. I didn't go too indepth into ther feratures, Worst case we fall back to figma"
                            }
                        ]
                    }
                ]
            }
        ]
    },
    {
        "client_msg_id": "c7de7a6b-77b9-48d8-b766-9ac8d4ddc145",
        "type": "message",
        "text": "it has a trial for 7 days but no information about what happens after that",
        "user": "U028Q9GDXN3",
        "ts": "1627901166.016200",
        "team": "T028CNVFETF",
        "user_team": "T028CNVFETF",
        "source_team": "T028CNVFETF",
        "user_profile": {
            "avatar_hash": "a6bbad4a67bc",
            "image_72": "https:\/\/avatars.slack-edge.com\/2021-07-26\/2308025050517_a6bbad4a67bc3cebd1c6_72.png",
            "first_name": "",
            "real_name": "Jack Hollis-London",
            "display_name": "Jack Hollis-London",
            "team": "T028CNVFETF",
            "name": "s3585034",
            "is_restricted": false,
            "is_ultra_restricted": false
        },
        "blocks": [
            {
                "type": "rich_text",
                "block_id": "=tQg",
                "elements": [
                    {
                        "type": "rich_text_section",
                        "elements": [
                            {
                                "type": "text",
                                "text": "it has a trial for 7 days but no information about what happens after that"
                            }
                        ]
                    }
                ]
            }
        ]
    },
    {
        "client_msg_id": "b3e49a18-3f99-4278-a18f-5b18d7cbbdfb",
        "type": "message",
        "text": "Actually yeah it's only single page",
        "user": "U028UDDAWAD",
        "ts": "1627901224.016600",
        "team": "T028CNVFETF",
        "user_team": "T028CNVFETF",
        "source_team": "T028CNVFETF",
        "user_profile": {
            "avatar_hash": "gbc659f0070f",
            "image_72": "https:\/\/secure.gravatar.com\/avatar\/bc659f0070f49e4d9ea463fb700c9f95.jpg?s=72&d=https%3A%2F%2Fa.slack-edge.com%2Fdf10d%2Fimg%2Favatars%2Fava_0021-72.png",
            "first_name": "Jacob",
            "real_name": "Jacob McEwan",
            "display_name": "Jacob McEwan",
            "team": "T028CNVFETF",
            "name": "s3841062",
            "is_restricted": false,
            "is_ultra_restricted": false
        },
        "blocks": [
            {
                "type": "rich_text",
                "block_id": "yHB",
                "elements": [
                    {
                        "type": "rich_text_section",
                        "elements": [
                            {
                                "type": "text",
                                "text": "Actually yeah it's only single page"
                            }
                        ]
                    }
                ]
            }
        ]
    },
    {
        "client_msg_id": "d5d9b3f0-a673-47ed-bdbf-1f5e2d4a367e",
        "type": "message",
        "text": "i think 3 of us already know how to use figma..",
        "user": "U02812J04H5",
        "ts": "1627901786.017300",
        "team": "T028CNVFETF",
        "user_team": "T028CNVFETF",
        "source_team": "T028CNVFETF",
        "user_profile": {
            "avatar_hash": "g9ff92d51e82",
            "image_72": "https:\/\/secure.gravatar.com\/avatar\/9ff92d51e820b2c762e345cf0c31cdb3.jpg?s=72&d=https%3A%2F%2Fa.slack-edge.com%2Fdf10d%2Fimg%2Favatars%2Fava_0020-72.png",
            "first_name": "",
            "real_name": "Moritz Hauptmann",
            "display_name": "Moritz Hauptmann",
            "team": "T028CNVFETF",
            "name": "s3851298",
            "is_restricted": false,
            "is_ultra_restricted": false
        },
        "blocks": [
            {
                "type": "rich_text",
                "block_id": "XzH",
                "elements": [
                    {
                        "type": "rich_text_section",
                        "elements": [
                            {
                                "type": "text",
                                "text": "i think 3 of us already know how to use figma.."
                            }
                        ]
                    }
                ]
            }
        ]
    },
    {
        "client_msg_id": "2eb57f75-fece-46aa-b781-14e0df873faf",
        "type": "message",
        "text": "It might be best to use figma then",
        "user": "U028UDDAWAD",
        "ts": "1627902851.017600",
        "team": "T028CNVFETF",
        "user_team": "T028CNVFETF",
        "source_team": "T028CNVFETF",
        "user_profile": {
            "avatar_hash": "gbc659f0070f",
            "image_72": "https:\/\/secure.gravatar.com\/avatar\/bc659f0070f49e4d9ea463fb700c9f95.jpg?s=72&d=https%3A%2F%2Fa.slack-edge.com%2Fdf10d%2Fimg%2Favatars%2Fava_0021-72.png",
            "first_name": "Jacob",
            "real_name": "Jacob McEwan",
            "display_name": "Jacob McEwan",
            "team": "T028CNVFETF",
            "name": "s3841062",
            "is_restricted": false,
            "is_ultra_restricted": false
        },
        "blocks": [
            {
                "type": "rich_text",
                "block_id": "a4y",
                "elements": [
                    {
                        "type": "rich_text_section",
                        "elements": [
                            {
                                "type": "text",
                                "text": "It might be best to use figma then"
                            }
                        ]
                    }
                ]
            }
        ]
    },
    {
        "client_msg_id": "b468f8fb-7586-4638-a4d3-8ac883a8f93c",
        "type": "message",
        "text": "<!everyone> okay so theres 18 stories we can work on right now, I've assigned them evenly between us",
        "user": "U028Q9GDXN3",
        "ts": "1627965450.018700",
        "team": "T028CNVFETF",
        "user_team": "T028CNVFETF",
        "source_team": "T028CNVFETF",
        "user_profile": {
            "avatar_hash": "a6bbad4a67bc",
            "image_72": "https:\/\/avatars.slack-edge.com\/2021-07-26\/2308025050517_a6bbad4a67bc3cebd1c6_72.png",
            "first_name": "",
            "real_name": "Jack Hollis-London",
            "display_name": "Jack Hollis-London",
            "team": "T028CNVFETF",
            "name": "s3585034",
            "is_restricted": false,
            "is_ultra_restricted": false
        },
        "blocks": [
            {
                "type": "rich_text",
                "block_id": "CdhG5",
                "elements": [
                    {
                        "type": "rich_text_section",
                        "elements": [
                            {
                                "type": "broadcast",
                                "range": "everyone"
                            },
                            {
                                "type": "text",
                                "text": " okay so theres 18 stories we can work on right now, I've assigned them evenly between us"
                            }
                        ]
                    }
                ]
            }
        ],
        "reactions": [
            {
                "name": "+1",
                "users": [
                    "U028UDDAWAD",
                    "U028FPSLFK4",
                    "U02812J04H5"
                ],
                "count": 3
            }
        ]
    },
    {
        "client_msg_id": "3f3447b9-d0d9-4fb5-ac60-d3226860a2a5",
        "type": "message",
        "text": "probably a good idea to flesh out the acceptance criteria and the negative scenarios for each story you do the wireframe for  too",
        "user": "U028Q9GDXN3",
        "ts": "1627965646.020500",
        "team": "T028CNVFETF",
        "user_team": "T028CNVFETF",
        "source_team": "T028CNVFETF",
        "user_profile": {
            "avatar_hash": "a6bbad4a67bc",
            "image_72": "https:\/\/avatars.slack-edge.com\/2021-07-26\/2308025050517_a6bbad4a67bc3cebd1c6_72.png",
            "first_name": "",
            "real_name": "Jack Hollis-London",
            "display_name": "Jack Hollis-London",
            "team": "T028CNVFETF",
            "name": "s3585034",
            "is_restricted": false,
            "is_ultra_restricted": false
        },
        "edited": {
            "user": "U028Q9GDXN3",
            "ts": "1627965667.000000"
        },
        "blocks": [
            {
                "type": "rich_text",
                "block_id": "k0a",
                "elements": [
                    {
                        "type": "rich_text_section",
                        "elements": [
                            {
                                "type": "text",
                                "text": "probably a good idea to flesh out the acceptance criteria and the negative scenarios for each story you do the wireframe for  too"
                            }
                        ]
                    }
                ]
            }
        ]
    },
    {
        "client_msg_id": "d17be376-e317-4b7f-9571-ef56b57b1a5e",
        "type": "message",
        "text": "This is the email Im going to send Homy, is this there anything that needs changing or adding to?\nHi Homy\nOur team’s tutor wanted us to contact you directly to clarify some things:\n\n *Sharing Books*\nIn the functional requirements besides buying and selling books, it briefly mentions users sharing books. Could you elaborate on what sharing books means within the context of bookeroo platform? Thank you.\n\n*Definition of Done*\nWe’re not entirely sure how definition of done should work in this project, the course work mentions that the DoD is defined separately for each task but when we look at the agile\/scrum articles online they define it as generic checklist that each story needs to pass. In our Jira its a checklist for each issue containing:\n• Code builds without warnings\n• Code unit tested\n• Feature acceptance tested\n• Documentation\n• Product Owner Reviewed and Accepted\n• Build Merged into main server\nFurthermore Jira doesn't allow a seperate Definition of Done for each issue.\n\nThanks for your time Homy\nKind regards,\nJack",
        "user": "U028Q9GDXN3",
        "ts": "1627969645.022100",
        "team": "T028CNVFETF",
        "user_team": "T028CNVFETF",
        "source_team": "T028CNVFETF",
        "user_profile": {
            "avatar_hash": "a6bbad4a67bc",
            "image_72": "https:\/\/avatars.slack-edge.com\/2021-07-26\/2308025050517_a6bbad4a67bc3cebd1c6_72.png",
            "first_name": "",
            "real_name": "Jack Hollis-London",
            "display_name": "Jack Hollis-London",
            "team": "T028CNVFETF",
            "name": "s3585034",
            "is_restricted": false,
            "is_ultra_restricted": false
        },
        "edited": {
            "user": "U028Q9GDXN3",
            "ts": "1627969783.000000"
        },
        "blocks": [
            {
                "type": "rich_text",
                "block_id": "m9I",
                "elements": [
                    {
                        "type": "rich_text_section",
                        "elements": [
                            {
                                "type": "text",
                                "text": "This is the email Im going to send Homy, is this there anything that needs changing or adding to?\nHi Homy\nOur team’s tutor wanted us to contact you directly to clarify some things:\n\n"
                            },
                            {
                                "type": "text",
                                "text": " Sharing Books",
                                "style": {
                                    "bold": true
                                }
                            },
                            {
                                "type": "text",
                                "text": "\nIn the functional requirements besides buying and selling books, it briefly mentions users sharing books. Could you elaborate on what sharing books means within the context of bookeroo platform? Thank you.\n\n"
                            },
                            {
                                "type": "text",
                                "text": "Definition of Done",
                                "style": {
                                    "bold": true
                                }
                            },
                            {
                                "type": "text",
                                "text": "\nWe’re not entirely sure how definition of done should work in this project, the course work mentions that the DoD is defined separately for each task but when we look at the agile\/scrum articles online they define it as generic checklist that each story needs to pass. In our Jira its a checklist for each issue containing:\n"
                            }
                        ]
                    },
                    {
                        "type": "rich_text_list",
                        "elements": [
                            {
                                "type": "rich_text_section",
                                "elements": [
                                    {
                                        "type": "text",
                                        "text": "Code builds without warnings"
                                    }
                                ]
                            },
                            {
                                "type": "rich_text_section",
                                "elements": [
                                    {
                                        "type": "text",
                                        "text": "Code unit tested"
                                    }
                                ]
                            },
                            {
                                "type": "rich_text_section",
                                "elements": [
                                    {
                                        "type": "text",
                                        "text": "Feature acceptance tested"
                                    }
                                ]
                            },
                            {
                                "type": "rich_text_section",
                                "elements": [
                                    {
                                        "type": "text",
                                        "text": "Documentation"
                                    }
                                ]
                            },
                            {
                                "type": "rich_text_section",
                                "elements": [
                                    {
                                        "type": "text",
                                        "text": "Product Owner Reviewed and Accepted"
                                    }
                                ]
                            },
                            {
                                "type": "rich_text_section",
                                "elements": [
                                    {
                                        "type": "text",
                                        "text": "Build Merged into main server"
                                    }
                                ]
                            }
                        ],
                        "style": "bullet",
                        "indent": 0
                    },
                    {
                        "type": "rich_text_section",
                        "elements": [
                            {
                                "type": "text",
                                "text": "Furthermore Jira doesn't allow a seperate Definition of Done for each issue.\n\nThanks for your time Homy\nKind regards,\nJack"
                            }
                        ]
                    }
                ]
            }
        ],
        "thread_ts": "1627969645.022100",
        "reply_count": 5,
        "reply_users_count": 2,
        "latest_reply": "1627976405.023100",
        "reply_users": [
            "U028UDDAWAD",
            "U028Q9GDXN3"
        ],
        "replies": [
            {
                "user": "U028UDDAWAD",
                "ts": "1627969711.022200"
            },
            {
                "user": "U028Q9GDXN3",
                "ts": "1627969746.022400"
            },
            {
                "user": "U028Q9GDXN3",
                "ts": "1627969786.022700"
            },
            {
                "user": "U028UDDAWAD",
                "ts": "1627976260.022900"
            },
            {
                "user": "U028Q9GDXN3",
                "ts": "1627976405.023100"
            }
        ],
        "is_locked": false,
        "subscribed": true,
        "last_read": "1627976405.023100"
    },
    {
        "client_msg_id": "8cfc1291-52ba-4b8c-b3c4-428186e83c12",
        "type": "message",
        "text": "Looks good. Maybe just add that JIRA doesn't allow speerate DoD's for each issue",
        "user": "U028UDDAWAD",
        "ts": "1627969711.022200",
        "team": "T028CNVFETF",
        "user_team": "T028CNVFETF",
        "source_team": "T028CNVFETF",
        "user_profile": {
            "avatar_hash": "gbc659f0070f",
            "image_72": "https:\/\/secure.gravatar.com\/avatar\/bc659f0070f49e4d9ea463fb700c9f95.jpg?s=72&d=https%3A%2F%2Fa.slack-edge.com%2Fdf10d%2Fimg%2Favatars%2Fava_0021-72.png",
            "first_name": "Jacob",
            "real_name": "Jacob McEwan",
            "display_name": "Jacob McEwan",
            "team": "T028CNVFETF",
            "name": "s3841062",
            "is_restricted": false,
            "is_ultra_restricted": false
        },
        "blocks": [
            {
                "type": "rich_text",
                "block_id": "pw1",
                "elements": [
                    {
                        "type": "rich_text_section",
                        "elements": [
                            {
                                "type": "text",
                                "text": "Looks good. Maybe just add that JIRA doesn't allow speerate DoD's for each issue"
                            }
                        ]
                    }
                ]
            }
        ],
        "thread_ts": "1627969645.022100",
        "parent_user_id": "U028Q9GDXN3"
    },
    {
        "client_msg_id": "480d8160-54ef-4687-9d57-8ddfec83ad27",
        "type": "message",
        "text": "ok",
        "user": "U028Q9GDXN3",
        "ts": "1627969746.022400",
        "team": "T028CNVFETF",
        "user_team": "T028CNVFETF",
        "source_team": "T028CNVFETF",
        "user_profile": {
            "avatar_hash": "a6bbad4a67bc",
            "image_72": "https:\/\/avatars.slack-edge.com\/2021-07-26\/2308025050517_a6bbad4a67bc3cebd1c6_72.png",
            "first_name": "",
            "real_name": "Jack Hollis-London",
            "display_name": "Jack Hollis-London",
            "team": "T028CNVFETF",
            "name": "s3585034",
            "is_restricted": false,
            "is_ultra_restricted": false
        },
        "blocks": [
            {
                "type": "rich_text",
                "block_id": "egR0O",
                "elements": [
                    {
                        "type": "rich_text_section",
                        "elements": [
                            {
                                "type": "text",
                                "text": "ok"
                            }
                        ]
                    }
                ]
            }
        ],
        "thread_ts": "1627969645.022100",
        "parent_user_id": "U028Q9GDXN3"
    },
    {
        "client_msg_id": "fc6da71c-2538-4d7e-b94f-50cb90ccc00f",
        "type": "message",
        "text": "like that?",
        "user": "U028Q9GDXN3",
        "ts": "1627969786.022700",
        "team": "T028CNVFETF",
        "user_team": "T028CNVFETF",
        "source_team": "T028CNVFETF",
        "user_profile": {
            "avatar_hash": "a6bbad4a67bc",
            "image_72": "https:\/\/avatars.slack-edge.com\/2021-07-26\/2308025050517_a6bbad4a67bc3cebd1c6_72.png",
            "first_name": "",
            "real_name": "Jack Hollis-London",
            "display_name": "Jack Hollis-London",
            "team": "T028CNVFETF",
            "name": "s3585034",
            "is_restricted": false,
            "is_ultra_restricted": false
        },
        "blocks": [
            {
                "type": "rich_text",
                "block_id": "KJ6Q",
                "elements": [
                    {
                        "type": "rich_text_section",
                        "elements": [
                            {
                                "type": "text",
                                "text": "like that?"
                            }
                        ]
                    }
                ]
            }
        ],
        "thread_ts": "1627969645.022100",
        "parent_user_id": "U028Q9GDXN3"
    }
]