[
    {
        "type": "message",
        "subtype": "channel_join",
        "ts": "1626683009.000200",
        "user": "U028UDDAWAD",
        "text": "<@U028UDDAWAD> has joined the channel"
    },
    {
        "type": "message",
        "subtype": "channel_join",
        "ts": "1626683235.000700",
        "user": "U028G0C9ZM1",
        "text": "<@U028G0C9ZM1> has joined the channel"
    },
    {
        "type": "message",
        "subtype": "channel_join",
        "ts": "1626683238.000800",
        "user": "U028FPSLFK4",
        "text": "<@U028FPSLFK4> has joined the channel"
    },
    {
        "client_msg_id": "9752c182-3557-405c-a526-f3c85c23186b",
        "type": "message",
        "text": "Hey yall",
        "user": "U028G0C9ZM1",
        "ts": "1626683251.001000",
        "team": "T028CNVFETF",
        "user_team": "T028CNVFETF",
        "source_team": "T028CNVFETF",
        "user_profile": {
            "avatar_hash": "g9831096f265",
            "image_72": "https:\/\/secure.gravatar.com\/avatar\/9831096f2651c993b140eaa34b673acc.jpg?s=72&d=https%3A%2F%2Fa.slack-edge.com%2Fdf10d%2Fimg%2Favatars%2Fava_0001-72.png",
            "first_name": "",
            "real_name": "Smit Bhatti",
            "display_name": "",
            "team": "T028CNVFETF",
            "name": "s3802327",
            "is_restricted": false,
            "is_ultra_restricted": false
        },
        "blocks": [
            {
                "type": "rich_text",
                "block_id": "wuI7",
                "elements": [
                    {
                        "type": "rich_text_section",
                        "elements": [
                            {
                                "type": "text",
                                "text": "Hey yall"
                            }
                        ]
                    }
                ]
            }
        ]
    },
    {
        "client_msg_id": "7c4dccf4-9f01-4714-b15e-7ec19e0246b2",
        "type": "message",
        "text": "Hey",
        "user": "U028UDDAWAD",
        "ts": "1626683254.001200",
        "team": "T028CNVFETF",
        "user_team": "T028CNVFETF",
        "source_team": "T028CNVFETF",
        "user_profile": {
            "avatar_hash": "gbc659f0070f",
            "image_72": "https:\/\/secure.gravatar.com\/avatar\/bc659f0070f49e4d9ea463fb700c9f95.jpg?s=72&d=https%3A%2F%2Fa.slack-edge.com%2Fdf10d%2Fimg%2Favatars%2Fava_0021-72.png",
            "first_name": "Jacob",
            "real_name": "Jacob McEwan",
            "display_name": "Jacob McEwan",
            "team": "T028CNVFETF",
            "name": "s3841062",
            "is_restricted": false,
            "is_ultra_restricted": false
        },
        "blocks": [
            {
                "type": "rich_text",
                "block_id": "vYr\/E",
                "elements": [
                    {
                        "type": "rich_text_section",
                        "elements": [
                            {
                                "type": "text",
                                "text": "Hey"
                            }
                        ]
                    }
                ]
            }
        ]
    },
    {
        "client_msg_id": "93974196-1e6f-4580-ac44-d8c0c7fdbc74",
        "type": "message",
        "text": "yo",
        "user": "U028FPSLFK4",
        "ts": "1626683259.001400",
        "team": "T028CNVFETF",
        "user_team": "T028CNVFETF",
        "source_team": "T028CNVFETF",
        "user_profile": {
            "avatar_hash": "g92faf8c7cb1",
            "image_72": "https:\/\/secure.gravatar.com\/avatar\/92faf8c7cb15b0d6ca7ed71eeba8f20b.jpg?s=72&d=https%3A%2F%2Fa.slack-edge.com%2Fdf10d%2Fimg%2Favatars%2Fava_0022-72.png",
            "first_name": "",
            "real_name": "Ming Dong",
            "display_name": "Ming Dong",
            "team": "T028CNVFETF",
            "name": "s3843573",
            "is_restricted": false,
            "is_ultra_restricted": false
        },
        "blocks": [
            {
                "type": "rich_text",
                "block_id": "aNpm",
                "elements": [
                    {
                        "type": "rich_text_section",
                        "elements": [
                            {
                                "type": "text",
                                "text": "yo"
                            }
                        ]
                    }
                ]
            }
        ]
    },
    {
        "type": "message",
        "subtype": "channel_join",
        "ts": "1626683277.001500",
        "user": "U02812J04H5",
        "text": "<@U02812J04H5> has joined the channel"
    },
    {
        "client_msg_id": "4978490b-3d93-4b4f-98e7-6d20c314b172",
        "type": "message",
        "text": "hey",
        "user": "U02812J04H5",
        "ts": "1626683302.001700",
        "team": "T028CNVFETF",
        "user_team": "T028CNVFETF",
        "source_team": "T028CNVFETF",
        "user_profile": {
            "avatar_hash": "g9ff92d51e82",
            "image_72": "https:\/\/secure.gravatar.com\/avatar\/9ff92d51e820b2c762e345cf0c31cdb3.jpg?s=72&d=https%3A%2F%2Fa.slack-edge.com%2Fdf10d%2Fimg%2Favatars%2Fava_0020-72.png",
            "first_name": "",
            "real_name": "Moritz Hauptmann",
            "display_name": "Moritz Hauptmann",
            "team": "T028CNVFETF",
            "name": "s3851298",
            "is_restricted": false,
            "is_ultra_restricted": false
        },
        "blocks": [
            {
                "type": "rich_text",
                "block_id": "JTTL",
                "elements": [
                    {
                        "type": "rich_text_section",
                        "elements": [
                            {
                                "type": "text",
                                "text": "hey"
                            }
                        ]
                    }
                ]
            }
        ]
    },
    {
        "client_msg_id": "2094f198-161e-484e-b899-42b626b822e3",
        "type": "message",
        "text": "Welcome",
        "user": "U028G0C9ZM1",
        "ts": "1626683600.001900",
        "team": "T028CNVFETF",
        "user_team": "T028CNVFETF",
        "source_team": "T028CNVFETF",
        "user_profile": {
            "avatar_hash": "g9831096f265",
            "image_72": "https:\/\/secure.gravatar.com\/avatar\/9831096f2651c993b140eaa34b673acc.jpg?s=72&d=https%3A%2F%2Fa.slack-edge.com%2Fdf10d%2Fimg%2Favatars%2Fava_0001-72.png",
            "first_name": "",
            "real_name": "Smit Bhatti",
            "display_name": "",
            "team": "T028CNVFETF",
            "name": "s3802327",
            "is_restricted": false,
            "is_ultra_restricted": false
        },
        "blocks": [
            {
                "type": "rich_text",
                "block_id": "DXbFR",
                "elements": [
                    {
                        "type": "rich_text_section",
                        "elements": [
                            {
                                "type": "text",
                                "text": "Welcome"
                            }
                        ]
                    }
                ]
            }
        ]
    }
]