[
    {
        "client_msg_id": "0090ab10-2c09-45b5-9c13-97bc97827d72",
        "type": "message",
        "text": "Would SEP-31 (Saving Paypal details) be better as an account option or a step in the checkout process?",
        "user": "U028UDDAWAD",
        "ts": "1628220330.032500",
        "team": "T028CNVFETF",
        "user_team": "T028CNVFETF",
        "source_team": "T028CNVFETF",
        "user_profile": {
            "avatar_hash": "gbc659f0070f",
            "image_72": "https:\/\/secure.gravatar.com\/avatar\/bc659f0070f49e4d9ea463fb700c9f95.jpg?s=72&d=https%3A%2F%2Fa.slack-edge.com%2Fdf10d%2Fimg%2Favatars%2Fava_0021-72.png",
            "first_name": "Jacob",
            "real_name": "Jacob McEwan",
            "display_name": "Jacob McEwan",
            "team": "T028CNVFETF",
            "name": "s3841062",
            "is_restricted": false,
            "is_ultra_restricted": false
        },
        "blocks": [
            {
                "type": "rich_text",
                "block_id": "ySszM",
                "elements": [
                    {
                        "type": "rich_text_section",
                        "elements": [
                            {
                                "type": "text",
                                "text": "Would SEP-31 (Saving Paypal details) be better as an account option or a step in the checkout process?"
                            }
                        ]
                    }
                ]
            }
        ],
        "thread_ts": "1628220330.032500",
        "reply_count": 2,
        "reply_users_count": 2,
        "latest_reply": "1628222567.033800",
        "reply_users": [
            "U02812J04H5",
            "U028UDDAWAD"
        ],
        "replies": [
            {
                "user": "U02812J04H5",
                "ts": "1628221609.033600"
            },
            {
                "user": "U028UDDAWAD",
                "ts": "1628222567.033800"
            }
        ],
        "is_locked": false,
        "subscribed": true,
        "last_read": "1628222567.033800"
    },
    {
        "client_msg_id": "8d847da4-b330-41db-b57a-ffb4adcca904",
        "type": "message",
        "text": "Additionally, where would the CSV downloads best be accessed from, Should they be a seperate page or just an \"embed\" on another?",
        "user": "U028UDDAWAD",
        "ts": "1628220792.033300",
        "team": "T028CNVFETF",
        "user_team": "T028CNVFETF",
        "source_team": "T028CNVFETF",
        "user_profile": {
            "avatar_hash": "gbc659f0070f",
            "image_72": "https:\/\/secure.gravatar.com\/avatar\/bc659f0070f49e4d9ea463fb700c9f95.jpg?s=72&d=https%3A%2F%2Fa.slack-edge.com%2Fdf10d%2Fimg%2Favatars%2Fava_0021-72.png",
            "first_name": "Jacob",
            "real_name": "Jacob McEwan",
            "display_name": "Jacob McEwan",
            "team": "T028CNVFETF",
            "name": "s3841062",
            "is_restricted": false,
            "is_ultra_restricted": false
        },
        "blocks": [
            {
                "type": "rich_text",
                "block_id": "edW",
                "elements": [
                    {
                        "type": "rich_text_section",
                        "elements": [
                            {
                                "type": "text",
                                "text": "Additionally, where would the CSV downloads best be accessed from, Should they be a seperate page or just an \"embed\" on another?"
                            }
                        ]
                    }
                ]
            }
        ],
        "thread_ts": "1628220792.033300",
        "reply_count": 3,
        "reply_users_count": 2,
        "latest_reply": "1628235105.034200",
        "reply_users": [
            "U02812J04H5",
            "U028UDDAWAD"
        ],
        "replies": [
            {
                "user": "U02812J04H5",
                "ts": "1628221519.033400"
            },
            {
                "user": "U028UDDAWAD",
                "ts": "1628222607.034000"
            },
            {
                "user": "U02812J04H5",
                "ts": "1628235105.034200"
            }
        ],
        "is_locked": false,
        "subscribed": true,
        "last_read": "1628235105.034200"
    },
    {
        "client_msg_id": "36a36d32-d61a-4db0-b6d2-14d47b65a68a",
        "type": "message",
        "text": "Maybe just a download button in the admin sales history?",
        "user": "U02812J04H5",
        "ts": "1628221519.033400",
        "team": "T028CNVFETF",
        "user_team": "T028CNVFETF",
        "source_team": "T028CNVFETF",
        "user_profile": {
            "avatar_hash": "g9ff92d51e82",
            "image_72": "https:\/\/secure.gravatar.com\/avatar\/9ff92d51e820b2c762e345cf0c31cdb3.jpg?s=72&d=https%3A%2F%2Fa.slack-edge.com%2Fdf10d%2Fimg%2Favatars%2Fava_0020-72.png",
            "first_name": "",
            "real_name": "Moritz Hauptmann",
            "display_name": "Moritz Hauptmann",
            "team": "T028CNVFETF",
            "name": "s3851298",
            "is_restricted": false,
            "is_ultra_restricted": false
        },
        "blocks": [
            {
                "type": "rich_text",
                "block_id": "T27",
                "elements": [
                    {
                        "type": "rich_text_section",
                        "elements": [
                            {
                                "type": "text",
                                "text": "Maybe just a download button in the admin sales history?"
                            }
                        ]
                    }
                ]
            }
        ],
        "thread_ts": "1628220792.033300",
        "parent_user_id": "U028UDDAWAD"
    },
    {
        "client_msg_id": "111bba56-18e0-474e-a408-0527663652ae",
        "type": "message",
        "text": "Checkout maybe? So we can have a button for PayPal to checkout through PayPal and a checkbox at the bottom to save details for next time",
        "user": "U02812J04H5",
        "ts": "1628221609.033600",
        "team": "T028CNVFETF",
        "user_team": "T028CNVFETF",
        "source_team": "T028CNVFETF",
        "user_profile": {
            "avatar_hash": "g9ff92d51e82",
            "image_72": "https:\/\/secure.gravatar.com\/avatar\/9ff92d51e820b2c762e345cf0c31cdb3.jpg?s=72&d=https%3A%2F%2Fa.slack-edge.com%2Fdf10d%2Fimg%2Favatars%2Fava_0020-72.png",
            "first_name": "",
            "real_name": "Moritz Hauptmann",
            "display_name": "Moritz Hauptmann",
            "team": "T028CNVFETF",
            "name": "s3851298",
            "is_restricted": false,
            "is_ultra_restricted": false
        },
        "blocks": [
            {
                "type": "rich_text",
                "block_id": "9huKr",
                "elements": [
                    {
                        "type": "rich_text_section",
                        "elements": [
                            {
                                "type": "text",
                                "text": "Checkout maybe? So we can have a button for PayPal to checkout through PayPal and a checkbox at the bottom to save details for next time"
                            }
                        ]
                    }
                ]
            }
        ],
        "thread_ts": "1628220330.032500",
        "parent_user_id": "U028UDDAWAD"
    },
    {
        "client_msg_id": "0a320723-ace3-4612-92af-317d4c6db023",
        "type": "message",
        "text": "Yeah. In that case I won't do it as a seperate wireframe, but whoever does checkout should annotate that it covers SEP-31",
        "user": "U028UDDAWAD",
        "ts": "1628222567.033800",
        "team": "T028CNVFETF",
        "user_team": "T028CNVFETF",
        "source_team": "T028CNVFETF",
        "user_profile": {
            "avatar_hash": "gbc659f0070f",
            "image_72": "https:\/\/secure.gravatar.com\/avatar\/bc659f0070f49e4d9ea463fb700c9f95.jpg?s=72&d=https%3A%2F%2Fa.slack-edge.com%2Fdf10d%2Fimg%2Favatars%2Fava_0021-72.png",
            "first_name": "Jacob",
            "real_name": "Jacob McEwan",
            "display_name": "Jacob McEwan",
            "team": "T028CNVFETF",
            "name": "s3841062",
            "is_restricted": false,
            "is_ultra_restricted": false
        },
        "blocks": [
            {
                "type": "rich_text",
                "block_id": "VPcFP",
                "elements": [
                    {
                        "type": "rich_text_section",
                        "elements": [
                            {
                                "type": "text",
                                "text": "Yeah. In that case I won't do it as a seperate wireframe, but whoever does checkout should annotate that it covers SEP-31"
                            }
                        ]
                    }
                ]
            }
        ],
        "thread_ts": "1628220330.032500",
        "parent_user_id": "U028UDDAWAD"
    },
    {
        "client_msg_id": "2b2fa2d0-8e86-4890-8598-264cb1622223",
        "type": "message",
        "text": "But should it be a part of the same page for all the filtering options or should it take them to a seperate page?",
        "user": "U028UDDAWAD",
        "ts": "1628222607.034000",
        "team": "T028CNVFETF",
        "user_team": "T028CNVFETF",
        "source_team": "T028CNVFETF",
        "user_profile": {
            "avatar_hash": "gbc659f0070f",
            "image_72": "https:\/\/secure.gravatar.com\/avatar\/bc659f0070f49e4d9ea463fb700c9f95.jpg?s=72&d=https%3A%2F%2Fa.slack-edge.com%2Fdf10d%2Fimg%2Favatars%2Fava_0021-72.png",
            "first_name": "Jacob",
            "real_name": "Jacob McEwan",
            "display_name": "Jacob McEwan",
            "team": "T028CNVFETF",
            "name": "s3841062",
            "is_restricted": false,
            "is_ultra_restricted": false
        },
        "blocks": [
            {
                "type": "rich_text",
                "block_id": "7z2Lo",
                "elements": [
                    {
                        "type": "rich_text_section",
                        "elements": [
                            {
                                "type": "text",
                                "text": "But should it be a part of the same page for all the filtering options or should it take them to a seperate page?"
                            }
                        ]
                    }
                ]
            }
        ],
        "thread_ts": "1628220792.033300",
        "parent_user_id": "U028UDDAWAD"
    }
]