[
    {
        "client_msg_id": "9488edf8-9fbb-4624-8a76-87ec01e50f79",
        "type": "message",
        "text": "Looking over the assignment doc again it says\nJavaScript for front- end using React or any other JavaScript\/HTML5 combination\/framework. Guides on Getting Started using these frameworks will be provided for students not familiar with them. Variations of these frameworks are possible but MUST be discussed and agreed to by your tutor.\nSo I think Next.js is possible upon approval of you all and our tutor :nerd_face:",
        "user": "U028Q9GDXN3",
        "ts": "1627374040.048400",
        "team": "T028CNVFETF",
        "user_team": "T028CNVFETF",
        "source_team": "T028CNVFETF",
        "user_profile": {
            "avatar_hash": "a6bbad4a67bc",
            "image_72": "https:\/\/avatars.slack-edge.com\/2021-07-26\/2308025050517_a6bbad4a67bc3cebd1c6_72.png",
            "first_name": "",
            "real_name": "Jack Hollis-London",
            "display_name": "Jack Hollis-London",
            "team": "T028CNVFETF",
            "name": "s3585034",
            "is_restricted": false,
            "is_ultra_restricted": false
        },
        "edited": {
            "user": "U028Q9GDXN3",
            "ts": "1627374302.000000"
        },
        "blocks": [
            {
                "type": "rich_text",
                "block_id": "qD\/",
                "elements": [
                    {
                        "type": "rich_text_section",
                        "elements": [
                            {
                                "type": "text",
                                "text": "Looking over the assignment doc again it says\nJavaScript for front- end using React or any other JavaScript\/HTML5 combination\/framework. Guides on Getting Started using these frameworks will be provided for students not familiar with them. Variations of these frameworks are possible but MUST be discussed and agreed to by your tutor.\nSo I think Next.js is possible upon approval of you all and our tutor "
                            },
                            {
                                "type": "emoji",
                                "name": "nerd_face"
                            }
                        ]
                    }
                ]
            }
        ]
    },
    {
        "client_msg_id": "193a5821-3537-4f76-aad8-3bc427693d4d",
        "type": "message",
        "text": "There was conversation in the lec, apparently it was a mistake, but I'm sure they'll get a lot of simmilar questions :laughing:",
        "user": "U028UDDAWAD",
        "ts": "1627376885.049400",
        "team": "T028CNVFETF",
        "user_team": "T028CNVFETF",
        "source_team": "T028CNVFETF",
        "user_profile": {
            "avatar_hash": "gbc659f0070f",
            "image_72": "https:\/\/secure.gravatar.com\/avatar\/bc659f0070f49e4d9ea463fb700c9f95.jpg?s=72&d=https%3A%2F%2Fa.slack-edge.com%2Fdf10d%2Fimg%2Favatars%2Fava_0021-72.png",
            "first_name": "Jacob",
            "real_name": "Jacob McEwan",
            "display_name": "Jacob McEwan",
            "team": "T028CNVFETF",
            "name": "s3841062",
            "is_restricted": false,
            "is_ultra_restricted": false
        },
        "blocks": [
            {
                "type": "rich_text",
                "block_id": "TSi",
                "elements": [
                    {
                        "type": "rich_text_section",
                        "elements": [
                            {
                                "type": "text",
                                "text": "There was conversation in the lec, apparently it was a mistake, but I'm sure they'll get a lot of simmilar questions "
                            },
                            {
                                "type": "emoji",
                                "name": "laughing"
                            }
                        ]
                    }
                ]
            }
        ],
        "thread_ts": "1627376885.049400",
        "reply_count": 1,
        "reply_users_count": 1,
        "latest_reply": "1627438122.063200",
        "reply_users": [
            "U028Q9GDXN3"
        ],
        "replies": [
            {
                "user": "U028Q9GDXN3",
                "ts": "1627438122.063200"
            }
        ],
        "is_locked": false,
        "subscribed": true,
        "last_read": "1627376885.049400"
    },
    {
        "client_msg_id": "ec8f057f-d58d-41c0-92f7-eb1d74b4939e",
        "type": "message",
        "text": "so for the first sprint what user stories should we implement?",
        "user": "U028Q9GDXN3",
        "ts": "1627435798.050700",
        "team": "T028CNVFETF",
        "user_team": "T028CNVFETF",
        "source_team": "T028CNVFETF",
        "user_profile": {
            "avatar_hash": "a6bbad4a67bc",
            "image_72": "https:\/\/avatars.slack-edge.com\/2021-07-26\/2308025050517_a6bbad4a67bc3cebd1c6_72.png",
            "first_name": "",
            "real_name": "Jack Hollis-London",
            "display_name": "Jack Hollis-London",
            "team": "T028CNVFETF",
            "name": "s3585034",
            "is_restricted": false,
            "is_ultra_restricted": false
        },
        "blocks": [
            {
                "type": "rich_text",
                "block_id": "fUft",
                "elements": [
                    {
                        "type": "rich_text_section",
                        "elements": [
                            {
                                "type": "text",
                                "text": "so for the first sprint what user stories should we implement?"
                            }
                        ]
                    }
                ]
            }
        ]
    },
    {
        "client_msg_id": "7a4ed1e2-dada-41e7-80bc-d5e4453ce435",
        "type": "message",
        "text": "From what I understood we're supposed to implement all of them, but only like a wireframe level, and each sprint adds more functionality to each. Within the sprints we prioritise based on the feedback of the PO. At least that's what I understood",
        "user": "U028UDDAWAD",
        "ts": "1627436034.052200",
        "team": "T028CNVFETF",
        "user_team": "T028CNVFETF",
        "source_team": "T028CNVFETF",
        "user_profile": {
            "avatar_hash": "gbc659f0070f",
            "image_72": "https:\/\/secure.gravatar.com\/avatar\/bc659f0070f49e4d9ea463fb700c9f95.jpg?s=72&d=https%3A%2F%2Fa.slack-edge.com%2Fdf10d%2Fimg%2Favatars%2Fava_0021-72.png",
            "first_name": "Jacob",
            "real_name": "Jacob McEwan",
            "display_name": "Jacob McEwan",
            "team": "T028CNVFETF",
            "name": "s3841062",
            "is_restricted": false,
            "is_ultra_restricted": false
        },
        "blocks": [
            {
                "type": "rich_text",
                "block_id": "7U6",
                "elements": [
                    {
                        "type": "rich_text_section",
                        "elements": [
                            {
                                "type": "text",
                                "text": "From what I understood we're supposed to implement all of them, but only like a wireframe level, and each sprint adds more functionality to each. Within the sprints we prioritise based on the feedback of the PO. At least that's what I understood"
                            }
                        ]
                    }
                ]
            }
        ],
        "reactions": [
            {
                "name": "+1",
                "users": [
                    "U02812J04H5"
                ],
                "count": 1
            }
        ]
    },
    {
        "client_msg_id": "83b3fe5e-cfe4-4d27-8f81-0af551989f27",
        "type": "message",
        "text": "okay how do we do that",
        "user": "U028Q9GDXN3",
        "ts": "1627436228.053300",
        "team": "T028CNVFETF",
        "user_team": "T028CNVFETF",
        "source_team": "T028CNVFETF",
        "user_profile": {
            "avatar_hash": "a6bbad4a67bc",
            "image_72": "https:\/\/avatars.slack-edge.com\/2021-07-26\/2308025050517_a6bbad4a67bc3cebd1c6_72.png",
            "first_name": "",
            "real_name": "Jack Hollis-London",
            "display_name": "Jack Hollis-London",
            "team": "T028CNVFETF",
            "name": "s3585034",
            "is_restricted": false,
            "is_ultra_restricted": false
        },
        "blocks": [
            {
                "type": "rich_text",
                "block_id": "aJ6wf",
                "elements": [
                    {
                        "type": "rich_text_section",
                        "elements": [
                            {
                                "type": "text",
                                "text": "okay how do we do that"
                            }
                        ]
                    }
                ]
            }
        ]
    },
    {
        "client_msg_id": "dcbf9ec7-ba1c-449b-b3e9-b16c496c78a6",
        "type": "message",
        "text": "divide the stories between us based on difficulty estimates?",
        "user": "U028Q9GDXN3",
        "ts": "1627436324.053700",
        "team": "T028CNVFETF",
        "user_team": "T028CNVFETF",
        "source_team": "T028CNVFETF",
        "user_profile": {
            "avatar_hash": "a6bbad4a67bc",
            "image_72": "https:\/\/avatars.slack-edge.com\/2021-07-26\/2308025050517_a6bbad4a67bc3cebd1c6_72.png",
            "first_name": "",
            "real_name": "Jack Hollis-London",
            "display_name": "Jack Hollis-London",
            "team": "T028CNVFETF",
            "name": "s3585034",
            "is_restricted": false,
            "is_ultra_restricted": false
        },
        "blocks": [
            {
                "type": "rich_text",
                "block_id": "rRdu",
                "elements": [
                    {
                        "type": "rich_text_section",
                        "elements": [
                            {
                                "type": "text",
                                "text": "divide the stories between us based on difficulty estimates?"
                            }
                        ]
                    }
                ]
            }
        ]
    },
    {
        "client_msg_id": "7f5e61b9-54da-4f8a-b953-aed6fc342654",
        "type": "message",
        "text": "some of us building the springboot REST endpoints then some of us building the HTML(JSX) web pages?",
        "user": "U028Q9GDXN3",
        "ts": "1627436431.054400",
        "team": "T028CNVFETF",
        "user_team": "T028CNVFETF",
        "source_team": "T028CNVFETF",
        "user_profile": {
            "avatar_hash": "a6bbad4a67bc",
            "image_72": "https:\/\/avatars.slack-edge.com\/2021-07-26\/2308025050517_a6bbad4a67bc3cebd1c6_72.png",
            "first_name": "",
            "real_name": "Jack Hollis-London",
            "display_name": "Jack Hollis-London",
            "team": "T028CNVFETF",
            "name": "s3585034",
            "is_restricted": false,
            "is_ultra_restricted": false
        },
        "blocks": [
            {
                "type": "rich_text",
                "block_id": "oAln",
                "elements": [
                    {
                        "type": "rich_text_section",
                        "elements": [
                            {
                                "type": "text",
                                "text": "some of us building the springboot REST endpoints then some of us building the HTML(JSX) web pages?"
                            }
                        ]
                    }
                ]
            }
        ]
    },
    {
        "client_msg_id": "0265e0b8-1a21-414f-a3c2-2a51c07cb5ea",
        "type": "message",
        "text": "Yeah splitting by story seems good, but probably each of us working full stack. That way we don't have as many dependancies between us",
        "user": "U028UDDAWAD",
        "ts": "1627436512.055400",
        "team": "T028CNVFETF",
        "user_team": "T028CNVFETF",
        "source_team": "T028CNVFETF",
        "user_profile": {
            "avatar_hash": "gbc659f0070f",
            "image_72": "https:\/\/secure.gravatar.com\/avatar\/bc659f0070f49e4d9ea463fb700c9f95.jpg?s=72&d=https%3A%2F%2Fa.slack-edge.com%2Fdf10d%2Fimg%2Favatars%2Fava_0021-72.png",
            "first_name": "Jacob",
            "real_name": "Jacob McEwan",
            "display_name": "Jacob McEwan",
            "team": "T028CNVFETF",
            "name": "s3841062",
            "is_restricted": false,
            "is_ultra_restricted": false
        },
        "blocks": [
            {
                "type": "rich_text",
                "block_id": "EEr4C",
                "elements": [
                    {
                        "type": "rich_text_section",
                        "elements": [
                            {
                                "type": "text",
                                "text": "Yeah splitting by story seems good, but probably each of us working full stack. That way we don't have as many dependancies between us"
                            }
                        ]
                    }
                ]
            }
        ]
    },
    {
        "client_msg_id": "4f9cf686-63c3-41a5-82fc-ba7689feae1a",
        "type": "message",
        "text": "To be honest I don't knwo if the REST API even comes in in sprint 1. From the lect, it seemd sprint 1 was purely wireframe (no actual funtionality)",
        "user": "U028UDDAWAD",
        "ts": "1627436574.056300",
        "team": "T028CNVFETF",
        "user_team": "T028CNVFETF",
        "source_team": "T028CNVFETF",
        "user_profile": {
            "avatar_hash": "gbc659f0070f",
            "image_72": "https:\/\/secure.gravatar.com\/avatar\/bc659f0070f49e4d9ea463fb700c9f95.jpg?s=72&d=https%3A%2F%2Fa.slack-edge.com%2Fdf10d%2Fimg%2Favatars%2Fava_0021-72.png",
            "first_name": "Jacob",
            "real_name": "Jacob McEwan",
            "display_name": "Jacob McEwan",
            "team": "T028CNVFETF",
            "name": "s3841062",
            "is_restricted": false,
            "is_ultra_restricted": false
        },
        "blocks": [
            {
                "type": "rich_text",
                "block_id": "F3X",
                "elements": [
                    {
                        "type": "rich_text_section",
                        "elements": [
                            {
                                "type": "text",
                                "text": "To be honest I don't knwo if the REST API even comes in in sprint 1. From the lect, it seemd sprint 1 was purely wireframe (no actual funtionality)"
                            }
                        ]
                    }
                ]
            }
        ]
    },
    {
        "client_msg_id": "b09cc60b-a208-4f4a-8ce1-dfc0303e4404",
        "type": "message",
        "text": "okay so just HTML output",
        "user": "U028Q9GDXN3",
        "ts": "1627436606.056500",
        "team": "T028CNVFETF",
        "user_team": "T028CNVFETF",
        "source_team": "T028CNVFETF",
        "user_profile": {
            "avatar_hash": "a6bbad4a67bc",
            "image_72": "https:\/\/avatars.slack-edge.com\/2021-07-26\/2308025050517_a6bbad4a67bc3cebd1c6_72.png",
            "first_name": "",
            "real_name": "Jack Hollis-London",
            "display_name": "Jack Hollis-London",
            "team": "T028CNVFETF",
            "name": "s3585034",
            "is_restricted": false,
            "is_ultra_restricted": false
        },
        "blocks": [
            {
                "type": "rich_text",
                "block_id": "azK",
                "elements": [
                    {
                        "type": "rich_text_section",
                        "elements": [
                            {
                                "type": "text",
                                "text": "okay so just HTML output"
                            }
                        ]
                    }
                ]
            }
        ]
    },
    {
        "client_msg_id": "47a114ad-3323-4a6f-973f-8ad61efdc9b2",
        "type": "message",
        "text": "Pretty much. Maybe basic page transitions",
        "user": "U028UDDAWAD",
        "ts": "1627436620.056800",
        "team": "T028CNVFETF",
        "user_team": "T028CNVFETF",
        "source_team": "T028CNVFETF",
        "user_profile": {
            "avatar_hash": "gbc659f0070f",
            "image_72": "https:\/\/secure.gravatar.com\/avatar\/bc659f0070f49e4d9ea463fb700c9f95.jpg?s=72&d=https%3A%2F%2Fa.slack-edge.com%2Fdf10d%2Fimg%2Favatars%2Fava_0021-72.png",
            "first_name": "Jacob",
            "real_name": "Jacob McEwan",
            "display_name": "Jacob McEwan",
            "team": "T028CNVFETF",
            "name": "s3841062",
            "is_restricted": false,
            "is_ultra_restricted": false
        },
        "blocks": [
            {
                "type": "rich_text",
                "block_id": "JBQ",
                "elements": [
                    {
                        "type": "rich_text_section",
                        "elements": [
                            {
                                "type": "text",
                                "text": "Pretty much. Maybe basic page transitions"
                            }
                        ]
                    }
                ]
            }
        ]
    },
    {
        "client_msg_id": "d24488fc-562d-4d14-83a8-ba90db93a86d",
        "type": "message",
        "text": "Just enough to give the PO an idea of what it'll look like and for them to give feedback on where it needs to head",
        "user": "U028UDDAWAD",
        "ts": "1627436649.057500",
        "team": "T028CNVFETF",
        "user_team": "T028CNVFETF",
        "source_team": "T028CNVFETF",
        "user_profile": {
            "avatar_hash": "gbc659f0070f",
            "image_72": "https:\/\/secure.gravatar.com\/avatar\/bc659f0070f49e4d9ea463fb700c9f95.jpg?s=72&d=https%3A%2F%2Fa.slack-edge.com%2Fdf10d%2Fimg%2Favatars%2Fava_0021-72.png",
            "first_name": "Jacob",
            "real_name": "Jacob McEwan",
            "display_name": "Jacob McEwan",
            "team": "T028CNVFETF",
            "name": "s3841062",
            "is_restricted": false,
            "is_ultra_restricted": false
        },
        "blocks": [
            {
                "type": "rich_text",
                "block_id": "qeU",
                "elements": [
                    {
                        "type": "rich_text_section",
                        "elements": [
                            {
                                "type": "text",
                                "text": "Just enough to give the PO an idea of what it'll look like and for them to give feedback on where it needs to head"
                            }
                        ]
                    }
                ]
            }
        ]
    },
    {
        "client_msg_id": "2fc17368-019e-43f6-aae4-2a6c0b136afe",
        "type": "message",
        "text": "yeah just hyperlink navigation",
        "user": "U028Q9GDXN3",
        "ts": "1627436668.057900",
        "team": "T028CNVFETF",
        "user_team": "T028CNVFETF",
        "source_team": "T028CNVFETF",
        "user_profile": {
            "avatar_hash": "a6bbad4a67bc",
            "image_72": "https:\/\/avatars.slack-edge.com\/2021-07-26\/2308025050517_a6bbad4a67bc3cebd1c6_72.png",
            "first_name": "",
            "real_name": "Jack Hollis-London",
            "display_name": "Jack Hollis-London",
            "team": "T028CNVFETF",
            "name": "s3585034",
            "is_restricted": false,
            "is_ultra_restricted": false
        },
        "blocks": [
            {
                "type": "rich_text",
                "block_id": "2kV",
                "elements": [
                    {
                        "type": "rich_text_section",
                        "elements": [
                            {
                                "type": "text",
                                "text": "yeah just hyperlink navigation"
                            }
                        ]
                    }
                ]
            }
        ]
    },
    {
        "client_msg_id": "36f95681-c4b7-4908-b5b8-5d67d1ddc5d4",
        "type": "message",
        "text": "or we make mockups in figma first before coding",
        "user": "U028Q9GDXN3",
        "ts": "1627436848.058600",
        "team": "T028CNVFETF",
        "user_team": "T028CNVFETF",
        "source_team": "T028CNVFETF",
        "user_profile": {
            "avatar_hash": "a6bbad4a67bc",
            "image_72": "https:\/\/avatars.slack-edge.com\/2021-07-26\/2308025050517_a6bbad4a67bc3cebd1c6_72.png",
            "first_name": "",
            "real_name": "Jack Hollis-London",
            "display_name": "Jack Hollis-London",
            "team": "T028CNVFETF",
            "name": "s3585034",
            "is_restricted": false,
            "is_ultra_restricted": false
        },
        "blocks": [
            {
                "type": "rich_text",
                "block_id": "uP0vN",
                "elements": [
                    {
                        "type": "rich_text_section",
                        "elements": [
                            {
                                "type": "text",
                                "text": "or we make mockups in figma first before coding"
                            }
                        ]
                    }
                ]
            }
        ]
    },
    {
        "client_msg_id": "c8599691-796a-4ab2-a867-76c7686bb40d",
        "type": "message",
        "text": "have ya'll used figma?",
        "user": "U028Q9GDXN3",
        "ts": "1627436866.059000",
        "team": "T028CNVFETF",
        "user_team": "T028CNVFETF",
        "source_team": "T028CNVFETF",
        "user_profile": {
            "avatar_hash": "a6bbad4a67bc",
            "image_72": "https:\/\/avatars.slack-edge.com\/2021-07-26\/2308025050517_a6bbad4a67bc3cebd1c6_72.png",
            "first_name": "",
            "real_name": "Jack Hollis-London",
            "display_name": "Jack Hollis-London",
            "team": "T028CNVFETF",
            "name": "s3585034",
            "is_restricted": false,
            "is_ultra_restricted": false
        },
        "blocks": [
            {
                "type": "rich_text",
                "block_id": "JMv",
                "elements": [
                    {
                        "type": "rich_text_section",
                        "elements": [
                            {
                                "type": "text",
                                "text": "have ya'll used figma?"
                            }
                        ]
                    }
                ]
            }
        ],
        "thread_ts": "1627436866.059000",
        "reply_count": 1,
        "reply_users_count": 1,
        "latest_reply": "1627437213.061500",
        "reply_users": [
            "U02812J04H5"
        ],
        "replies": [
            {
                "user": "U02812J04H5",
                "ts": "1627437213.061500"
            }
        ],
        "is_locked": false,
        "subscribed": false
    },
    {
        "client_msg_id": "98d966c7-63e3-490f-8857-ffc8fff2e0b9",
        "type": "message",
        "text": "i've used it last year",
        "user": "U028FPSLFK4",
        "ts": "1627436909.059300",
        "team": "T028CNVFETF",
        "user_team": "T028CNVFETF",
        "source_team": "T028CNVFETF",
        "user_profile": {
            "avatar_hash": "g92faf8c7cb1",
            "image_72": "https:\/\/secure.gravatar.com\/avatar\/92faf8c7cb15b0d6ca7ed71eeba8f20b.jpg?s=72&d=https%3A%2F%2Fa.slack-edge.com%2Fdf10d%2Fimg%2Favatars%2Fava_0022-72.png",
            "first_name": "",
            "real_name": "Ming Dong",
            "display_name": "Ming Dong",
            "team": "T028CNVFETF",
            "name": "s3843573",
            "is_restricted": false,
            "is_ultra_restricted": false
        },
        "blocks": [
            {
                "type": "rich_text",
                "block_id": "eeK",
                "elements": [
                    {
                        "type": "rich_text_section",
                        "elements": [
                            {
                                "type": "text",
                                "text": "i've used it last year"
                            }
                        ]
                    }
                ]
            }
        ]
    },
    {
        "client_msg_id": "cbc237be-7ee4-46b0-a808-9ff63f63bb49",
        "type": "message",
        "text": "Yeah, used it for UCD",
        "user": "U028UDDAWAD",
        "ts": "1627436933.059600",
        "team": "T028CNVFETF",
        "user_team": "T028CNVFETF",
        "source_team": "T028CNVFETF",
        "user_profile": {
            "avatar_hash": "gbc659f0070f",
            "image_72": "https:\/\/secure.gravatar.com\/avatar\/bc659f0070f49e4d9ea463fb700c9f95.jpg?s=72&d=https%3A%2F%2Fa.slack-edge.com%2Fdf10d%2Fimg%2Favatars%2Fava_0021-72.png",
            "first_name": "Jacob",
            "real_name": "Jacob McEwan",
            "display_name": "Jacob McEwan",
            "team": "T028CNVFETF",
            "name": "s3841062",
            "is_restricted": false,
            "is_ultra_restricted": false
        },
        "blocks": [
            {
                "type": "rich_text",
                "block_id": "jnB",
                "elements": [
                    {
                        "type": "rich_text_section",
                        "elements": [
                            {
                                "type": "text",
                                "text": "Yeah, used it for UCD"
                            }
                        ]
                    }
                ]
            }
        ]
    },
    {
        "client_msg_id": "75074bc7-9699-4c9b-ac82-ea6e0a5de252",
        "type": "message",
        "text": "damn we had to use photoshop in my UCD lol",
        "user": "U028Q9GDXN3",
        "ts": "1627436974.059900",
        "team": "T028CNVFETF",
        "user_team": "T028CNVFETF",
        "source_team": "T028CNVFETF",
        "user_profile": {
            "avatar_hash": "a6bbad4a67bc",
            "image_72": "https:\/\/avatars.slack-edge.com\/2021-07-26\/2308025050517_a6bbad4a67bc3cebd1c6_72.png",
            "first_name": "",
            "real_name": "Jack Hollis-London",
            "display_name": "Jack Hollis-London",
            "team": "T028CNVFETF",
            "name": "s3585034",
            "is_restricted": false,
            "is_ultra_restricted": false
        },
        "blocks": [
            {
                "type": "rich_text",
                "block_id": "znk3",
                "elements": [
                    {
                        "type": "rich_text_section",
                        "elements": [
                            {
                                "type": "text",
                                "text": "damn we had to use photoshop in my UCD lol"
                            }
                        ]
                    }
                ]
            }
        ]
    },
    {
        "client_msg_id": "d9cb49e7-8923-4648-b300-8c6ecc269eea",
        "type": "message",
        "text": "lmao why",
        "user": "U028FPSLFK4",
        "ts": "1627436989.060100",
        "team": "T028CNVFETF",
        "user_team": "T028CNVFETF",
        "source_team": "T028CNVFETF",
        "user_profile": {
            "avatar_hash": "g92faf8c7cb1",
            "image_72": "https:\/\/secure.gravatar.com\/avatar\/92faf8c7cb15b0d6ca7ed71eeba8f20b.jpg?s=72&d=https%3A%2F%2Fa.slack-edge.com%2Fdf10d%2Fimg%2Favatars%2Fava_0022-72.png",
            "first_name": "",
            "real_name": "Ming Dong",
            "display_name": "Ming Dong",
            "team": "T028CNVFETF",
            "name": "s3843573",
            "is_restricted": false,
            "is_ultra_restricted": false
        },
        "blocks": [
            {
                "type": "rich_text",
                "block_id": "Jzz",
                "elements": [
                    {
                        "type": "rich_text_section",
                        "elements": [
                            {
                                "type": "text",
                                "text": "lmao why"
                            }
                        ]
                    }
                ]
            }
        ]
    },
    {
        "client_msg_id": "f2d14081-9d61-411d-8f13-817048eaafea",
        "type": "message",
        "text": "figma wasnt popular yet",
        "user": "U028Q9GDXN3",
        "ts": "1627437013.060500",
        "team": "T028CNVFETF",
        "user_team": "T028CNVFETF",
        "source_team": "T028CNVFETF",
        "user_profile": {
            "avatar_hash": "a6bbad4a67bc",
            "image_72": "https:\/\/avatars.slack-edge.com\/2021-07-26\/2308025050517_a6bbad4a67bc3cebd1c6_72.png",
            "first_name": "",
            "real_name": "Jack Hollis-London",
            "display_name": "Jack Hollis-London",
            "team": "T028CNVFETF",
            "name": "s3585034",
            "is_restricted": false,
            "is_ultra_restricted": false
        },
        "blocks": [
            {
                "type": "rich_text",
                "block_id": "GZkct",
                "elements": [
                    {
                        "type": "rich_text_section",
                        "elements": [
                            {
                                "type": "text",
                                "text": "figma wasnt popular yet"
                            }
                        ]
                    }
                ]
            }
        ]
    },
    {
        "client_msg_id": "de028858-9482-43b3-b284-1aa49023911f",
        "type": "message",
        "text": "oh okay",
        "user": "U028FPSLFK4",
        "ts": "1627437024.060700",
        "team": "T028CNVFETF",
        "user_team": "T028CNVFETF",
        "source_team": "T028CNVFETF",
        "user_profile": {
            "avatar_hash": "g92faf8c7cb1",
            "image_72": "https:\/\/secure.gravatar.com\/avatar\/92faf8c7cb15b0d6ca7ed71eeba8f20b.jpg?s=72&d=https%3A%2F%2Fa.slack-edge.com%2Fdf10d%2Fimg%2Favatars%2Fava_0022-72.png",
            "first_name": "",
            "real_name": "Ming Dong",
            "display_name": "Ming Dong",
            "team": "T028CNVFETF",
            "name": "s3843573",
            "is_restricted": false,
            "is_ultra_restricted": false
        },
        "blocks": [
            {
                "type": "rich_text",
                "block_id": "xE9rs",
                "elements": [
                    {
                        "type": "rich_text_section",
                        "elements": [
                            {
                                "type": "text",
                                "text": "oh okay"
                            }
                        ]
                    }
                ]
            }
        ]
    },
    {
        "client_msg_id": "061edff3-f90d-4c40-b1a3-4d97a32558f5",
        "type": "message",
        "text": "do we need acceptance criteria ready before we start the sprints?",
        "user": "U028Q9GDXN3",
        "ts": "1627437095.061400",
        "team": "T028CNVFETF",
        "user_team": "T028CNVFETF",
        "source_team": "T028CNVFETF",
        "user_profile": {
            "avatar_hash": "a6bbad4a67bc",
            "image_72": "https:\/\/avatars.slack-edge.com\/2021-07-26\/2308025050517_a6bbad4a67bc3cebd1c6_72.png",
            "first_name": "",
            "real_name": "Jack Hollis-London",
            "display_name": "Jack Hollis-London",
            "team": "T028CNVFETF",
            "name": "s3585034",
            "is_restricted": false,
            "is_ultra_restricted": false
        },
        "blocks": [
            {
                "type": "rich_text",
                "block_id": "H2t",
                "elements": [
                    {
                        "type": "rich_text_section",
                        "elements": [
                            {
                                "type": "text",
                                "text": "do we need acceptance criteria ready before we start the sprints?"
                            }
                        ]
                    }
                ]
            }
        ]
    },
    {
        "client_msg_id": "e178f074-d5dc-4529-83bd-0120a70ba80d",
        "type": "message",
        "text": "yep twice already",
        "user": "U02812J04H5",
        "ts": "1627437213.061500",
        "team": "T028CNVFETF",
        "user_team": "T028CNVFETF",
        "source_team": "T028CNVFETF",
        "user_profile": {
            "avatar_hash": "g9ff92d51e82",
            "image_72": "https:\/\/secure.gravatar.com\/avatar\/9ff92d51e820b2c762e345cf0c31cdb3.jpg?s=72&d=https%3A%2F%2Fa.slack-edge.com%2Fdf10d%2Fimg%2Favatars%2Fava_0020-72.png",
            "first_name": "",
            "real_name": "Moritz Hauptmann",
            "display_name": "Moritz Hauptmann",
            "team": "T028CNVFETF",
            "name": "s3851298",
            "is_restricted": false,
            "is_ultra_restricted": false
        },
        "blocks": [
            {
                "type": "rich_text",
                "block_id": "r=8fD",
                "elements": [
                    {
                        "type": "rich_text_section",
                        "elements": [
                            {
                                "type": "text",
                                "text": "yep twice already"
                            }
                        ]
                    }
                ]
            }
        ],
        "thread_ts": "1627436866.059000",
        "parent_user_id": "U028Q9GDXN3"
    },
    {
        "client_msg_id": "5f00aa67-8020-4460-b4d7-76650e8bcab1",
        "type": "message",
        "text": "okay I'll split up the stories equally between us and we can get them done before monday how's that (three times now)",
        "user": "U028Q9GDXN3",
        "ts": "1627437505.062600",
        "team": "T028CNVFETF",
        "user_team": "T028CNVFETF",
        "source_team": "T028CNVFETF",
        "user_profile": {
            "avatar_hash": "a6bbad4a67bc",
            "image_72": "https:\/\/avatars.slack-edge.com\/2021-07-26\/2308025050517_a6bbad4a67bc3cebd1c6_72.png",
            "first_name": "",
            "real_name": "Jack Hollis-London",
            "display_name": "Jack Hollis-London",
            "team": "T028CNVFETF",
            "name": "s3585034",
            "is_restricted": false,
            "is_ultra_restricted": false
        },
        "blocks": [
            {
                "type": "rich_text",
                "block_id": "NRl",
                "elements": [
                    {
                        "type": "rich_text_section",
                        "elements": [
                            {
                                "type": "text",
                                "text": "okay I'll split up the stories equally between us and we can get them done before monday how's that (three times now)"
                            }
                        ]
                    }
                ]
            }
        ],
        "reactions": [
            {
                "name": "+1",
                "users": [
                    "U028FPSLFK4",
                    "U028UDDAWAD"
                ],
                "count": 2
            }
        ]
    },
    {
        "client_msg_id": "74b15d63-b0d5-470f-ac6b-15031043d083",
        "type": "message",
        "text": "in the lecture he mentions NextJS is allowed (as long as its in JS not TS)",
        "user": "U028Q9GDXN3",
        "ts": "1627438122.063200",
        "team": "T028CNVFETF",
        "user_team": "T028CNVFETF",
        "source_team": "T028CNVFETF",
        "user_profile": {
            "avatar_hash": "a6bbad4a67bc",
            "image_72": "https:\/\/avatars.slack-edge.com\/2021-07-26\/2308025050517_a6bbad4a67bc3cebd1c6_72.png",
            "first_name": "",
            "real_name": "Jack Hollis-London",
            "display_name": "Jack Hollis-London",
            "team": "T028CNVFETF",
            "name": "s3585034",
            "is_restricted": false,
            "is_ultra_restricted": false
        },
        "blocks": [
            {
                "type": "rich_text",
                "block_id": "QahdN",
                "elements": [
                    {
                        "type": "rich_text_section",
                        "elements": [
                            {
                                "type": "text",
                                "text": "in the lecture he mentions NextJS is allowed (as long as its in JS not TS)"
                            }
                        ]
                    }
                ]
            }
        ],
        "thread_ts": "1627376885.049400",
        "parent_user_id": "U028UDDAWAD"
    },
    {
        "client_msg_id": "d4e8bd13-007e-4e3b-a29e-2568516d53a7",
        "type": "message",
        "text": "I think i might need to turn JIRA emails of :laughing:",
        "user": "U028UDDAWAD",
        "ts": "1627438704.063700",
        "team": "T028CNVFETF",
        "user_team": "T028CNVFETF",
        "source_team": "T028CNVFETF",
        "user_profile": {
            "avatar_hash": "gbc659f0070f",
            "image_72": "https:\/\/secure.gravatar.com\/avatar\/bc659f0070f49e4d9ea463fb700c9f95.jpg?s=72&d=https%3A%2F%2Fa.slack-edge.com%2Fdf10d%2Fimg%2Favatars%2Fava_0021-72.png",
            "first_name": "Jacob",
            "real_name": "Jacob McEwan",
            "display_name": "Jacob McEwan",
            "team": "T028CNVFETF",
            "name": "s3841062",
            "is_restricted": false,
            "is_ultra_restricted": false
        },
        "blocks": [
            {
                "type": "rich_text",
                "block_id": "=ofM\/",
                "elements": [
                    {
                        "type": "rich_text_section",
                        "elements": [
                            {
                                "type": "text",
                                "text": "I think i might need to turn JIRA emails of "
                            },
                            {
                                "type": "emoji",
                                "name": "laughing"
                            }
                        ]
                    }
                ]
            }
        ]
    },
    {
        "client_msg_id": "52ea2af8-ebfa-496e-ba79-557b59750be9",
        "type": "message",
        "text": "we need 1 more story to make it even",
        "user": "U028Q9GDXN3",
        "ts": "1627438704.063800",
        "team": "T028CNVFETF",
        "user_team": "T028CNVFETF",
        "source_team": "T028CNVFETF",
        "user_profile": {
            "avatar_hash": "a6bbad4a67bc",
            "image_72": "https:\/\/avatars.slack-edge.com\/2021-07-26\/2308025050517_a6bbad4a67bc3cebd1c6_72.png",
            "first_name": "",
            "real_name": "Jack Hollis-London",
            "display_name": "Jack Hollis-London",
            "team": "T028CNVFETF",
            "name": "s3585034",
            "is_restricted": false,
            "is_ultra_restricted": false
        },
        "blocks": [
            {
                "type": "rich_text",
                "block_id": "2RC",
                "elements": [
                    {
                        "type": "rich_text_section",
                        "elements": [
                            {
                                "type": "text",
                                "text": "we need 1 more story to make it even"
                            }
                        ]
                    }
                ]
            }
        ]
    },
    {
        "client_msg_id": "d74fc81f-6190-45d7-9c43-e166d48af5ef",
        "type": "message",
        "text": "oh sorry Im done now :sweat_smile:",
        "user": "U028Q9GDXN3",
        "ts": "1627438736.064200",
        "team": "T028CNVFETF",
        "user_team": "T028CNVFETF",
        "source_team": "T028CNVFETF",
        "user_profile": {
            "avatar_hash": "a6bbad4a67bc",
            "image_72": "https:\/\/avatars.slack-edge.com\/2021-07-26\/2308025050517_a6bbad4a67bc3cebd1c6_72.png",
            "first_name": "",
            "real_name": "Jack Hollis-London",
            "display_name": "Jack Hollis-London",
            "team": "T028CNVFETF",
            "name": "s3585034",
            "is_restricted": false,
            "is_ultra_restricted": false
        },
        "blocks": [
            {
                "type": "rich_text",
                "block_id": "wmRqV",
                "elements": [
                    {
                        "type": "rich_text_section",
                        "elements": [
                            {
                                "type": "text",
                                "text": "oh sorry Im done now "
                            },
                            {
                                "type": "emoji",
                                "name": "sweat_smile"
                            }
                        ]
                    }
                ]
            }
        ]
    },
    {
        "client_msg_id": "d6053eb7-7e9a-4aa1-9345-9044083ef259",
        "type": "message",
        "text": "Maybe a story about filtering Book reports? So only including stats on books included, etc?",
        "user": "U028UDDAWAD",
        "ts": "1627439071.065100",
        "team": "T028CNVFETF",
        "user_team": "T028CNVFETF",
        "source_team": "T028CNVFETF",
        "user_profile": {
            "avatar_hash": "gbc659f0070f",
            "image_72": "https:\/\/secure.gravatar.com\/avatar\/bc659f0070f49e4d9ea463fb700c9f95.jpg?s=72&d=https%3A%2F%2Fa.slack-edge.com%2Fdf10d%2Fimg%2Favatars%2Fava_0021-72.png",
            "first_name": "Jacob",
            "real_name": "Jacob McEwan",
            "display_name": "Jacob McEwan",
            "team": "T028CNVFETF",
            "name": "s3841062",
            "is_restricted": false,
            "is_ultra_restricted": false
        },
        "blocks": [
            {
                "type": "rich_text",
                "block_id": "7u1",
                "elements": [
                    {
                        "type": "rich_text_section",
                        "elements": [
                            {
                                "type": "text",
                                "text": "Maybe a story about filtering Book reports? So only including stats on books included, etc?"
                            }
                        ]
                    }
                ]
            }
        ]
    },
    {
        "client_msg_id": "34488399-ffcf-4408-ba97-24dfa87d9716",
        "type": "message",
        "text": "what do you mean by only including stats on books included?",
        "user": "U028Q9GDXN3",
        "ts": "1627439165.065500",
        "team": "T028CNVFETF",
        "user_team": "T028CNVFETF",
        "source_team": "T028CNVFETF",
        "user_profile": {
            "avatar_hash": "a6bbad4a67bc",
            "image_72": "https:\/\/avatars.slack-edge.com\/2021-07-26\/2308025050517_a6bbad4a67bc3cebd1c6_72.png",
            "first_name": "",
            "real_name": "Jack Hollis-London",
            "display_name": "Jack Hollis-London",
            "team": "T028CNVFETF",
            "name": "s3585034",
            "is_restricted": false,
            "is_ultra_restricted": false
        },
        "blocks": [
            {
                "type": "rich_text",
                "block_id": "A\/hH",
                "elements": [
                    {
                        "type": "rich_text_section",
                        "elements": [
                            {
                                "type": "text",
                                "text": "what do you mean by only including stats on books included?"
                            }
                        ]
                    }
                ]
            }
        ]
    },
    {
        "client_msg_id": "85f4fb49-5b90-4955-b997-2be7fd39d007",
        "type": "message",
        "text": "oh I get it",
        "user": "U028Q9GDXN3",
        "ts": "1627439181.065700",
        "team": "T028CNVFETF",
        "user_team": "T028CNVFETF",
        "source_team": "T028CNVFETF",
        "user_profile": {
            "avatar_hash": "a6bbad4a67bc",
            "image_72": "https:\/\/avatars.slack-edge.com\/2021-07-26\/2308025050517_a6bbad4a67bc3cebd1c6_72.png",
            "first_name": "",
            "real_name": "Jack Hollis-London",
            "display_name": "Jack Hollis-London",
            "team": "T028CNVFETF",
            "name": "s3585034",
            "is_restricted": false,
            "is_ultra_restricted": false
        },
        "blocks": [
            {
                "type": "rich_text",
                "block_id": "t2y+5",
                "elements": [
                    {
                        "type": "rich_text_section",
                        "elements": [
                            {
                                "type": "text",
                                "text": "oh I get it"
                            }
                        ]
                    }
                ]
            }
        ]
    },
    {
        "client_msg_id": "178d4272-e357-4af7-b6c5-277b34ae3888",
        "type": "message",
        "text": "yeah that will do for now",
        "user": "U028Q9GDXN3",
        "ts": "1627439380.066200",
        "team": "T028CNVFETF",
        "user_team": "T028CNVFETF",
        "source_team": "T028CNVFETF",
        "user_profile": {
            "avatar_hash": "a6bbad4a67bc",
            "image_72": "https:\/\/avatars.slack-edge.com\/2021-07-26\/2308025050517_a6bbad4a67bc3cebd1c6_72.png",
            "first_name": "",
            "real_name": "Jack Hollis-London",
            "display_name": "Jack Hollis-London",
            "team": "T028CNVFETF",
            "name": "s3585034",
            "is_restricted": false,
            "is_ultra_restricted": false
        },
        "blocks": [
            {
                "type": "rich_text",
                "block_id": "H+HT",
                "elements": [
                    {
                        "type": "rich_text_section",
                        "elements": [
                            {
                                "type": "text",
                                "text": "yeah that will do for now"
                            }
                        ]
                    }
                ]
            }
        ],
        "reactions": [
            {
                "name": "+1",
                "users": [
                    "U028UDDAWAD"
                ],
                "count": 1
            }
        ]
    },
    {
        "client_msg_id": "791a7b31-61c0-4bc8-b314-c5b7498ac271",
        "type": "message",
        "text": "okay all stories assigned, we may reassign them once we figure out the time\/difficulty estimation for them.",
        "user": "U028Q9GDXN3",
        "ts": "1627439612.067700",
        "team": "T028CNVFETF",
        "user_team": "T028CNVFETF",
        "source_team": "T028CNVFETF",
        "user_profile": {
            "avatar_hash": "a6bbad4a67bc",
            "image_72": "https:\/\/avatars.slack-edge.com\/2021-07-26\/2308025050517_a6bbad4a67bc3cebd1c6_72.png",
            "first_name": "",
            "real_name": "Jack Hollis-London",
            "display_name": "Jack Hollis-London",
            "team": "T028CNVFETF",
            "name": "s3585034",
            "is_restricted": false,
            "is_ultra_restricted": false
        },
        "blocks": [
            {
                "type": "rich_text",
                "block_id": "4yK",
                "elements": [
                    {
                        "type": "rich_text_section",
                        "elements": [
                            {
                                "type": "text",
                                "text": "okay all stories assigned, we may reassign them once we figure out the time\/difficulty estimation for them."
                            }
                        ]
                    }
                ]
            }
        ]
    },
    {
        "client_msg_id": "b7aa98df-c639-40f9-929e-95195e85364f",
        "type": "message",
        "text": "in other words the story point estimate",
        "user": "U028Q9GDXN3",
        "ts": "1627439671.068200",
        "team": "T028CNVFETF",
        "user_team": "T028CNVFETF",
        "source_team": "T028CNVFETF",
        "user_profile": {
            "avatar_hash": "a6bbad4a67bc",
            "image_72": "https:\/\/avatars.slack-edge.com\/2021-07-26\/2308025050517_a6bbad4a67bc3cebd1c6_72.png",
            "first_name": "",
            "real_name": "Jack Hollis-London",
            "display_name": "Jack Hollis-London",
            "team": "T028CNVFETF",
            "name": "s3585034",
            "is_restricted": false,
            "is_ultra_restricted": false
        },
        "blocks": [
            {
                "type": "rich_text",
                "block_id": "EhZ0",
                "elements": [
                    {
                        "type": "rich_text_section",
                        "elements": [
                            {
                                "type": "text",
                                "text": "in other words the story point estimate"
                            }
                        ]
                    }
                ]
            }
        ]
    },
    {
        "client_msg_id": "992e2eb6-79ca-40ca-80d1-3c470231fab2",
        "type": "message",
        "text": "oh what if we use poker planning",
        "user": "U028Q9GDXN3",
        "ts": "1627444246.068500",
        "team": "T028CNVFETF",
        "user_team": "T028CNVFETF",
        "source_team": "T028CNVFETF",
        "user_profile": {
            "avatar_hash": "a6bbad4a67bc",
            "image_72": "https:\/\/avatars.slack-edge.com\/2021-07-26\/2308025050517_a6bbad4a67bc3cebd1c6_72.png",
            "first_name": "",
            "real_name": "Jack Hollis-London",
            "display_name": "Jack Hollis-London",
            "team": "T028CNVFETF",
            "name": "s3585034",
            "is_restricted": false,
            "is_ultra_restricted": false
        },
        "blocks": [
            {
                "type": "rich_text",
                "block_id": "yGdPV",
                "elements": [
                    {
                        "type": "rich_text_section",
                        "elements": [
                            {
                                "type": "text",
                                "text": "oh what if we use poker planning"
                            }
                        ]
                    }
                ]
            }
        ]
    },
    {
        "client_msg_id": "4b56f3e8-f0e6-4e16-bda7-906bb1c8060f",
        "type": "message",
        "text": "we'll need to arrange a meeting",
        "user": "U028Q9GDXN3",
        "ts": "1627444256.068800",
        "team": "T028CNVFETF",
        "user_team": "T028CNVFETF",
        "source_team": "T028CNVFETF",
        "user_profile": {
            "avatar_hash": "a6bbad4a67bc",
            "image_72": "https:\/\/avatars.slack-edge.com\/2021-07-26\/2308025050517_a6bbad4a67bc3cebd1c6_72.png",
            "first_name": "",
            "real_name": "Jack Hollis-London",
            "display_name": "Jack Hollis-London",
            "team": "T028CNVFETF",
            "name": "s3585034",
            "is_restricted": false,
            "is_ultra_restricted": false
        },
        "blocks": [
            {
                "type": "rich_text",
                "block_id": "w2C",
                "elements": [
                    {
                        "type": "rich_text_section",
                        "elements": [
                            {
                                "type": "text",
                                "text": "we'll need to arrange a meeting"
                            }
                        ]
                    }
                ]
            }
        ]
    },
    {
        "client_msg_id": "ac9c44b6-03d5-4187-ba81-36c544a1c01b",
        "type": "message",
        "text": "Yeah. It'll take some time so we'll need a large block",
        "user": "U028UDDAWAD",
        "ts": "1627444295.069300",
        "team": "T028CNVFETF",
        "user_team": "T028CNVFETF",
        "source_team": "T028CNVFETF",
        "user_profile": {
            "avatar_hash": "gbc659f0070f",
            "image_72": "https:\/\/secure.gravatar.com\/avatar\/bc659f0070f49e4d9ea463fb700c9f95.jpg?s=72&d=https%3A%2F%2Fa.slack-edge.com%2Fdf10d%2Fimg%2Favatars%2Fava_0021-72.png",
            "first_name": "Jacob",
            "real_name": "Jacob McEwan",
            "display_name": "Jacob McEwan",
            "team": "T028CNVFETF",
            "name": "s3841062",
            "is_restricted": false,
            "is_ultra_restricted": false
        },
        "blocks": [
            {
                "type": "rich_text",
                "block_id": "1zW",
                "elements": [
                    {
                        "type": "rich_text_section",
                        "elements": [
                            {
                                "type": "text",
                                "text": "Yeah. It'll take some time so we'll need a large block"
                            }
                        ]
                    }
                ]
            }
        ]
    },
    {
        "client_msg_id": "1e0ce960-2f33-4252-be2d-60f9eef96b46",
        "type": "message",
        "text": "Just looking at the timetable, thu fri seem best, I'm leaning towards friday because if we start earilier then we have time to run over without brushing up against classes. But if people have other commitments shout out",
        "user": "U028UDDAWAD",
        "ts": "1627444456.070700",
        "team": "T028CNVFETF",
        "user_team": "T028CNVFETF",
        "source_team": "T028CNVFETF",
        "user_profile": {
            "avatar_hash": "gbc659f0070f",
            "image_72": "https:\/\/secure.gravatar.com\/avatar\/bc659f0070f49e4d9ea463fb700c9f95.jpg?s=72&d=https%3A%2F%2Fa.slack-edge.com%2Fdf10d%2Fimg%2Favatars%2Fava_0021-72.png",
            "first_name": "Jacob",
            "real_name": "Jacob McEwan",
            "display_name": "Jacob McEwan",
            "team": "T028CNVFETF",
            "name": "s3841062",
            "is_restricted": false,
            "is_ultra_restricted": false
        },
        "blocks": [
            {
                "type": "rich_text",
                "block_id": "the",
                "elements": [
                    {
                        "type": "rich_text_section",
                        "elements": [
                            {
                                "type": "text",
                                "text": "Just looking at the timetable, thu fri seem best, I'm leaning towards friday because if we start earilier then we have time to run over without brushing up against classes. But if people have other commitments shout out"
                            }
                        ]
                    }
                ]
            }
        ]
    },
    {
        "client_msg_id": "0231dc5c-d2f9-4f71-9330-76eb97f298ae",
        "type": "message",
        "text": "yeah maybe we can use this tool for it <https:\/\/www.planningpoker.com\/>",
        "user": "U028Q9GDXN3",
        "ts": "1627444519.071000",
        "team": "T028CNVFETF",
        "user_team": "T028CNVFETF",
        "source_team": "T028CNVFETF",
        "user_profile": {
            "avatar_hash": "a6bbad4a67bc",
            "image_72": "https:\/\/avatars.slack-edge.com\/2021-07-26\/2308025050517_a6bbad4a67bc3cebd1c6_72.png",
            "first_name": "",
            "real_name": "Jack Hollis-London",
            "display_name": "Jack Hollis-London",
            "team": "T028CNVFETF",
            "name": "s3585034",
            "is_restricted": false,
            "is_ultra_restricted": false
        },
        "attachments": [
            {
                "service_name": "PlanningPoker.com",
                "title": "PlanningPoker.com - Estimates Made Easy. Sprints Made Simple.",
                "title_link": "https:\/\/www.planningpoker.com\/",
                "text": "Make agile estimating and planning fun, faster and more efficient with our sprint planning tool.",
                "fallback": "PlanningPoker.com: PlanningPoker.com - Estimates Made Easy. Sprints Made Simple.",
                "image_url": "https:\/\/s18313.pcdn.co\/wp-content\/uploads\/2016\/04\/comp-phone.png",
                "from_url": "https:\/\/www.planningpoker.com\/",
                "image_width": 227,
                "image_height": 250,
                "image_bytes": 148639,
                "service_icon": "https:\/\/www.planningpoker.com\/favicon.ico",
                "id": 1,
                "original_url": "https:\/\/www.planningpoker.com\/"
            }
        ],
        "blocks": [
            {
                "type": "rich_text",
                "block_id": "Jpm",
                "elements": [
                    {
                        "type": "rich_text_section",
                        "elements": [
                            {
                                "type": "text",
                                "text": "yeah maybe we can use this tool for it "
                            },
                            {
                                "type": "link",
                                "url": "https:\/\/www.planningpoker.com\/"
                            }
                        ]
                    }
                ]
            }
        ]
    },
    {
        "client_msg_id": "55fe2e64-621d-480f-91c6-1d673537a085",
        "type": "message",
        "text": "Yeah looks good",
        "user": "U028UDDAWAD",
        "ts": "1627444554.071300",
        "team": "T028CNVFETF",
        "user_team": "T028CNVFETF",
        "source_team": "T028CNVFETF",
        "user_profile": {
            "avatar_hash": "gbc659f0070f",
            "image_72": "https:\/\/secure.gravatar.com\/avatar\/bc659f0070f49e4d9ea463fb700c9f95.jpg?s=72&d=https%3A%2F%2Fa.slack-edge.com%2Fdf10d%2Fimg%2Favatars%2Fava_0021-72.png",
            "first_name": "Jacob",
            "real_name": "Jacob McEwan",
            "display_name": "Jacob McEwan",
            "team": "T028CNVFETF",
            "name": "s3841062",
            "is_restricted": false,
            "is_ultra_restricted": false
        },
        "blocks": [
            {
                "type": "rich_text",
                "block_id": "4y5NZ",
                "elements": [
                    {
                        "type": "rich_text_section",
                        "elements": [
                            {
                                "type": "text",
                                "text": "Yeah looks good"
                            }
                        ]
                    }
                ]
            }
        ]
    },
    {
        "client_msg_id": "9efb384c-594d-4ce1-83d5-404f2679ab85",
        "type": "message",
        "text": "i am working Thu, Fr 11:00-19:00, Sa 12:00-17:00, but can meet before or after",
        "user": "U02812J04H5",
        "ts": "1627445406.073300",
        "team": "T028CNVFETF",
        "user_team": "T028CNVFETF",
        "source_team": "T028CNVFETF",
        "user_profile": {
            "avatar_hash": "g9ff92d51e82",
            "image_72": "https:\/\/secure.gravatar.com\/avatar\/9ff92d51e820b2c762e345cf0c31cdb3.jpg?s=72&d=https%3A%2F%2Fa.slack-edge.com%2Fdf10d%2Fimg%2Favatars%2Fava_0020-72.png",
            "first_name": "",
            "real_name": "Moritz Hauptmann",
            "display_name": "Moritz Hauptmann",
            "team": "T028CNVFETF",
            "name": "s3851298",
            "is_restricted": false,
            "is_ultra_restricted": false
        },
        "blocks": [
            {
                "type": "rich_text",
                "block_id": "xtoOO",
                "elements": [
                    {
                        "type": "rich_text_section",
                        "elements": [
                            {
                                "type": "text",
                                "text": "i am working Thu, Fr 11:00-19:00, Sa 12:00-17:00, but can meet before or after"
                            }
                        ]
                    }
                ]
            }
        ]
    },
    {
        "client_msg_id": "0b614ff9-1b4b-4637-a56e-32c3e84529f3",
        "type": "message",
        "text": "Ok what about Sunday then? I know it's the weekend and a bit late, but we're probably best trying to avoid running overtime into classes. Otherwise after 19:30pm on Thursday or Friday.",
        "user": "U028UDDAWAD",
        "ts": "1627445849.074900",
        "team": "T028CNVFETF",
        "user_team": "T028CNVFETF",
        "source_team": "T028CNVFETF",
        "user_profile": {
            "avatar_hash": "gbc659f0070f",
            "image_72": "https:\/\/secure.gravatar.com\/avatar\/bc659f0070f49e4d9ea463fb700c9f95.jpg?s=72&d=https%3A%2F%2Fa.slack-edge.com%2Fdf10d%2Fimg%2Favatars%2Fava_0021-72.png",
            "first_name": "Jacob",
            "real_name": "Jacob McEwan",
            "display_name": "Jacob McEwan",
            "team": "T028CNVFETF",
            "name": "s3841062",
            "is_restricted": false,
            "is_ultra_restricted": false
        },
        "blocks": [
            {
                "type": "rich_text",
                "block_id": "6ohu",
                "elements": [
                    {
                        "type": "rich_text_section",
                        "elements": [
                            {
                                "type": "text",
                                "text": "Ok what about Sunday then? I know it's the weekend and a bit late, but we're probably best trying to avoid running overtime into classes. Otherwise after 19:30pm on Thursday or Friday."
                            }
                        ]
                    }
                ]
            }
        ]
    },
    {
        "client_msg_id": "2a996a4b-53b1-4904-90a2-73ce453bfca9",
        "type": "message",
        "text": "I can do thursday 1930pm or sunday",
        "user": "U028Q9GDXN3",
        "ts": "1627445930.075300",
        "team": "T028CNVFETF",
        "user_team": "T028CNVFETF",
        "source_team": "T028CNVFETF",
        "user_profile": {
            "avatar_hash": "a6bbad4a67bc",
            "image_72": "https:\/\/avatars.slack-edge.com\/2021-07-26\/2308025050517_a6bbad4a67bc3cebd1c6_72.png",
            "first_name": "",
            "real_name": "Jack Hollis-London",
            "display_name": "Jack Hollis-London",
            "team": "T028CNVFETF",
            "name": "s3585034",
            "is_restricted": false,
            "is_ultra_restricted": false
        },
        "blocks": [
            {
                "type": "rich_text",
                "block_id": "JTZ",
                "elements": [
                    {
                        "type": "rich_text_section",
                        "elements": [
                            {
                                "type": "text",
                                "text": "I can do thursday 1930pm or sunday"
                            }
                        ]
                    }
                ]
            }
        ]
    },
    {
        "client_msg_id": "2e801533-64b8-4830-9ddf-4aea8f98d6ca",
        "type": "message",
        "text": "also what should I group name be on canvas",
        "user": "U028Q9GDXN3",
        "ts": "1627447455.076800",
        "team": "T028CNVFETF",
        "user_team": "T028CNVFETF",
        "source_team": "T028CNVFETF",
        "user_profile": {
            "avatar_hash": "a6bbad4a67bc",
            "image_72": "https:\/\/avatars.slack-edge.com\/2021-07-26\/2308025050517_a6bbad4a67bc3cebd1c6_72.png",
            "first_name": "",
            "real_name": "Jack Hollis-London",
            "display_name": "Jack Hollis-London",
            "team": "T028CNVFETF",
            "name": "s3585034",
            "is_restricted": false,
            "is_ultra_restricted": false
        },
        "blocks": [
            {
                "type": "rich_text",
                "block_id": "a6uR",
                "elements": [
                    {
                        "type": "rich_text_section",
                        "elements": [
                            {
                                "type": "text",
                                "text": "also what should I group name be on canvas"
                            }
                        ]
                    }
                ]
            }
        ]
    },
    {
        "client_msg_id": "78847119-070b-4d29-b04d-9327bbdf668e",
        "type": "message",
        "text": "Mon1530 - Mohamad - &lt;&gt;",
        "user": "U028Q9GDXN3",
        "ts": "1627447467.077300",
        "team": "T028CNVFETF",
        "user_team": "T028CNVFETF",
        "source_team": "T028CNVFETF",
        "user_profile": {
            "avatar_hash": "a6bbad4a67bc",
            "image_72": "https:\/\/avatars.slack-edge.com\/2021-07-26\/2308025050517_a6bbad4a67bc3cebd1c6_72.png",
            "first_name": "",
            "real_name": "Jack Hollis-London",
            "display_name": "Jack Hollis-London",
            "team": "T028CNVFETF",
            "name": "s3585034",
            "is_restricted": false,
            "is_ultra_restricted": false
        },
        "blocks": [
            {
                "type": "rich_text",
                "block_id": "o+w2y",
                "elements": [
                    {
                        "type": "rich_text_section",
                        "elements": [
                            {
                                "type": "text",
                                "text": "Mon1530 - Mohamad - <>"
                            }
                        ]
                    }
                ]
            }
        ]
    },
    {
        "client_msg_id": "17aae437-1620-4144-a35f-935895ecdbe8",
        "type": "message",
        "text": "can we do Thursday a little bit later?",
        "user": "U02812J04H5",
        "ts": "1627447485.077500",
        "team": "T028CNVFETF",
        "user_team": "T028CNVFETF",
        "source_team": "T028CNVFETF",
        "user_profile": {
            "avatar_hash": "g9ff92d51e82",
            "image_72": "https:\/\/secure.gravatar.com\/avatar\/9ff92d51e820b2c762e345cf0c31cdb3.jpg?s=72&d=https%3A%2F%2Fa.slack-edge.com%2Fdf10d%2Fimg%2Favatars%2Fava_0020-72.png",
            "first_name": "",
            "real_name": "Moritz Hauptmann",
            "display_name": "Moritz Hauptmann",
            "team": "T028CNVFETF",
            "name": "s3851298",
            "is_restricted": false,
            "is_ultra_restricted": false
        },
        "blocks": [
            {
                "type": "rich_text",
                "block_id": "Mud8",
                "elements": [
                    {
                        "type": "rich_text_section",
                        "elements": [
                            {
                                "type": "text",
                                "text": "can we do Thursday a little bit later?"
                            }
                        ]
                    }
                ]
            }
        ]
    },
    {
        "client_msg_id": "d165ee3b-bf5b-4075-847f-ecf3adfac40a",
        "type": "message",
        "text": "like 20:00 to 20:15",
        "user": "U02812J04H5",
        "ts": "1627447513.078000",
        "team": "T028CNVFETF",
        "user_team": "T028CNVFETF",
        "source_team": "T028CNVFETF",
        "user_profile": {
            "avatar_hash": "g9ff92d51e82",
            "image_72": "https:\/\/secure.gravatar.com\/avatar\/9ff92d51e820b2c762e345cf0c31cdb3.jpg?s=72&d=https%3A%2F%2Fa.slack-edge.com%2Fdf10d%2Fimg%2Favatars%2Fava_0020-72.png",
            "first_name": "",
            "real_name": "Moritz Hauptmann",
            "display_name": "Moritz Hauptmann",
            "team": "T028CNVFETF",
            "name": "s3851298",
            "is_restricted": false,
            "is_ultra_restricted": false
        },
        "blocks": [
            {
                "type": "rich_text",
                "block_id": "k2j4",
                "elements": [
                    {
                        "type": "rich_text_section",
                        "elements": [
                            {
                                "type": "text",
                                "text": "like 20:00 to 20:15"
                            }
                        ]
                    }
                ]
            }
        ]
    },
    {
        "client_msg_id": "a6a277b5-7612-4eca-9c96-6792ab14fc2d",
        "type": "message",
        "text": "I don't mind",
        "user": "U028UDDAWAD",
        "ts": "1627447560.078500",
        "team": "T028CNVFETF",
        "user_team": "T028CNVFETF",
        "source_team": "T028CNVFETF",
        "user_profile": {
            "avatar_hash": "gbc659f0070f",
            "image_72": "https:\/\/secure.gravatar.com\/avatar\/bc659f0070f49e4d9ea463fb700c9f95.jpg?s=72&d=https%3A%2F%2Fa.slack-edge.com%2Fdf10d%2Fimg%2Favatars%2Fava_0021-72.png",
            "first_name": "Jacob",
            "real_name": "Jacob McEwan",
            "display_name": "Jacob McEwan",
            "team": "T028CNVFETF",
            "name": "s3841062",
            "is_restricted": false,
            "is_ultra_restricted": false
        },
        "blocks": [
            {
                "type": "rich_text",
                "block_id": "rIU",
                "elements": [
                    {
                        "type": "rich_text_section",
                        "elements": [
                            {
                                "type": "text",
                                "text": "I don't mind"
                            }
                        ]
                    }
                ]
            }
        ]
    },
    {
        "client_msg_id": "79fa983c-9fff-4c2a-b309-befaae7dac20",
        "type": "message",
        "text": "yeah thats fine",
        "user": "U028Q9GDXN3",
        "ts": "1627447585.078700",
        "team": "T028CNVFETF",
        "user_team": "T028CNVFETF",
        "source_team": "T028CNVFETF",
        "user_profile": {
            "avatar_hash": "a6bbad4a67bc",
            "image_72": "https:\/\/avatars.slack-edge.com\/2021-07-26\/2308025050517_a6bbad4a67bc3cebd1c6_72.png",
            "first_name": "",
            "real_name": "Jack Hollis-London",
            "display_name": "Jack Hollis-London",
            "team": "T028CNVFETF",
            "name": "s3585034",
            "is_restricted": false,
            "is_ultra_restricted": false
        },
        "blocks": [
            {
                "type": "rich_text",
                "block_id": "Z8X",
                "elements": [
                    {
                        "type": "rich_text_section",
                        "elements": [
                            {
                                "type": "text",
                                "text": "yeah thats fine"
                            }
                        ]
                    }
                ]
            }
        ]
    },
    {
        "client_msg_id": "bbfa4eed-6059-4259-9142-6158c580eff4",
        "type": "message",
        "text": "for the Acceptance criteria we need to use the given\/when\/then template right?",
        "user": "U02812J04H5",
        "ts": "1627453261.079400",
        "team": "T028CNVFETF",
        "user_team": "T028CNVFETF",
        "source_team": "T028CNVFETF",
        "user_profile": {
            "avatar_hash": "g9ff92d51e82",
            "image_72": "https:\/\/secure.gravatar.com\/avatar\/9ff92d51e820b2c762e345cf0c31cdb3.jpg?s=72&d=https%3A%2F%2Fa.slack-edge.com%2Fdf10d%2Fimg%2Favatars%2Fava_0020-72.png",
            "first_name": "",
            "real_name": "Moritz Hauptmann",
            "display_name": "Moritz Hauptmann",
            "team": "T028CNVFETF",
            "name": "s3851298",
            "is_restricted": false,
            "is_ultra_restricted": false
        },
        "blocks": [
            {
                "type": "rich_text",
                "block_id": "IVJ",
                "elements": [
                    {
                        "type": "rich_text_section",
                        "elements": [
                            {
                                "type": "text",
                                "text": "for the Acceptance criteria we need to use the given\/when\/then template right?"
                            }
                        ]
                    }
                ]
            }
        ]
    },
    {
        "client_msg_id": "8d95bab8-a8a8-4f83-9c50-071e10c85d28",
        "type": "message",
        "text": "whats that",
        "user": "U028Q9GDXN3",
        "ts": "1627453278.079800",
        "team": "T028CNVFETF",
        "user_team": "T028CNVFETF",
        "source_team": "T028CNVFETF",
        "user_profile": {
            "avatar_hash": "a6bbad4a67bc",
            "image_72": "https:\/\/avatars.slack-edge.com\/2021-07-26\/2308025050517_a6bbad4a67bc3cebd1c6_72.png",
            "first_name": "",
            "real_name": "Jack Hollis-London",
            "display_name": "Jack Hollis-London",
            "team": "T028CNVFETF",
            "name": "s3585034",
            "is_restricted": false,
            "is_ultra_restricted": false
        },
        "blocks": [
            {
                "type": "rich_text",
                "block_id": "GNe7d",
                "elements": [
                    {
                        "type": "rich_text_section",
                        "elements": [
                            {
                                "type": "text",
                                "text": "whats that"
                            }
                        ]
                    }
                ]
            }
        ]
    },
    {
        "client_msg_id": "62182d24-e3ce-4463-a85d-242117574c1c",
        "type": "message",
        "text": "I'd assume so, I haven't hear mention of any others.",
        "user": "U028UDDAWAD",
        "ts": "1627453298.080100",
        "team": "T028CNVFETF",
        "user_team": "T028CNVFETF",
        "source_team": "T028CNVFETF",
        "user_profile": {
            "avatar_hash": "gbc659f0070f",
            "image_72": "https:\/\/secure.gravatar.com\/avatar\/bc659f0070f49e4d9ea463fb700c9f95.jpg?s=72&d=https%3A%2F%2Fa.slack-edge.com%2Fdf10d%2Fimg%2Favatars%2Fava_0021-72.png",
            "first_name": "Jacob",
            "real_name": "Jacob McEwan",
            "display_name": "Jacob McEwan",
            "team": "T028CNVFETF",
            "name": "s3841062",
            "is_restricted": false,
            "is_ultra_restricted": false
        },
        "blocks": [
            {
                "type": "rich_text",
                "block_id": "jMnaP",
                "elements": [
                    {
                        "type": "rich_text_section",
                        "elements": [
                            {
                                "type": "text",
                                "text": "I'd assume so, I haven't hear mention of any others."
                            }
                        ]
                    }
                ]
            }
        ]
    },
    {
        "client_msg_id": "dec2cf64-7cca-46a2-83e1-6a7560f22010",
        "type": "message",
        "text": "<https:\/\/www.altexsoft.com\/blog\/business\/acceptance-criteria-purposes-formats-and-best-practices\/>",
        "user": "U02812J04H5",
        "ts": "1627453299.080300",
        "team": "T028CNVFETF",
        "user_team": "T028CNVFETF",
        "source_team": "T028CNVFETF",
        "user_profile": {
            "avatar_hash": "g9ff92d51e82",
            "image_72": "https:\/\/secure.gravatar.com\/avatar\/9ff92d51e820b2c762e345cf0c31cdb3.jpg?s=72&d=https%3A%2F%2Fa.slack-edge.com%2Fdf10d%2Fimg%2Favatars%2Fava_0020-72.png",
            "first_name": "",
            "real_name": "Moritz Hauptmann",
            "display_name": "Moritz Hauptmann",
            "team": "T028CNVFETF",
            "name": "s3851298",
            "is_restricted": false,
            "is_ultra_restricted": false
        },
        "attachments": [
            {
                "service_name": "AltexSoft",
                "title": "Acceptance Criteria for User Stories: Purposes, Formats, Examples, and Best Practices",
                "title_link": "https:\/\/www.altexsoft.com\/blog\/business\/acceptance-criteria-purposes-formats-and-best-practices\/",
                "text": "Imagine that you ask your development team to enable users to search for a product in an online bookstore by categories. You expect to have a clear interface wi",
                "fallback": "AltexSoft: Acceptance Criteria for User Stories: Purposes, Formats, Examples, and Best Practices",
                "thumb_url": "https:\/\/content.altexsoft.com\/media\/2018\/07\/Acceptance-criteria-Purposes-Formats-and-Best-Practices-1024x467.jpg",
                "from_url": "https:\/\/www.altexsoft.com\/blog\/business\/acceptance-criteria-purposes-formats-and-best-practices\/",
                "thumb_width": 1024,
                "thumb_height": 467,
                "service_icon": "https:\/\/content.altexsoft.com\/media\/2015\/10\/cropped-favicon-300x300.png",
                "id": 1,
                "original_url": "https:\/\/www.altexsoft.com\/blog\/business\/acceptance-criteria-purposes-formats-and-best-practices\/"
            }
        ],
        "blocks": [
            {
                "type": "rich_text",
                "block_id": "ycM",
                "elements": [
                    {
                        "type": "rich_text_section",
                        "elements": [
                            {
                                "type": "link",
                                "url": "https:\/\/www.altexsoft.com\/blog\/business\/acceptance-criteria-purposes-formats-and-best-practices\/"
                            }
                        ]
                    }
                ]
            }
        ],
        "reactions": [
            {
                "name": "raised_hands",
                "users": [
                    "U028Q9GDXN3"
                ],
                "count": 1
            }
        ]
    }
]