[
{
    "id": "C028CNVGG5T",
    "name": "random",
    "created": 1626683009,
    "creator": "U028UDDAWAD",
    "is_archived": false,
    "is_general": false,
    "members": [
        "U02812J04H5",
        "U028FPSLFK4",
        "U028Q9GDXN3",
        "U028UDDAWAD"
    ],
    "topic": {
        "value": "",
        "creator": "",
        "last_set": 0
    },
    "purpose": {
        "value": "This channel is for... well, everything else. It’s a place for team jokes, spur-of-the-moment ideas, and funny GIFs. Go wild!",
        "creator": "U028UDDAWAD",
        "last_set": 1626683009
    }
},
{
    "id": "C028FPH7R0S",
    "name": "general",
    "created": 1626683009,
    "creator": "U028UDDAWAD",
    "is_archived": false,
    "is_general": true,
    "members": [
        "U02812J04H5",
        "U028FPSLFK4",
        "U028Q9GDXN3",
        "U028UDDAWAD"
    ],
    "topic": {
        "value": "",
        "creator": "",
        "last_set": 0
    },
    "purpose": {
        "value": "This is the one channel that will always include everyone. It’s a great spot for announcements and team-wide conversations.",
        "creator": "U028UDDAWAD",
        "last_set": 1626683009
    }
},
{
    "id": "C028G05M67M",
    "name": "milestone-1",
    "created": 1626683061,
    "creator": "U028UDDAWAD",
    "is_archived": false,
    "is_general": false,
    "members": [
        "U02812J04H5",
        "U028FPSLFK4",
        "U028Q9GDXN3",
        "U028UDDAWAD"
    ],
    "topic": {
        "value": "",
        "creator": "",
        "last_set": 0
    },
    "purpose": {
        "value": "This *channel* is for working on a project. Hold meetings, share docs, and make decisions together with your team.",
        "creator": "U028UDDAWAD",
        "last_set": 1626683061
    }
},
{
    "id": "C029BMP61HS",
    "name": "meetings",
    "created": 1627294478,
    "creator": "U028UDDAWAD",
    "is_archived": false,
    "is_general": false,
    "members": [
        "U02812J04H5",
        "U028FPSLFK4",
        "U028Q9GDXN3",
        "U028UDDAWAD"
    ],
    "topic": {
        "value": "",
        "creator": "",
        "last_set": 0
    },
    "purpose": {
        "value": "A channel for meeting reminders",
        "creator": "U028UDDAWAD",
        "last_set": 1627294478
    }
},
{
    "id": "C02ARPL2TE0",
    "name": "tutor-questions",
    "created": 1628493928,
    "creator": "U028UDDAWAD",
    "is_archived": false,
    "is_general": false,
    "members": [
        "U02812J04H5",
        "U028FPSLFK4",
        "U028Q9GDXN3",
        "U028UDDAWAD"
    ],
    "topic": {
        "value": "",
        "creator": "",
        "last_set": 0
    },
    "purpose": {
        "value": "A place to put questions for the tutor. We can add the answers when we get them \/ discuss if we need to ask them.",
        "creator": "U028UDDAWAD",
        "last_set": 1628493928
    }
}
]