[
{"id":"U02812J04H5","team_id":"T028CNVFETF","name":"s3851298","deleted":false,"color":"4bbe2e","real_name":"Moritz Hauptmann","tz":"Australia\/Canberra","tz_label":"Australian Eastern Standard Time","tz_offset":36000,"profile":{"title":"","phone":"","skype":"","real_name":"Moritz Hauptmann","real_name_normalized":"Moritz Hauptmann","display_name":"Moritz Hauptmann","display_name_normalized":"Moritz Hauptmann","fields":null,"status_text":"","status_emoji":"","status_expiration":0,"avatar_hash":"g9ff92d51e82","email":"s3851298@student.rmit.edu.au","image_24":"https:\/\/secure.gravatar.com\/avatar\/9ff92d51e820b2c762e345cf0c31cdb3.jpg?s=24&d=https%3A%2F%2Fa.slack-edge.com%2Fdf10d%2Fimg%2Favatars%2Fava_0020-24.png","image_32":"https:\/\/secure.gravatar.com\/avatar\/9ff92d51e820b2c762e345cf0c31cdb3.jpg?s=32&d=https%3A%2F%2Fa.slack-edge.com%2Fdf10d%2Fimg%2Favatars%2Fava_0020-32.png","image_48":"https:\/\/secure.gravatar.com\/avatar\/9ff92d51e820b2c762e345cf0c31cdb3.jpg?s=48&d=https%3A%2F%2Fa.slack-edge.com%2Fdf10d%2Fimg%2Favatars%2Fava_0020-48.png","image_72":"https:\/\/secure.gravatar.com\/avatar\/9ff92d51e820b2c762e345cf0c31cdb3.jpg?s=72&d=https%3A%2F%2Fa.slack-edge.com%2Fdf10d%2Fimg%2Favatars%2Fava_0020-72.png","image_192":"https:\/\/secure.gravatar.com\/avatar\/9ff92d51e820b2c762e345cf0c31cdb3.jpg?s=192&d=https%3A%2F%2Fa.slack-edge.com%2Fdf10d%2Fimg%2Favatars%2Fava_0020-192.png","image_512":"https:\/\/secure.gravatar.com\/avatar\/9ff92d51e820b2c762e345cf0c31cdb3.jpg?s=512&d=https%3A%2F%2Fa.slack-edge.com%2Fdf10d%2Fimg%2Favatars%2Fava_0020-512.png","status_text_canonical":"","team":"T028CNVFETF"},"is_admin":false,"is_owner":false,"is_primary_owner":false,"is_restricted":false,"is_ultra_restricted":false,"is_bot":false,"is_app_user":false,"updated":1626683276,"is_email_confirmed":true},
{"id":"U028FPSLFK4","team_id":"T028CNVFETF","name":"s3843573","deleted":false,"color":"3c989f","real_name":"Ming Dong","tz":"Australia\/Canberra","tz_label":"Australian Eastern Standard Time","tz_offset":36000,"profile":{"title":"","phone":"","skype":"","real_name":"Ming Dong","real_name_normalized":"Ming Dong","display_name":"Ming Dong","display_name_normalized":"Ming Dong","fields":null,"status_text":"","status_emoji":"","status_expiration":0,"avatar_hash":"g92faf8c7cb1","email":"s3843573@student.rmit.edu.au","image_24":"https:\/\/secure.gravatar.com\/avatar\/92faf8c7cb15b0d6ca7ed71eeba8f20b.jpg?s=24&d=https%3A%2F%2Fa.slack-edge.com%2Fdf10d%2Fimg%2Favatars%2Fava_0022-24.png","image_32":"https:\/\/secure.gravatar.com\/avatar\/92faf8c7cb15b0d6ca7ed71eeba8f20b.jpg?s=32&d=https%3A%2F%2Fa.slack-edge.com%2Fdf10d%2Fimg%2Favatars%2Fava_0022-32.png","image_48":"https:\/\/secure.gravatar.com\/avatar\/92faf8c7cb15b0d6ca7ed71eeba8f20b.jpg?s=48&d=https%3A%2F%2Fa.slack-edge.com%2Fdf10d%2Fimg%2Favatars%2Fava_0022-48.png","image_72":"https:\/\/secure.gravatar.com\/avatar\/92faf8c7cb15b0d6ca7ed71eeba8f20b.jpg?s=72&d=https%3A%2F%2Fa.slack-edge.com%2Fdf10d%2Fimg%2Favatars%2Fava_0022-72.png","image_192":"https:\/\/secure.gravatar.com\/avatar\/92faf8c7cb15b0d6ca7ed71eeba8f20b.jpg?s=192&d=https%3A%2F%2Fa.slack-edge.com%2Fdf10d%2Fimg%2Favatars%2Fava_0022-192.png","image_512":"https:\/\/secure.gravatar.com\/avatar\/92faf8c7cb15b0d6ca7ed71eeba8f20b.jpg?s=512&d=https%3A%2F%2Fa.slack-edge.com%2Fdf10d%2Fimg%2Favatars%2Fava_0022-512.png","status_text_canonical":"","team":"T028CNVFETF"},"is_admin":false,"is_owner":false,"is_primary_owner":false,"is_restricted":false,"is_ultra_restricted":false,"is_bot":false,"is_app_user":false,"updated":1626683238,"is_email_confirmed":true},
{"id":"U028G0C9ZM1","team_id":"T028CNVFETF","name":"s3802327","deleted":true,"profile":{"title":"","phone":"","skype":"","real_name":"Smit Bhatti","real_name_normalized":"Smit Bhatti","display_name":"","display_name_normalized":"","fields":null,"status_text":"","status_emoji":"","status_expiration":0,"avatar_hash":"g9831096f265","email":"s3802327@student.rmit.edu.au","image_24":"https:\/\/secure.gravatar.com\/avatar\/9831096f2651c993b140eaa34b673acc.jpg?s=24&d=https%3A%2F%2Fa.slack-edge.com%2Fdf10d%2Fimg%2Favatars%2Fava_0001-24.png","image_32":"https:\/\/secure.gravatar.com\/avatar\/9831096f2651c993b140eaa34b673acc.jpg?s=32&d=https%3A%2F%2Fa.slack-edge.com%2Fdf10d%2Fimg%2Favatars%2Fava_0001-32.png","image_48":"https:\/\/secure.gravatar.com\/avatar\/9831096f2651c993b140eaa34b673acc.jpg?s=48&d=https%3A%2F%2Fa.slack-edge.com%2Fdf10d%2Fimg%2Favatars%2Fava_0001-48.png","image_72":"https:\/\/secure.gravatar.com\/avatar\/9831096f2651c993b140eaa34b673acc.jpg?s=72&d=https%3A%2F%2Fa.slack-edge.com%2Fdf10d%2Fimg%2Favatars%2Fava_0001-72.png","image_192":"https:\/\/secure.gravatar.com\/avatar\/9831096f2651c993b140eaa34b673acc.jpg?s=192&d=https%3A%2F%2Fa.slack-edge.com%2Fdf10d%2Fimg%2Favatars%2Fava_0001-192.png","image_512":"https:\/\/secure.gravatar.com\/avatar\/9831096f2651c993b140eaa34b673acc.jpg?s=512&d=https%3A%2F%2Fa.slack-edge.com%2Fdf10d%2Fimg%2Favatars%2Fava_0001-512.png","status_text_canonical":"","team":"T028CNVFETF"},"is_bot":false,"is_app_user":false,"updated":1627345788},
{"id":"U028Q9GDXN3","team_id":"T028CNVFETF","name":"s3585034","deleted":false,"color":"674b1b","real_name":"Jack Hollis-London","tz":"Australia\/Canberra","tz_label":"Australian Eastern Standard Time","tz_offset":36000,"profile":{"title":"","phone":"","skype":"","real_name":"Jack Hollis-London","real_name_normalized":"Jack Hollis-London","display_name":"Jack Hollis-London","display_name_normalized":"Jack Hollis-London","fields":null,"status_text":"","status_emoji":"","status_expiration":0,"avatar_hash":"a6bbad4a67bc","image_original":"https:\/\/avatars.slack-edge.com\/2021-07-26\/2308025050517_a6bbad4a67bc3cebd1c6_original.png","is_custom_image":true,"email":"s3585034@student.rmit.edu.au","image_24":"https:\/\/avatars.slack-edge.com\/2021-07-26\/2308025050517_a6bbad4a67bc3cebd1c6_24.png","image_32":"https:\/\/avatars.slack-edge.com\/2021-07-26\/2308025050517_a6bbad4a67bc3cebd1c6_32.png","image_48":"https:\/\/avatars.slack-edge.com\/2021-07-26\/2308025050517_a6bbad4a67bc3cebd1c6_48.png","image_72":"https:\/\/avatars.slack-edge.com\/2021-07-26\/2308025050517_a6bbad4a67bc3cebd1c6_72.png","image_192":"https:\/\/avatars.slack-edge.com\/2021-07-26\/2308025050517_a6bbad4a67bc3cebd1c6_192.png","image_512":"https:\/\/avatars.slack-edge.com\/2021-07-26\/2308025050517_a6bbad4a67bc3cebd1c6_512.png","image_1024":"https:\/\/avatars.slack-edge.com\/2021-07-26\/2308025050517_a6bbad4a67bc3cebd1c6_1024.png","status_text_canonical":"","team":"T028CNVFETF"},"is_admin":false,"is_owner":false,"is_primary_owner":false,"is_restricted":false,"is_ultra_restricted":false,"is_bot":false,"is_app_user":false,"updated":1627285641,"is_email_confirmed":true},
{"id":"U028QCVRWTZ","team_id":"T028CNVFETF","name":"jirabot","deleted":false,"color":"e96699","real_name":"Jira","tz":"America\/Los_Angeles","tz_label":"Pacific Daylight Time","tz_offset":-25200,"profile":{"title":"","phone":"","skype":"","real_name":"Jira","real_name_normalized":"Jira","display_name":"","display_name_normalized":"","fields":null,"status_text":"","status_emoji":"","status_expiration":0,"avatar_hash":"249126cbad39","api_app_id":"A2RPP3NFR","always_active":true,"image_original":"https:\/\/avatars.slack-edge.com\/2021-07-26\/2308139157589_249126cbad393c2a9306_original.png","is_custom_image":true,"bot_id":"B02954Q1X7U","image_24":"https:\/\/avatars.slack-edge.com\/2021-07-26\/2308139157589_249126cbad393c2a9306_24.png","image_32":"https:\/\/avatars.slack-edge.com\/2021-07-26\/2308139157589_249126cbad393c2a9306_32.png","image_48":"https:\/\/avatars.slack-edge.com\/2021-07-26\/2308139157589_249126cbad393c2a9306_48.png","image_72":"https:\/\/avatars.slack-edge.com\/2021-07-26\/2308139157589_249126cbad393c2a9306_72.png","image_192":"https:\/\/avatars.slack-edge.com\/2021-07-26\/2308139157589_249126cbad393c2a9306_192.png","image_512":"https:\/\/avatars.slack-edge.com\/2021-07-26\/2308139157589_249126cbad393c2a9306_512.png","image_1024":"https:\/\/avatars.slack-edge.com\/2021-07-26\/2308139157589_249126cbad393c2a9306_1024.png","status_text_canonical":"","team":"T028CNVFETF"},"is_admin":false,"is_owner":false,"is_primary_owner":false,"is_restricted":false,"is_ultra_restricted":false,"is_bot":true,"is_app_user":false,"updated":1627287680,"is_email_confirmed":false},
{"id":"U028UDDAWAD","team_id":"T028CNVFETF","name":"s3841062","deleted":false,"color":"9f69e7","real_name":"Jacob McEwan","tz":"Australia\/Canberra","tz_label":"Australian Eastern Standard Time","tz_offset":36000,"profile":{"title":"","phone":"","skype":"","real_name":"Jacob McEwan","real_name_normalized":"Jacob McEwan","display_name":"Jacob McEwan","display_name_normalized":"Jacob McEwan","fields":[],"status_text":"","status_emoji":"","status_expiration":0,"avatar_hash":"gbc659f0070f","email":"s3841062@student.rmit.edu.au","first_name":"Jacob","last_name":"McEwan","image_24":"https:\/\/secure.gravatar.com\/avatar\/bc659f0070f49e4d9ea463fb700c9f95.jpg?s=24&d=https%3A%2F%2Fa.slack-edge.com%2Fdf10d%2Fimg%2Favatars%2Fava_0021-24.png","image_32":"https:\/\/secure.gravatar.com\/avatar\/bc659f0070f49e4d9ea463fb700c9f95.jpg?s=32&d=https%3A%2F%2Fa.slack-edge.com%2Fdf10d%2Fimg%2Favatars%2Fava_0021-32.png","image_48":"https:\/\/secure.gravatar.com\/avatar\/bc659f0070f49e4d9ea463fb700c9f95.jpg?s=48&d=https%3A%2F%2Fa.slack-edge.com%2Fdf10d%2Fimg%2Favatars%2Fava_0021-48.png","image_72":"https:\/\/secure.gravatar.com\/avatar\/bc659f0070f49e4d9ea463fb700c9f95.jpg?s=72&d=https%3A%2F%2Fa.slack-edge.com%2Fdf10d%2Fimg%2Favatars%2Fava_0021-72.png","image_192":"https:\/\/secure.gravatar.com\/avatar\/bc659f0070f49e4d9ea463fb700c9f95.jpg?s=192&d=https%3A%2F%2Fa.slack-edge.com%2Fdf10d%2Fimg%2Favatars%2Fava_0021-192.png","image_512":"https:\/\/secure.gravatar.com\/avatar\/bc659f0070f49e4d9ea463fb700c9f95.jpg?s=512&d=https%3A%2F%2Fa.slack-edge.com%2Fdf10d%2Fimg%2Favatars%2Fava_0021-512.png","status_text_canonical":"","team":"T028CNVFETF"},"is_admin":true,"is_owner":true,"is_primary_owner":true,"is_restricted":false,"is_ultra_restricted":false,"is_bot":false,"is_app_user":false,"updated":1627285671,"is_email_confirmed":true},
{"id":"U029SFSR725","team_id":"T028CNVFETF","name":"github","deleted":false,"color":"e0a729","real_name":"GitHub","tz":"America\/Los_Angeles","tz_label":"Pacific Daylight Time","tz_offset":-25200,"profile":{"title":"","phone":"","skype":"","real_name":"GitHub","real_name_normalized":"GitHub","display_name":"","display_name_normalized":"","fields":null,"status_text":"","status_emoji":"","status_expiration":0,"avatar_hash":"c6f156471c28","api_app_id":"A01BP7R4KNY","always_active":false,"image_original":"https:\/\/avatars.slack-edge.com\/2021-07-27\/2326094497476_c6f156471c2860a6407f_original.png","is_custom_image":true,"bot_id":"B02A3G6GDNC","image_24":"https:\/\/avatars.slack-edge.com\/2021-07-27\/2326094497476_c6f156471c2860a6407f_24.png","image_32":"https:\/\/avatars.slack-edge.com\/2021-07-27\/2326094497476_c6f156471c2860a6407f_32.png","image_48":"https:\/\/avatars.slack-edge.com\/2021-07-27\/2326094497476_c6f156471c2860a6407f_48.png","image_72":"https:\/\/avatars.slack-edge.com\/2021-07-27\/2326094497476_c6f156471c2860a6407f_72.png","image_192":"https:\/\/avatars.slack-edge.com\/2021-07-27\/2326094497476_c6f156471c2860a6407f_192.png","image_512":"https:\/\/avatars.slack-edge.com\/2021-07-27\/2326094497476_c6f156471c2860a6407f_512.png","image_1024":"https:\/\/avatars.slack-edge.com\/2021-07-27\/2326094497476_c6f156471c2860a6407f_1024.png","status_text_canonical":"","team":"T028CNVFETF"},"is_admin":false,"is_owner":false,"is_primary_owner":false,"is_restricted":false,"is_ultra_restricted":false,"is_bot":true,"is_app_user":false,"updated":1627452677,"is_email_confirmed":false}
]