[
{
    "id": "C028FPH7R0S",
    "name": "general",
    "created": 1626683009,
    "creator": "U028UDDAWAD",
    "is_archived": false,
    "is_general": true,
    "members": [
        "U02812J04H5",
        "U028FPSLFK4",
        "U028Q9GDXN3",
        "U028UDDAWAD"
    ],
    "pins": [
        {
            "id": "1633253076.012200",
            "type": "C",
            "created": 1634005519,
            "user": "U028UDDAWAD",
            "owner": "U028Q9GDXN3"
        }
    ],
    "topic": {
        "value": "",
        "creator": "",
        "last_set": 0
    },
    "purpose": {
        "value": "This is the one channel that will always include everyone. It’s a great spot for announcements and team-wide conversations.",
        "creator": "U028UDDAWAD",
        "last_set": 1626683009
    }
}
]