[
{"user_id":"U02812J04H5","user_name":"s3851298","date":"1627452675","change_type":"added","app_type":"GitHub","app_id":"A01BP7R4KNY"},
{"user_id":"U02812J04H5","user_name":"s3851298","date":"1627452537","change_type":"added","app_type":"Jira Cloud","app_id":"A2RPP3NFR","scope":"identify,channels:read,groups:read,im:read,mpim:read,channels:write,groups:write,links:read,links:write"},
{"user_id":"U028FPSLFK4","user_name":"s3843573","date":"1627287860","change_type":"expanded","app_type":"Jira Cloud","app_id":"A2RPP3NFR"},
{"user_id":"U028FPSLFK4","user_name":"s3843573","date":"1627287860","change_type":"added","app_type":"Jira Cloud","app_id":"A2RPP3NFR","scope":"identify,channels:read,groups:read,im:read,mpim:read,channels:write,groups:write,links:read,links:write"},
{"user_id":"U028Q9GDXN3","user_name":"s3585034","date":"1627287677","change_type":"added","app_type":"Jira Cloud","app_id":"A2RPP3NFR"},
{"user_id":"U028Q9GDXN3","user_name":"s3585034","date":"1627287676","change_type":"added","app_type":"Jira Cloud","app_id":"A2RPP3NFR","scope":"identify,channels:read,groups:read,im:read,mpim:read,channels:write,groups:write,links:read,links:write"}
]